ID,대륙,여행지,기후,수질(경수/연수),별점,성별,나이,직업,피부타입,체감온도,습도,추천 화장품,추천 메이크업,추천 스킨케어,리뷰 내용
yeji_life,아시아,싱가포르,열대기후,연수,★★★★★,여성,27,마케터,지성,34°C (체감),85%,"피지 컨트롤 파우더, 워터프루프 선크림, 미스트","베이스는 얇게, 픽싱 스프레이로 마무리해 번들거림 방지. 아이라이너는 워터프루프 필수.","저녁에 이중세안 필수, 가벼운 젤 타입 로션 위주로 유수분 밸런스 유지.",습도가 높아서 파운데이션이 계속 뜨더라고요. 워터프루프 제품 없이는 3시간도 못 버텼어요.
funtraveler_world,아시아,싱가포르,열대기후,연수,★★★☆☆,남성,34,회사원,복합성,33°C (체감),80%,"선크림 SPF50+, 블로팅 페이퍼, 쿨링 토너","남성용 톤업크림 정도만 가볍게, 유분 많은 제품은 피하기.","외출 전후 블로팅 페이퍼로 피지 제거, 쿨링 토너로 진정.",야외 일정이 많았는데 선크림 안 바르면 바로 붉어졌어요. 자주 덧발라야 합니다.
backpacklife_daily,아시아,싱가포르,열대기후,연수,★★★★☆,여성,22,대학생,건성,32°C (체감),78%,"수분 세럼, 저자극 선크림, 쿠션 팩트","쿠션은 촉촉 타입으로, 하이라이터는 최소화.",에어컨 실내가 많아 건조해지기 쉬우니 수분 세럼 필수 휴대.,실내는 에어컨 때문에 건조하고 밖은 습해서 피부가 오락가락했어요.
backpacklife_ing,아시아,싱가포르,열대기후,연수,★★★★☆,남성,41,자영업,민감성,35°C (체감),82%,"저자극 선크림, 진정 스프레이, 쿨링 시트마스크","메이크업은 생략 권장, 톤업 선크림으로 대체.","자외선 노출 후 진정 스프레이로 즉시 쿨링, 저녁엔 시트마스크로 진정 케어.",더위에 피부가 예민해져서 평소 안 쓰던 진정 제품을 계속 챙겨 발랐어요.
sensitiveskin_love,아시아,싱가포르,열대기후,연수,★★★★★,여성,30,디자이너,지성,34°C (체감),83%,"매트 선크림, 픽싱 스프레이, 유분 흡수 패드",매트 베이스 + 픽싱 스프레이 조합으로 지속력 강화.,"낮 동안 유분 흡수 패드로 T존 관리, 밤엔 클레이 마스크 추천.",사진 찍을 일이 많았는데 매트 선크림 덕분에 오래 유지됐어요.
glowup_diary,아시아,일본,온대기후,연수,★★★☆☆,여성,26,간호사,건성,18°C (체감),55%,"고보습 크림, 립밤, 수분 앰플",촉촉한 쿠션과 크림 블러셔로 생기 있는 룩 연출.,건조한 날씨라 고보습 크림과 앰플로 수분 층 강화.,가을 날씨라 입술이 자주 텄어요. 립밤 없이는 하루도 못 버텼습니다.
coolbreeze07,아시아,일본,온대기후,연수,★★★☆☆,남성,29,IT개발자,복합성,20°C (체감),58%,"올인원 로션, 선크림, 미스트",가벼운 톤업로션 정도로 자연스럽게.,환절기 피부라 올인원 로션으로 간편하게 보습 유지.,일교차가 커서 아침저녁으로 피부 컨디션이 달랐어요.
hyejin_92,아시아,일본,온대기후,연수,★★★★☆,여성,33,교사,민감성,16°C (체감),50%,"저자극 크림, 진정 토너, 수분 마스크팩","저자극 톤업크림 위주, 색조는 최소화.",일교차로 예민해진 피부에 저자극 진정 라인 사용 권장.,건조하고 쌀쌀해서 얼굴이 당기고 붉어지는 느낌이 있었어요.
areum23,아시아,일본,온대기후,연수,★★★★☆,남성,45,사업가,지성,22°C (체감),60%,"산뜻한 로션, 선크림, 블로팅 페이퍼","가벼운 산뜻한 로션 타입 선호, 유분 적은 제품 위주.",낮 동안 블로팅 페이퍼로 피지 관리.,날씨는 선선했는데 실내 난방 때문에 오히려 번들거렸어요.
sora_k,아시아,일본,온대기후,연수,★★★★★,여성,24,승무원,복합성,19°C (체감),52%,"수분 크림, 립틴트, 선쿠션",촉촉한 선쿠션 + 립틴트로 화사한 인상 연출.,건조함 방지를 위해 수분 크림 두껍게 레이어링.,실내외 온도차가 커서 수분크림을 자주 덧발라야 했어요.
clearskin_log,유럽,이탈리아,온대기후,경수,★★★★★,여성,31,회계사,건성,29°C (체감),40%,"고보습 선크림, 미스트, 영양 크림",촉촉한 베이스에 크림 타입 블러셔로 생기 부여.,건조한 지중해성 기후라 미스트를 수시로 뿌려 수분 보충.,덥긴 한데 습도가 낮아서 피부가 건조해지고 당겼어요.
barefaced_vibe,유럽,이탈리아,온대기후,경수,★★★★☆,남성,38,건축가,복합성,31°C (체감),38%,"선크림 SPF50, 쿨링 미스트, 로션",가벼운 톤업크림에 선크림 덧바르기.,강한 햇빛 대비 SPF 높은 제품과 쿨링 미스트로 열감 진정.,햇빛이 정말 강해서 선크림을 2~3시간마다 덧발라야 했어요.
nari99,유럽,이탈리아,온대기후,경수,★★★★☆,여성,25,프리랜서,민감성,28°C (체감),42%,"저자극 선크림, 진정 젤, 수분 세럼","메이크업 최소화, 톤업 선크림으로 마무리.","자외선 노출 후 진정 젤로 쿨다운, 세럼으로 수분 보충.",건조하고 자외선이 강해서 피부가 금방 예민해졌어요.
taeyang_love,유럽,이탈리아,온대기후,경수,★★★★★,남성,50,여행가이드,지성,33°C (체감),35%,"매트 선크림, 블로팅 페이퍼, 쿨링 토너",매트한 베이스로 유분 컨트롤.,야외 활동이 많아 쿨링 토너로 자주 진정 관리.,야외 관광이 많아서 자외선 대비가 정말 중요했습니다.
minjun01,유럽,이탈리아,온대기후,경수,★★★☆☆,여성,29,포토그래퍼,복합성,30°C (체감),39%,"톤업 선크림, 수분 쿠션, 립밤",톤업 선크림 위에 수분 쿠션으로 자연스러운 마무리.,건조한 낮은 습도 대비 립밤과 수분 쿠션 필수 휴대.,낮은 습도 때문에 입술이 잘 트고 화장이 들떴어요.
mistyday_mode,아시아,대만,열대기후,연수,★★★★★,여성,28,카페 운영,지성,33°C (체감),88%,"피지 컨트롤 선크림, 픽싱 미스트, 블로팅 페이퍼",얇은 베이스 + 픽싱 미스트로 습기에 대비.,고습도라 유분 컨트롤 세안제와 산뜻한 로션 위주 관리.,습도가 정말 높아서 화장이 30분 만에 무너졌어요.
frostyvibe_world,아시아,대만,열대기후,연수,★★★★★,남성,36,무역업,복합성,34°C (체감),85%,"선크림, 쿨링 젤, 미스트","톤업크림 정도만, 유분 많은 제품 지양.","쿨링 젤로 열감 완화, 미스트로 수시 진정.",야시장 다니는 내내 땀 때문에 끈적임이 심했어요.
yerin99,아시아,대만,열대기후,연수,★★★★★,여성,23,대학원생,민감성,32°C (체감),83%,"저자극 선크림, 진정 스프레이, 수분 시트마스크","색조는 최소화, 저자극 선크림 위주.",습하고 더운 날씨에 예민해진 피부는 진정 스프레이로 관리.,습기와 더위가 겹쳐 뾰루지가 갑자기 올라왔어요.
funtraveler07,아시아,대만,열대기후,연수,★☆☆☆☆,남성,42,요리사,지성,35°C (체감),87%,"매트 선크림, 블로팅 페이퍼, 쿨링 토너",매트 베이스로 유분과 땀 컨트롤.,블로팅 페이퍼와 쿨링 토너로 수시로 피지 관리.,주방 열기까지 더해져서 하루 종일 번들거림과 싸웠어요.
daeun_ing,아시아,대만,열대기후,연수,★★★☆☆,여성,27,일러스트레이터,건성,31°C (체감),80%,"가벼운 수분 선크림, 쿠션, 미스트",가벼운 수분 쿠션으로 습기에도 밀리지 않게.,습도는 높지만 에어컨 실내 이동이 많아 미스트로 수분 보충.,실내외 온습도 차이가 커서 피부가 계속 오락가락했어요.
clearskin_official,아시아,몽골,건조기후,경수,★★☆☆☆,남성,35,사진작가,건성,8°C (체감),25%,"고보습 크림, 립밤, 영양 오일","메이크업보다 보습 위주, 톤업크림 정도만.",극도로 건조한 초원 기후라 영양 오일과 고보습 크림 필수.,너무 건조해서 얼굴이 갈라질 것 같았어요. 오일 없이는 힘들었습니다.
jiwoo01,아시아,몽골,건조기후,경수,★★★★☆,여성,26,여행작가,복합성,10°C (체감),28%,"수분 크림, 선크림, 립밤",촉촉한 크림 베이스로 건조함 커버.,일교차가 크고 자외선도 강해 수분크림과 선크림 동시 관리.,낮엔 햇빛이 강하고 밤엔 추워서 피부가 힘들어했어요.
gina_world,아시아,몽골,건조기후,경수,★★★★★,남성,48,가이드,민감성,5°C (체감),22%,"저자극 크림, 진정 밤, 립밤","색조 생략, 저자극 보습크림으로 보호막 형성.",건조하고 찬바람에 트러블 발생 쉬워 진정 밤으로 집중 케어.,바람이 강하고 건조해서 볼과 입술이 계속 텄어요.
frostyvibe_official,아시아,몽골,건조기후,경수,★★★★★,여성,30,수의사,지성,12°C (체감),30%,"수분 로션, 선크림, 미스트",가벼운 수분 로션 후 톤업크림으로 마무리.,지성 피부여도 건조한 기후 특성상 수분 공급이 우선.,평소 지성인데도 여기서는 피부가 당기고 건조해졌어요.
yerin_world,아시아,몽골,건조기후,경수,★★★★☆,남성,40,다큐멘터리 감독,건성,6°C (체감),20%,"고보습 크림, 선크림, 핸드크림",메이크업 없이 보습 관리에 집중.,밤낮 기온차가 커서 고보습 크림과 핸드크림 수시 사용 권장.,손과 얼굴이 다 트더라고요. 보습 제품을 몇 개는 챙겨가야 해요.
calmnface_life,아시아,싱가포르,열대기후,연수,★★★★★,남성,23,간호사,지성,34°C (체감),78%,"저자극 선크림, 진정 스프레이, 수분 시트마스크",색조보다는 톤업 선크림 위주로 산뜻하게 마무리하는 것을 권장합니다.,피지 분비가 많아지는 시기이므로 클레이 마스크로 주 1~2회 관리해 주는 것을 추천합니다.,습도가 정말 높아서 화장이 금방 무너졌어요. 저자극 선크림 없이는 하루도 버티기 힘들었어요.
chillmode07,아시아,싱가포르,열대기후,연수,★☆☆☆☆,여성,30,사진작가,지성,36°C (체감),81%,"가벼운 수분 선크림, 쿠션, 미스트",워터프루프 아이라이너와 마스카라로 땀과 습기에 대비하는 것이 좋습니다.,저녁에 이중세안을 꼭 하고 산뜻한 젤 타입 제품으로 유수분 밸런스를 유지하세요.,생각보다 더 더워서 땀 때문에 끈적임이 심했는데 가벼운 수분 선크림이 정말 큰 도움이 됐습니다.
frostyvibe_daily,아시아,싱가포르,열대기후,연수,★★★★☆,남성,37,엔지니어,지성,31°C (체감),84%,"워터프루프 아이라이너, 피지 흡수 패드, 쿨링 젤",얇은 베이스에 워터프루프 제품 위주로 메이크업하고 픽싱 스프레이로 마무리하는 것을 추천합니다.,외출 중 블로팅 페이퍼로 피지를 자주 관리하고 쿨링 토너로 진정시켜 주세요.,야외 일정이 많았는데 자외선이 강해서 워터프루프 아이라이너을 자주 덧발라야 했어요.
jaewon_diary,아시아,싱가포르,열대기후,연수,★★★★★,여성,44,약사,지성,33°C (체감),87%,"워터프루프 선크림, 피지 컨트롤 파우더, 픽싱 미스트",매트한 베이스로 유분과 땀을 컨트롤하며 색조는 최소화하는 것이 좋습니다.,자외선 노출 후에는 진정 스프레이와 수분 시트마스크로 피부를 달래주는 것이 좋습니다.,고온다습한 날씨 탓에 피부 트러블이 갑자기 올라와서 당황했어요.
serumfan01,아시아,싱가포르,열대기후,연수,★★★☆☆,남성,51,트레이너,지성,35°C (체감),90%,"매트 선크림, 블로팅 페이퍼, 쿨링 토너",촉촉한 쿠션으로 습기에도 밀리지 않게 가볍게 표현하는 것을 추천합니다.,실내외 온습도 차이가 크므로 미스트로 수시로 수분을 보충해 주세요.,에어컨 실내와 습한 실외를 오가다 보니 피부 컨디션이 계속 오락가락했어요.
jetsetter_k,아시아,일본,온대기후,연수,★★★★★,남성,25,바리스타,민감성,18°C (체감),46%,"수분 크림, 립틴트, 선쿠션",촉촉한 쿠션과 크림 블러셔로 생기 있는 룩을 연출하는 것을 추천합니다.,환절기 피부 컨디션 변화에 대비해 올인원 로션으로 간편하게 보습을 유지하세요.,사계절이 뚜렷한 곳이라 그런지 여행 기간 내내 온도 변화에 신경 써야 했어요.
clearskin_92,아시아,일본,온대기후,연수,★★☆☆☆,여성,32,프로그래머,민감성,20°C (체감),49%,"수분 크림, 선크림, 립밤",가벼운 톤업로션 정도로 자연스럽게 표현하는 메이크업이 잘 어울립니다.,일교차로 예민해지기 쉬운 피부에는 저자극 진정 라인 사용을 권장합니다.,생각보다 자외선이 강해서 선크림을 안 쓰면 금방 붉어졌어요.
quinn_vibe,아시아,일본,온대기후,연수,★★★★☆,남성,39,프리랜서,민감성,22°C (체감),52%,"올인원 로션, 선크림, 미스트",저자극 톤업크림 위주로 하고 색조는 최소화하는 것을 권장합니다.,실내 난방·냉방으로 건조해지기 쉬우니 블로팅 페이퍼와 미스트를 함께 챙기세요.,쾌적한 날씨였지만 건조해서 립밤과 수분크림을 자주 발라야 했어요.
beautyaddict07,아시아,일본,온대기후,연수,★★★★☆,여성,46,디자이너,민감성,24°C (체감),55%,"저자극 크림, 진정 토너, 수분 마스크팩",가벼운 산뜻한 로션 타입으로 유분이 적은 제품 위주로 사용하세요.,실내외 온도차가 큰 날에는 수분크림을 자주 덧발라 주는 것이 좋습니다.,일교차가 커서 아침저녁으로 피부 컨디션이 완전히 달랐어요. 저자극 크림이 도움이 됐어요.
jiyeon_life,아시아,일본,온대기후,연수,★★★★★,남성,53,승무원,민감성,26°C (체감),58%,"산뜻한 로션, 선크림, 블로팅 페이퍼",촉촉한 선쿠션과 립틴트로 화사한 인상을 연출할 수 있습니다.,일교차가 크므로 수분 크림으로 아침저녁 보습을 꼼꼼히 챙겨주세요.,날씨는 선선했는데 실내 난방 때문에 오히려 피부가 건조하고 번들거렸어요.
toneuplife_diary,유럽,이탈리아,온대기후,경수,★★★★☆,남성,53,건축가,지성,26°C (체감),54%,"저자극 크림, 진정 토너, 수분 마스크팩",가벼운 산뜻한 로션 타입으로 유분이 적은 제품 위주로 사용하세요.,실내외 온도차가 큰 날에는 수분크림을 자주 덧발라 주는 것이 좋습니다.,일교차가 커서 아침저녁으로 피부 컨디션이 완전히 달랐어요. 저자극 크림이 도움이 됐어요.
minseo_note,유럽,이탈리아,온대기후,경수,★★★★★,여성,20,일러스트레이터,지성,28°C (체감),57%,"산뜻한 로션, 선크림, 블로팅 페이퍼",촉촉한 선쿠션과 립틴트로 화사한 인상을 연출할 수 있습니다.,일교차가 크므로 수분 크림으로 아침저녁 보습을 꼼꼼히 챙겨주세요.,날씨는 선선했는데 실내 난방 때문에 오히려 피부가 건조하고 번들거렸어요.
dohyun01,유럽,이탈리아,온대기후,경수,★★★★★,남성,27,회사원,지성,16°C (체감),60%,"수분 크림, 립틴트, 선쿠션",촉촉한 쿠션과 크림 블러셔로 생기 있는 룩을 연출하는 것을 추천합니다.,환절기 피부 컨디션 변화에 대비해 올인원 로션으로 간편하게 보습을 유지하세요.,사계절이 뚜렷한 곳이라 그런지 여행 기간 내내 온도 변화에 신경 써야 했어요.
urbanexplorer99,유럽,이탈리아,온대기후,경수,★★☆☆☆,여성,34,교사,지성,18°C (체감),63%,"수분 크림, 선크림, 립밤",가벼운 톤업로션 정도로 자연스럽게 표현하는 메이크업이 잘 어울립니다.,일교차로 예민해지기 쉬운 피부에는 저자극 진정 라인 사용을 권장합니다.,생각보다 자외선이 강해서 선크림을 안 쓰면 금방 붉어졌어요.
soojin_k,유럽,이탈리아,온대기후,경수,★★★★★,남성,41,요리사,지성,20°C (체감),46%,"올인원 로션, 선크림, 미스트",저자극 톤업크림 위주로 하고 색조는 최소화하는 것을 권장합니다.,실내 난방·냉방으로 건조해지기 쉬우니 블로팅 페이퍼와 미스트를 함께 챙기세요.,쾌적한 날씨였지만 건조해서 립밤과 수분크림을 자주 발라야 했어요.
dewyskin_vibe,아시아,대만,열대기후,연수,★★★☆☆,여성,40,마케터,민감성,31°C (체감),79%,"워터프루프 아이라이너, 피지 흡수 패드, 쿨링 젤",얇은 베이스에 워터프루프 제품 위주로 메이크업하고 픽싱 스프레이로 마무리하는 것을 추천합니다.,외출 중 블로팅 페이퍼로 피지를 자주 관리하고 쿨링 토너로 진정시켜 주세요.,야외 일정이 많았는데 자외선이 강해서 워터프루프 아이라이너을 자주 덧발라야 했어요.
toneuplife_k,아시아,대만,열대기후,연수,★★★★★,남성,47,공무원,민감성,33°C (체감),82%,"워터프루프 선크림, 피지 컨트롤 파우더, 픽싱 미스트",매트한 베이스로 유분과 땀을 컨트롤하며 색조는 최소화하는 것이 좋습니다.,자외선 노출 후에는 진정 스프레이와 수분 시트마스크로 피부를 달래주는 것이 좋습니다.,고온다습한 날씨 탓에 피부 트러블이 갑자기 올라와서 당황했어요.
tintedlips_log,아시아,대만,열대기후,연수,★☆☆☆☆,여성,54,회계사,민감성,35°C (체감),85%,"매트 선크림, 블로팅 페이퍼, 쿨링 토너",촉촉한 쿠션으로 습기에도 밀리지 않게 가볍게 표현하는 것을 추천합니다.,실내외 온습도 차이가 크므로 미스트로 수시로 수분을 보충해 주세요.,에어컨 실내와 습한 실외를 오가다 보니 피부 컨디션이 계속 오락가락했어요.
clearskin_story,아시아,대만,열대기후,연수,★★☆☆☆,남성,21,수의사,민감성,30°C (체감),88%,"저자극 선크림, 진정 스프레이, 수분 시트마스크",색조보다는 톤업 선크림 위주로 산뜻하게 마무리하는 것을 권장합니다.,피지 분비가 많아지는 시기이므로 클레이 마스크로 주 1~2회 관리해 주는 것을 추천합니다.,습도가 정말 높아서 화장이 금방 무너졌어요. 저자극 선크림 없이는 하루도 버티기 힘들었어요.
jiyoung_diary,아시아,대만,열대기후,연수,★★★☆☆,여성,28,영업직,민감성,32°C (체감),75%,"가벼운 수분 선크림, 쿠션, 미스트",워터프루프 아이라이너와 마스카라로 땀과 습기에 대비하는 것이 좋습니다.,저녁에 이중세안을 꼭 하고 산뜻한 젤 타입 제품으로 유수분 밸런스를 유지하세요.,생각보다 더 더워서 땀 때문에 끈적임이 심했는데 가벼운 수분 선크림이 정말 큰 도움이 됐습니다.
frostyvibe_mode,아시아,몽골,건조기후,경수,★★★☆☆,남성,59,작가,복합성,33°C (체감),30%,"고SPF 선크림, 쿨링 미스트, 립밤",립 제품은 보습 밤 타입을 선택해 건조함으로 인한 각질을 예방하세요.,건조한 기후이므로 미스트를 수시로 뿌려 수분을 보충하는 것이 중요합니다.,일교차가 커서 낮에는 덥고 밤에는 쌀쌀해 피부가 예민해졌어요.
nayeon07,아시아,몽골,건조기후,경수,★★★★☆,여성,26,연구원,복합성,35°C (체감),33%,"수분 크림, 선쿠션, 진정 스프레이",촉촉한 베이스에 크림 타입 블러셔로 생기를 더하는 메이크업을 추천합니다.,강한 햇빛 대비 SPF 높은 제품을 사용하고 쿨링 미스트로 열감을 진정시켜 주세요.,건조한 바람 때문에 입술과 볼이 자주 텄어요. 수분 크림 없이는 힘들었을 것 같아요.
haru_92,아시아,몽골,건조기후,경수,★★★☆☆,남성,33,바리스타,복합성,37°C (체감),16%,"고보습 선크림, 미스트, 영양 크림",메이크업은 최소화하고 톤업 선크림으로 자연스럽게 마무리하는 것을 권장합니다.,자외선 노출 후 진정 젤로 쿨다운하고 세럼으로 수분을 채워주는 것을 추천합니다.,햇빛이 강렬해서 선크림을 2~3시간마다 덧발라야 했어요.
glowup_love,아시아,몽골,건조기후,경수,★★★★★,여성,40,프로그래머,복합성,39°C (체감),19%,"저자극 선크림, 진정 젤, 수분 세럼",가벼운 수분 쿠션으로 건조함을 커버하며 자연스러운 룩을 연출하세요.,낮은 습도로 인한 수분 손실을 막기 위해 고보습 크림을 겹겹이 발라주세요.,사막성 기후라 그런지 평소보다 피부가 훨씬 건조해지는 걸 느꼈어요.
eunwoo_note,아시아,몽골,건조기후,경수,★★★★☆,남성,47,프리랜서,복합성,41°C (체감),22%,"수분 로션, 선크림, 핸드크림",고보습 베이스 제품으로 들뜸 없이 매끈한 피부 표현이 가능합니다.,입술과 손이 트기 쉬우므로 립밤과 핸드크림을 항상 휴대하는 것이 좋습니다.,낮은 습도 때문에 피부가 계속 당기고 화장이 들떴어요. 수분 로션이 필수였습니다.
sunnytraveler23,아시아,태국,열대기후,연수,★★★☆☆,여성,54,회사원,복합성,31°C (체감),89%,"가벼운 수분 선크림, 쿠션, 미스트",워터프루프 아이라이너와 마스카라로 땀과 습기에 대비하는 것이 좋습니다.,저녁에 이중세안을 꼭 하고 산뜻한 젤 타입 제품으로 유수분 밸런스를 유지하세요.,생각보다 더 더워서 땀 때문에 끈적임이 심했는데 가벼운 수분 선크림이 정말 큰 도움이 됐습니다.
dahye_life,아시아,태국,열대기후,연수,★★★★★,남성,21,교사,복합성,33°C (체감),76%,"워터프루프 아이라이너, 피지 흡수 패드, 쿨링 젤",얇은 베이스에 워터프루프 제품 위주로 메이크업하고 픽싱 스프레이로 마무리하는 것을 추천합니다.,외출 중 블로팅 페이퍼로 피지를 자주 관리하고 쿨링 토너로 진정시켜 주세요.,야외 일정이 많았는데 자외선이 강해서 워터프루프 아이라이너을 자주 덧발라야 했어요.
sunnytraveler_log,아시아,태국,열대기후,연수,★★☆☆☆,여성,28,요리사,복합성,35°C (체감),79%,"워터프루프 선크림, 피지 컨트롤 파우더, 픽싱 미스트",매트한 베이스로 유분과 땀을 컨트롤하며 색조는 최소화하는 것이 좋습니다.,자외선 노출 후에는 진정 스프레이와 수분 시트마스크로 피부를 달래주는 것이 좋습니다.,고온다습한 날씨 탓에 피부 트러블이 갑자기 올라와서 당황했어요.
desertrose_life,아시아,태국,열대기후,연수,★★☆☆☆,남성,35,자영업,복합성,30°C (체감),82%,"매트 선크림, 블로팅 페이퍼, 쿨링 토너",촉촉한 쿠션으로 습기에도 밀리지 않게 가볍게 표현하는 것을 추천합니다.,실내외 온습도 차이가 크므로 미스트로 수시로 수분을 보충해 주세요.,에어컨 실내와 습한 실외를 오가다 보니 피부 컨디션이 계속 오락가락했어요.
glowygirl_life,아시아,태국,열대기후,연수,★★★★☆,여성,42,여행가이드,복합성,32°C (체감),85%,"저자극 선크림, 진정 스프레이, 수분 시트마스크",색조보다는 톤업 선크림 위주로 산뜻하게 마무리하는 것을 권장합니다.,피지 분비가 많아지는 시기이므로 클레이 마스크로 주 1~2회 관리해 주는 것을 추천합니다.,습도가 정말 높아서 화장이 금방 무너졌어요. 저자극 선크림 없이는 하루도 버티기 힘들었어요.
nomakeupdays_story,아시아,태국,열대기후,연수,★★★★☆,남성,49,작가,복합성,34°C (체감),88%,"가벼운 수분 선크림, 쿠션, 미스트",워터프루프 아이라이너와 마스카라로 땀과 습기에 대비하는 것이 좋습니다.,저녁에 이중세안을 꼭 하고 산뜻한 젤 타입 제품으로 유수분 밸런스를 유지하세요.,생각보다 더 더워서 땀 때문에 끈적임이 심했는데 가벼운 수분 선크림이 정말 큰 도움이 됐습니다.
jiwoo_mode,아시아,태국,열대기후,연수,★★★★☆,여성,56,연구원,복합성,36°C (체감),75%,"워터프루프 아이라이너, 피지 흡수 패드, 쿨링 젤",얇은 베이스에 워터프루프 제품 위주로 메이크업하고 픽싱 스프레이로 마무리하는 것을 추천합니다.,외출 중 블로팅 페이퍼로 피지를 자주 관리하고 쿨링 토너로 진정시켜 주세요.,야외 일정이 많았는데 자외선이 강해서 워터프루프 아이라이너을 자주 덧발라야 했어요.
hydrated_log,아시아,태국,열대기후,연수,★★★★☆,남성,23,바리스타,복합성,31°C (체감),78%,"워터프루프 선크림, 피지 컨트롤 파우더, 픽싱 미스트",매트한 베이스로 유분과 땀을 컨트롤하며 색조는 최소화하는 것이 좋습니다.,자외선 노출 후에는 진정 스프레이와 수분 시트마스크로 피부를 달래주는 것이 좋습니다.,고온다습한 날씨 탓에 피부 트러블이 갑자기 올라와서 당황했어요.
serumfan_k,아시아,태국,열대기후,연수,★☆☆☆☆,여성,30,프로그래머,복합성,33°C (체감),81%,"매트 선크림, 블로팅 페이퍼, 쿨링 토너",촉촉한 쿠션으로 습기에도 밀리지 않게 가볍게 표현하는 것을 추천합니다.,실내외 온습도 차이가 크므로 미스트로 수시로 수분을 보충해 주세요.,에어컨 실내와 습한 실외를 오가다 보니 피부 컨디션이 계속 오락가락했어요.
sunkissed07,아시아,태국,열대기후,연수,★★★★☆,남성,37,프리랜서,복합성,35°C (체감),84%,"저자극 선크림, 진정 스프레이, 수분 시트마스크",색조보다는 톤업 선크림 위주로 산뜻하게 마무리하는 것을 권장합니다.,피지 분비가 많아지는 시기이므로 클레이 마스크로 주 1~2회 관리해 주는 것을 추천합니다.,습도가 정말 높아서 화장이 금방 무너졌어요. 저자극 선크림 없이는 하루도 버티기 힘들었어요.
roadtripper_ing,아시아,베트남,열대기후,연수,★★★★★,여성,34,디자이너,복합성,30°C (체감),85%,"가벼운 수분 선크림, 쿠션, 미스트",워터프루프 아이라이너와 마스카라로 땀과 습기에 대비하는 것이 좋습니다.,저녁에 이중세안을 꼭 하고 산뜻한 젤 타입 제품으로 유수분 밸런스를 유지하세요.,생각보다 더 더워서 땀 때문에 끈적임이 심했는데 가벼운 수분 선크림이 정말 큰 도움이 됐습니다.
areum_k,아시아,베트남,열대기후,연수,★★★★★,남성,41,승무원,복합성,32°C (체감),88%,"워터프루프 아이라이너, 피지 흡수 패드, 쿨링 젤",얇은 베이스에 워터프루프 제품 위주로 메이크업하고 픽싱 스프레이로 마무리하는 것을 추천합니다.,외출 중 블로팅 페이퍼로 피지를 자주 관리하고 쿨링 토너로 진정시켜 주세요.,야외 일정이 많았는데 자외선이 강해서 워터프루프 아이라이너을 자주 덧발라야 했어요.
eunji_official,아시아,베트남,열대기후,연수,★★★☆☆,여성,48,마케터,복합성,34°C (체감),75%,"워터프루프 선크림, 피지 컨트롤 파우더, 픽싱 미스트",매트한 베이스로 유분과 땀을 컨트롤하며 색조는 최소화하는 것이 좋습니다.,자외선 노출 후에는 진정 스프레이와 수분 시트마스크로 피부를 달래주는 것이 좋습니다.,고온다습한 날씨 탓에 피부 트러블이 갑자기 올라와서 당황했어요.
sunnytraveler_life,아시아,베트남,열대기후,연수,★☆☆☆☆,남성,55,공무원,복합성,36°C (체감),78%,"매트 선크림, 블로팅 페이퍼, 쿨링 토너",촉촉한 쿠션으로 습기에도 밀리지 않게 가볍게 표현하는 것을 추천합니다.,실내외 온습도 차이가 크므로 미스트로 수시로 수분을 보충해 주세요.,에어컨 실내와 습한 실외를 오가다 보니 피부 컨디션이 계속 오락가락했어요.
moisturemax_diary,아시아,베트남,열대기후,연수,★★★★☆,여성,22,회계사,복합성,31°C (체감),81%,"저자극 선크림, 진정 스프레이, 수분 시트마스크",색조보다는 톤업 선크림 위주로 산뜻하게 마무리하는 것을 권장합니다.,피지 분비가 많아지는 시기이므로 클레이 마스크로 주 1~2회 관리해 주는 것을 추천합니다.,습도가 정말 높아서 화장이 금방 무너졌어요. 저자극 선크림 없이는 하루도 버티기 힘들었어요.
somin_92,아시아,베트남,열대기후,연수,★★★★☆,남성,29,수의사,복합성,33°C (체감),84%,"가벼운 수분 선크림, 쿠션, 미스트",워터프루프 아이라이너와 마스카라로 땀과 습기에 대비하는 것이 좋습니다.,저녁에 이중세안을 꼭 하고 산뜻한 젤 타입 제품으로 유수분 밸런스를 유지하세요.,생각보다 더 더워서 땀 때문에 끈적임이 심했는데 가벼운 수분 선크림이 정말 큰 도움이 됐습니다.
hana_world,아시아,베트남,열대기후,연수,★★★★☆,여성,36,영업직,복합성,35°C (체감),87%,"워터프루프 아이라이너, 피지 흡수 패드, 쿨링 젤",얇은 베이스에 워터프루프 제품 위주로 메이크업하고 픽싱 스프레이로 마무리하는 것을 추천합니다.,외출 중 블로팅 페이퍼로 피지를 자주 관리하고 쿨링 토너로 진정시켜 주세요.,야외 일정이 많았는데 자외선이 강해서 워터프루프 아이라이너을 자주 덧발라야 했어요.
globetrotter_story,아시아,베트남,열대기후,연수,★★★☆☆,남성,43,대학생,복합성,30°C (체감),90%,"워터프루프 선크림, 피지 컨트롤 파우더, 픽싱 미스트",매트한 베이스로 유분과 땀을 컨트롤하며 색조는 최소화하는 것이 좋습니다.,자외선 노출 후에는 진정 스프레이와 수분 시트마스크로 피부를 달래주는 것이 좋습니다.,고온다습한 날씨 탓에 피부 트러블이 갑자기 올라와서 당황했어요.
gina_diary,아시아,베트남,열대기후,연수,★★★★★,여성,50,간호사,복합성,32°C (체감),77%,"매트 선크림, 블로팅 페이퍼, 쿨링 토너",촉촉한 쿠션으로 습기에도 밀리지 않게 가볍게 표현하는 것을 추천합니다.,실내외 온습도 차이가 크므로 미스트로 수시로 수분을 보충해 주세요.,에어컨 실내와 습한 실외를 오가다 보니 피부 컨디션이 계속 오락가락했어요.
chaewon_vibe,아시아,베트남,열대기후,연수,★★★★☆,남성,57,사진작가,복합성,34°C (체감),80%,"저자극 선크림, 진정 스프레이, 수분 시트마스크",색조보다는 톤업 선크림 위주로 산뜻하게 마무리하는 것을 권장합니다.,피지 분비가 많아지는 시기이므로 클레이 마스크로 주 1~2회 관리해 주는 것을 추천합니다.,습도가 정말 높아서 화장이 금방 무너졌어요. 저자극 선크림 없이는 하루도 버티기 힘들었어요.
hayoung99,아시아,인도네시아,열대기후,연수,★★★★☆,남성,29,작가,복합성,36°C (체감),88%,"가벼운 수분 선크림, 쿠션, 미스트",워터프루프 아이라이너와 마스카라로 땀과 습기에 대비하는 것이 좋습니다.,저녁에 이중세안을 꼭 하고 산뜻한 젤 타입 제품으로 유수분 밸런스를 유지하세요.,생각보다 더 더워서 땀 때문에 끈적임이 심했는데 가벼운 수분 선크림이 정말 큰 도움이 됐습니다.
frostyvibe_92,아시아,인도네시아,열대기후,연수,★★★★☆,여성,36,연구원,복합성,31°C (체감),75%,"워터프루프 아이라이너, 피지 흡수 패드, 쿨링 젤",얇은 베이스에 워터프루프 제품 위주로 메이크업하고 픽싱 스프레이로 마무리하는 것을 추천합니다.,외출 중 블로팅 페이퍼로 피지를 자주 관리하고 쿨링 토너로 진정시켜 주세요.,야외 일정이 많았는데 자외선이 강해서 워터프루프 아이라이너을 자주 덧발라야 했어요.
soojin_ing,아시아,인도네시아,열대기후,연수,★★★★★,남성,43,바리스타,복합성,33°C (체감),78%,"워터프루프 선크림, 피지 컨트롤 파우더, 픽싱 미스트",매트한 베이스로 유분과 땀을 컨트롤하며 색조는 최소화하는 것이 좋습니다.,자외선 노출 후에는 진정 스프레이와 수분 시트마스크로 피부를 달래주는 것이 좋습니다.,고온다습한 날씨 탓에 피부 트러블이 갑자기 올라와서 당황했어요.
minho_daily,아시아,인도네시아,열대기후,연수,★★★★★,여성,50,프로그래머,복합성,35°C (체감),81%,"매트 선크림, 블로팅 페이퍼, 쿨링 토너",촉촉한 쿠션으로 습기에도 밀리지 않게 가볍게 표현하는 것을 추천합니다.,실내외 온습도 차이가 크므로 미스트로 수시로 수분을 보충해 주세요.,에어컨 실내와 습한 실외를 오가다 보니 피부 컨디션이 계속 오락가락했어요.
dahye_log,아시아,인도네시아,열대기후,연수,★★★★★,남성,57,프리랜서,복합성,30°C (체감),84%,"저자극 선크림, 진정 스프레이, 수분 시트마스크",색조보다는 톤업 선크림 위주로 산뜻하게 마무리하는 것을 권장합니다.,피지 분비가 많아지는 시기이므로 클레이 마스크로 주 1~2회 관리해 주는 것을 추천합니다.,습도가 정말 높아서 화장이 금방 무너졌어요. 저자극 선크림 없이는 하루도 버티기 힘들었어요.
frostyvibe_ing,아시아,인도네시아,열대기후,연수,★★☆☆☆,여성,24,디자이너,복합성,32°C (체감),87%,"가벼운 수분 선크림, 쿠션, 미스트",워터프루프 아이라이너와 마스카라로 땀과 습기에 대비하는 것이 좋습니다.,저녁에 이중세안을 꼭 하고 산뜻한 젤 타입 제품으로 유수분 밸런스를 유지하세요.,생각보다 더 더워서 땀 때문에 끈적임이 심했는데 가벼운 수분 선크림이 정말 큰 도움이 됐습니다.
yuna_note,아시아,인도네시아,열대기후,연수,★★★★★,남성,31,승무원,복합성,34°C (체감),90%,"워터프루프 아이라이너, 피지 흡수 패드, 쿨링 젤",얇은 베이스에 워터프루프 제품 위주로 메이크업하고 픽싱 스프레이로 마무리하는 것을 추천합니다.,외출 중 블로팅 페이퍼로 피지를 자주 관리하고 쿨링 토너로 진정시켜 주세요.,야외 일정이 많았는데 자외선이 강해서 워터프루프 아이라이너을 자주 덧발라야 했어요.
serumfan_zone,아시아,인도네시아,열대기후,연수,★★★★☆,여성,38,마케터,복합성,36°C (체감),77%,"워터프루프 선크림, 피지 컨트롤 파우더, 픽싱 미스트",매트한 베이스로 유분과 땀을 컨트롤하며 색조는 최소화하는 것이 좋습니다.,자외선 노출 후에는 진정 스프레이와 수분 시트마스크로 피부를 달래주는 것이 좋습니다.,고온다습한 날씨 탓에 피부 트러블이 갑자기 올라와서 당황했어요.
quinn_note,아시아,인도네시아,열대기후,연수,★★★★★,남성,45,공무원,복합성,31°C (체감),80%,"매트 선크림, 블로팅 페이퍼, 쿨링 토너",촉촉한 쿠션으로 습기에도 밀리지 않게 가볍게 표현하는 것을 추천합니다.,실내외 온습도 차이가 크므로 미스트로 수시로 수분을 보충해 주세요.,에어컨 실내와 습한 실외를 오가다 보니 피부 컨디션이 계속 오락가락했어요.
kyla_k,아시아,인도네시아,열대기후,연수,★★★★★,여성,52,회계사,복합성,33°C (체감),83%,"저자극 선크림, 진정 스프레이, 수분 시트마스크",색조보다는 톤업 선크림 위주로 산뜻하게 마무리하는 것을 권장합니다.,피지 분비가 많아지는 시기이므로 클레이 마스크로 주 1~2회 관리해 주는 것을 추천합니다.,습도가 정말 높아서 화장이 금방 무너졌어요. 저자극 선크림 없이는 하루도 버티기 힘들었어요.
jiwoo_92,아시아,필리핀,열대기후,연수,★★★★★,여성,44,회사원,복합성,30°C (체감),79%,"가벼운 수분 선크림, 쿠션, 미스트",워터프루프 아이라이너와 마스카라로 땀과 습기에 대비하는 것이 좋습니다.,저녁에 이중세안을 꼭 하고 산뜻한 젤 타입 제품으로 유수분 밸런스를 유지하세요.,생각보다 더 더워서 땀 때문에 끈적임이 심했는데 가벼운 수분 선크림이 정말 큰 도움이 됐습니다.
mistyday_ing,아시아,필리핀,열대기후,연수,★★★☆☆,남성,51,교사,복합성,32°C (체감),82%,"워터프루프 아이라이너, 피지 흡수 패드, 쿨링 젤",얇은 베이스에 워터프루프 제품 위주로 메이크업하고 픽싱 스프레이로 마무리하는 것을 추천합니다.,외출 중 블로팅 페이퍼로 피지를 자주 관리하고 쿨링 토너로 진정시켜 주세요.,야외 일정이 많았는데 자외선이 강해서 워터프루프 아이라이너을 자주 덧발라야 했어요.
humidmood_world,아시아,필리핀,열대기후,연수,★★★☆☆,여성,58,요리사,복합성,34°C (체감),85%,"워터프루프 선크림, 피지 컨트롤 파우더, 픽싱 미스트",매트한 베이스로 유분과 땀을 컨트롤하며 색조는 최소화하는 것이 좋습니다.,자외선 노출 후에는 진정 스프레이와 수분 시트마스크로 피부를 달래주는 것이 좋습니다.,고온다습한 날씨 탓에 피부 트러블이 갑자기 올라와서 당황했어요.
suncareguru88,아시아,필리핀,열대기후,연수,★★★★☆,남성,25,자영업,복합성,36°C (체감),88%,"매트 선크림, 블로팅 페이퍼, 쿨링 토너",촉촉한 쿠션으로 습기에도 밀리지 않게 가볍게 표현하는 것을 추천합니다.,실내외 온습도 차이가 크므로 미스트로 수시로 수분을 보충해 주세요.,에어컨 실내와 습한 실외를 오가다 보니 피부 컨디션이 계속 오락가락했어요.
minho_diary,아시아,필리핀,열대기후,연수,★★★☆☆,여성,32,여행가이드,복합성,31°C (체감),75%,"저자극 선크림, 진정 스프레이, 수분 시트마스크",색조보다는 톤업 선크림 위주로 산뜻하게 마무리하는 것을 권장합니다.,피지 분비가 많아지는 시기이므로 클레이 마스크로 주 1~2회 관리해 주는 것을 추천합니다.,습도가 정말 높아서 화장이 금방 무너졌어요. 저자극 선크림 없이는 하루도 버티기 힘들었어요.
hyejin_mode,아시아,필리핀,열대기후,연수,★★★☆☆,남성,39,작가,복합성,33°C (체감),78%,"가벼운 수분 선크림, 쿠션, 미스트",워터프루프 아이라이너와 마스카라로 땀과 습기에 대비하는 것이 좋습니다.,저녁에 이중세안을 꼭 하고 산뜻한 젤 타입 제품으로 유수분 밸런스를 유지하세요.,생각보다 더 더워서 땀 때문에 끈적임이 심했는데 가벼운 수분 선크림이 정말 큰 도움이 됐습니다.
jina_daily,아시아,필리핀,열대기후,연수,★★☆☆☆,여성,46,연구원,복합성,35°C (체감),81%,"워터프루프 아이라이너, 피지 흡수 패드, 쿨링 젤",얇은 베이스에 워터프루프 제품 위주로 메이크업하고 픽싱 스프레이로 마무리하는 것을 추천합니다.,외출 중 블로팅 페이퍼로 피지를 자주 관리하고 쿨링 토너로 진정시켜 주세요.,야외 일정이 많았는데 자외선이 강해서 워터프루프 아이라이너을 자주 덧발라야 했어요.
nomakeupdays_official,아시아,필리핀,열대기후,연수,★☆☆☆☆,남성,53,바리스타,복합성,30°C (체감),84%,"워터프루프 선크림, 피지 컨트롤 파우더, 픽싱 미스트",매트한 베이스로 유분과 땀을 컨트롤하며 색조는 최소화하는 것이 좋습니다.,자외선 노출 후에는 진정 스프레이와 수분 시트마스크로 피부를 달래주는 것이 좋습니다.,고온다습한 날씨 탓에 피부 트러블이 갑자기 올라와서 당황했어요.
luna99,아시아,필리핀,열대기후,연수,★★★★☆,여성,20,프로그래머,복합성,32°C (체감),87%,"매트 선크림, 블로팅 페이퍼, 쿨링 토너",촉촉한 쿠션으로 습기에도 밀리지 않게 가볍게 표현하는 것을 추천합니다.,실내외 온습도 차이가 크므로 미스트로 수시로 수분을 보충해 주세요.,에어컨 실내와 습한 실외를 오가다 보니 피부 컨디션이 계속 오락가락했어요.
serumfan_official,아시아,필리핀,열대기후,연수,★☆☆☆☆,남성,27,프리랜서,복합성,34°C (체감),90%,"저자극 선크림, 진정 스프레이, 수분 시트마스크",색조보다는 톤업 선크림 위주로 산뜻하게 마무리하는 것을 권장합니다.,피지 분비가 많아지는 시기이므로 클레이 마스크로 주 1~2회 관리해 주는 것을 추천합니다.,습도가 정말 높아서 화장이 금방 무너졌어요. 저자극 선크림 없이는 하루도 버티기 힘들었어요.
desertrose99,아시아,아랍에미리트,건조기후,경수,★☆☆☆☆,여성,22,영업직,건성,37°C (체감),33%,"저자극 선크림, 진정 젤, 수분 세럼",가벼운 수분 쿠션으로 건조함을 커버하며 자연스러운 룩을 연출하세요.,낮은 습도로 인한 수분 손실을 막기 위해 고보습 크림을 겹겹이 발라주세요.,사막성 기후라 그런지 평소보다 피부가 훨씬 건조해지는 걸 느꼈어요.
hana99,아시아,아랍에미리트,건조기후,경수,★★★★☆,남성,29,대학생,건성,39°C (체감),16%,"수분 로션, 선크림, 핸드크림",고보습 베이스 제품으로 들뜸 없이 매끈한 피부 표현이 가능합니다.,입술과 손이 트기 쉬우므로 립밤과 핸드크림을 항상 휴대하는 것이 좋습니다.,낮은 습도 때문에 피부가 계속 당기고 화장이 들떴어요. 수분 로션이 필수였습니다.
clearskin_vibe,아시아,아랍에미리트,건조기후,경수,★★☆☆☆,여성,36,간호사,건성,41°C (체감),19%,"고SPF 선크림, 쿨링 미스트, 립밤",립 제품은 보습 밤 타입을 선택해 건조함으로 인한 각질을 예방하세요.,건조한 기후이므로 미스트를 수시로 뿌려 수분을 보충하는 것이 중요합니다.,일교차가 커서 낮에는 덥고 밤에는 쌀쌀해 피부가 예민해졌어요.
jiwoo_log,아시아,아랍에미리트,건조기후,경수,★★★★☆,남성,43,사진작가,건성,29°C (체감),22%,"수분 크림, 선쿠션, 진정 스프레이",촉촉한 베이스에 크림 타입 블러셔로 생기를 더하는 메이크업을 추천합니다.,강한 햇빛 대비 SPF 높은 제품을 사용하고 쿨링 미스트로 열감을 진정시켜 주세요.,건조한 바람 때문에 입술과 볼이 자주 텄어요. 수분 크림 없이는 힘들었을 것 같아요.
islandhopper_log,아시아,아랍에미리트,건조기후,경수,★★★★☆,여성,50,엔지니어,건성,31°C (체감),25%,"고보습 선크림, 미스트, 영양 크림",메이크업은 최소화하고 톤업 선크림으로 자연스럽게 마무리하는 것을 권장합니다.,자외선 노출 후 진정 젤로 쿨다운하고 세럼으로 수분을 채워주는 것을 추천합니다.,햇빛이 강렬해서 선크림을 2~3시간마다 덧발라야 했어요.
hydrationqueen_official,아시아,아랍에미리트,건조기후,경수,★★★★★,남성,57,약사,건성,33°C (체감),28%,"저자극 선크림, 진정 젤, 수분 세럼",가벼운 수분 쿠션으로 건조함을 커버하며 자연스러운 룩을 연출하세요.,낮은 습도로 인한 수분 손실을 막기 위해 고보습 크림을 겹겹이 발라주세요.,사막성 기후라 그런지 평소보다 피부가 훨씬 건조해지는 걸 느꼈어요.
seojun_story,아시아,아랍에미리트,건조기후,경수,★★☆☆☆,여성,24,트레이너,건성,35°C (체감),31%,"수분 로션, 선크림, 핸드크림",고보습 베이스 제품으로 들뜸 없이 매끈한 피부 표현이 가능합니다.,입술과 손이 트기 쉬우므로 립밤과 핸드크림을 항상 휴대하는 것이 좋습니다.,낮은 습도 때문에 피부가 계속 당기고 화장이 들떴어요. 수분 로션이 필수였습니다.
mattefinish_official,아시아,아랍에미리트,건조기후,경수,★★★★★,남성,31,건축가,건성,37°C (체감),34%,"고SPF 선크림, 쿨링 미스트, 립밤",립 제품은 보습 밤 타입을 선택해 건조함으로 인한 각질을 예방하세요.,건조한 기후이므로 미스트를 수시로 뿌려 수분을 보충하는 것이 중요합니다.,일교차가 커서 낮에는 덥고 밤에는 쌀쌀해 피부가 예민해졌어요.
makeupfan_zone,아시아,아랍에미리트,건조기후,경수,★★★★★,여성,38,일러스트레이터,건성,39°C (체감),17%,"수분 크림, 선쿠션, 진정 스프레이",촉촉한 베이스에 크림 타입 블러셔로 생기를 더하는 메이크업을 추천합니다.,강한 햇빛 대비 SPF 높은 제품을 사용하고 쿨링 미스트로 열감을 진정시켜 주세요.,건조한 바람 때문에 입술과 볼이 자주 텄어요. 수분 크림 없이는 힘들었을 것 같아요.
frostyvibe23,아시아,아랍에미리트,건조기후,경수,★★★☆☆,남성,45,회사원,건성,41°C (체감),20%,"고보습 선크림, 미스트, 영양 크림",메이크업은 최소화하고 톤업 선크림으로 자연스럽게 마무리하는 것을 권장합니다.,자외선 노출 후 진정 젤로 쿨다운하고 세럼으로 수분을 채워주는 것을 추천합니다.,햇빛이 강렬해서 선크림을 2~3시간마다 덧발라야 했어요.
tropicalgirl01,아프리카,이집트,건조기후,경수,★★★☆☆,남성,21,여행가이드,건성,32°C (체감),32%,"고보습 선크림, 미스트, 영양 크림",메이크업은 최소화하고 톤업 선크림으로 자연스럽게 마무리하는 것을 권장합니다.,자외선 노출 후 진정 젤로 쿨다운하고 세럼으로 수분을 채워주는 것을 추천합니다.,햇빛이 강렬해서 선크림을 2~3시간마다 덧발라야 했어요.
jiyoung_92,아프리카,이집트,건조기후,경수,★★★★☆,여성,28,작가,지성,34°C (체감),15%,"저자극 선크림, 진정 젤, 수분 세럼",가벼운 수분 쿠션으로 건조함을 커버하며 자연스러운 룩을 연출하세요.,낮은 습도로 인한 수분 손실을 막기 위해 고보습 크림을 겹겹이 발라주세요.,사막성 기후라 그런지 평소보다 피부가 훨씬 건조해지는 걸 느꼈어요.
luna_ing,아프리카,이집트,건조기후,경수,★★★☆☆,남성,35,연구원,복합성,36°C (체감),18%,"수분 로션, 선크림, 핸드크림",고보습 베이스 제품으로 들뜸 없이 매끈한 피부 표현이 가능합니다.,입술과 손이 트기 쉬우므로 립밤과 핸드크림을 항상 휴대하는 것이 좋습니다.,낮은 습도 때문에 피부가 계속 당기고 화장이 들떴어요. 수분 로션이 필수였습니다.
paul_k,아프리카,이집트,건조기후,경수,★★★★★,여성,42,바리스타,민감성,38°C (체감),21%,"고SPF 선크림, 쿨링 미스트, 립밤",립 제품은 보습 밤 타입을 선택해 건조함으로 인한 각질을 예방하세요.,건조한 기후이므로 미스트를 수시로 뿌려 수분을 보충하는 것이 중요합니다.,일교차가 커서 낮에는 덥고 밤에는 쌀쌀해 피부가 예민해졌어요.
dailyglow88,아프리카,이집트,건조기후,경수,★★★★★,남성,49,프로그래머,건성,40°C (체감),24%,"수분 크림, 선쿠션, 진정 스프레이",촉촉한 베이스에 크림 타입 블러셔로 생기를 더하는 메이크업을 추천합니다.,강한 햇빛 대비 SPF 높은 제품을 사용하고 쿨링 미스트로 열감을 진정시켜 주세요.,건조한 바람 때문에 입술과 볼이 자주 텄어요. 수분 크림 없이는 힘들었을 것 같아요.
urbanexplorer_daily,아프리카,이집트,건조기후,경수,★★★★★,여성,56,프리랜서,지성,28°C (체감),27%,"고보습 선크림, 미스트, 영양 크림",메이크업은 최소화하고 톤업 선크림으로 자연스럽게 마무리하는 것을 권장합니다.,자외선 노출 후 진정 젤로 쿨다운하고 세럼으로 수분을 채워주는 것을 추천합니다.,햇빛이 강렬해서 선크림을 2~3시간마다 덧발라야 했어요.
olivia_life,아프리카,이집트,건조기후,경수,★★★★☆,남성,23,디자이너,복합성,30°C (체감),30%,"저자극 선크림, 진정 젤, 수분 세럼",가벼운 수분 쿠션으로 건조함을 커버하며 자연스러운 룩을 연출하세요.,낮은 습도로 인한 수분 손실을 막기 위해 고보습 크림을 겹겹이 발라주세요.,사막성 기후라 그런지 평소보다 피부가 훨씬 건조해지는 걸 느꼈어요.
jiyeon_ing,아프리카,이집트,건조기후,경수,★★★★★,여성,30,승무원,민감성,32°C (체감),33%,"수분 로션, 선크림, 핸드크림",고보습 베이스 제품으로 들뜸 없이 매끈한 피부 표현이 가능합니다.,입술과 손이 트기 쉬우므로 립밤과 핸드크림을 항상 휴대하는 것이 좋습니다.,낮은 습도 때문에 피부가 계속 당기고 화장이 들떴어요. 수분 로션이 필수였습니다.
citywalker_note,아프리카,이집트,건조기후,경수,★★★★★,남성,37,마케터,건성,34°C (체감),16%,"고SPF 선크림, 쿨링 미스트, 립밤",립 제품은 보습 밤 타입을 선택해 건조함으로 인한 각질을 예방하세요.,건조한 기후이므로 미스트를 수시로 뿌려 수분을 보충하는 것이 중요합니다.,일교차가 커서 낮에는 덥고 밤에는 쌀쌀해 피부가 예민해졌어요.
sunny_story,아프리카,이집트,건조기후,경수,★★★★★,여성,44,공무원,지성,36°C (체감),19%,"수분 크림, 선쿠션, 진정 스프레이",촉촉한 베이스에 크림 타입 블러셔로 생기를 더하는 메이크업을 추천합니다.,강한 햇빛 대비 SPF 높은 제품을 사용하고 쿨링 미스트로 열감을 진정시켜 주세요.,건조한 바람 때문에 입술과 볼이 자주 텄어요. 수분 크림 없이는 힘들었을 것 같아요.
hyejin_love,오세아니아,호주,건조기후,경수,★★☆☆☆,남성,31,프리랜서,복합성,28°C (체감),22%,"고보습 선크림, 미스트, 영양 크림",메이크업은 최소화하고 톤업 선크림으로 자연스럽게 마무리하는 것을 권장합니다.,자외선 노출 후 진정 젤로 쿨다운하고 세럼으로 수분을 채워주는 것을 추천합니다.,햇빛이 강렬해서 선크림을 2~3시간마다 덧발라야 했어요.
combiskin88,오세아니아,호주,건조기후,경수,★☆☆☆☆,여성,38,디자이너,민감성,30°C (체감),25%,"저자극 선크림, 진정 젤, 수분 세럼",가벼운 수분 쿠션으로 건조함을 커버하며 자연스러운 룩을 연출하세요.,낮은 습도로 인한 수분 손실을 막기 위해 고보습 크림을 겹겹이 발라주세요.,사막성 기후라 그런지 평소보다 피부가 훨씬 건조해지는 걸 느꼈어요.
chaewon07,오세아니아,호주,건조기후,경수,★★★☆☆,남성,45,승무원,건성,32°C (체감),28%,"수분 로션, 선크림, 핸드크림",고보습 베이스 제품으로 들뜸 없이 매끈한 피부 표현이 가능합니다.,입술과 손이 트기 쉬우므로 립밤과 핸드크림을 항상 휴대하는 것이 좋습니다.,낮은 습도 때문에 피부가 계속 당기고 화장이 들떴어요. 수분 로션이 필수였습니다.
moisturemax_ing,오세아니아,호주,건조기후,경수,★★★★☆,여성,52,마케터,지성,34°C (체감),31%,"고SPF 선크림, 쿨링 미스트, 립밤",립 제품은 보습 밤 타입을 선택해 건조함으로 인한 각질을 예방하세요.,건조한 기후이므로 미스트를 수시로 뿌려 수분을 보충하는 것이 중요합니다.,일교차가 커서 낮에는 덥고 밤에는 쌀쌀해 피부가 예민해졌어요.
beautyaddict_vibe,오세아니아,호주,건조기후,경수,★★★★★,남성,59,공무원,복합성,36°C (체감),34%,"수분 크림, 선쿠션, 진정 스프레이",촉촉한 베이스에 크림 타입 블러셔로 생기를 더하는 메이크업을 추천합니다.,강한 햇빛 대비 SPF 높은 제품을 사용하고 쿨링 미스트로 열감을 진정시켜 주세요.,건조한 바람 때문에 입술과 볼이 자주 텄어요. 수분 크림 없이는 힘들었을 것 같아요.
clearskin_mode,오세아니아,호주,건조기후,경수,★☆☆☆☆,여성,26,회계사,민감성,38°C (체감),17%,"고보습 선크림, 미스트, 영양 크림",메이크업은 최소화하고 톤업 선크림으로 자연스럽게 마무리하는 것을 권장합니다.,자외선 노출 후 진정 젤로 쿨다운하고 세럼으로 수분을 채워주는 것을 추천합니다.,햇빛이 강렬해서 선크림을 2~3시간마다 덧발라야 했어요.
tropicalgirl_mode,오세아니아,호주,건조기후,경수,★★★★☆,남성,33,수의사,건성,40°C (체감),20%,"저자극 선크림, 진정 젤, 수분 세럼",가벼운 수분 쿠션으로 건조함을 커버하며 자연스러운 룩을 연출하세요.,낮은 습도로 인한 수분 손실을 막기 위해 고보습 크림을 겹겹이 발라주세요.,사막성 기후라 그런지 평소보다 피부가 훨씬 건조해지는 걸 느꼈어요.
weekendtrip99,오세아니아,호주,건조기후,경수,★★★☆☆,여성,40,영업직,지성,28°C (체감),23%,"수분 로션, 선크림, 핸드크림",고보습 베이스 제품으로 들뜸 없이 매끈한 피부 표현이 가능합니다.,입술과 손이 트기 쉬우므로 립밤과 핸드크림을 항상 휴대하는 것이 좋습니다.,낮은 습도 때문에 피부가 계속 당기고 화장이 들떴어요. 수분 로션이 필수였습니다.
seojun_life,오세아니아,호주,건조기후,경수,★★★★★,남성,47,대학생,복합성,30°C (체감),26%,"고SPF 선크림, 쿨링 미스트, 립밤",립 제품은 보습 밤 타입을 선택해 건조함으로 인한 각질을 예방하세요.,건조한 기후이므로 미스트를 수시로 뿌려 수분을 보충하는 것이 중요합니다.,일교차가 커서 낮에는 덥고 밤에는 쌀쌀해 피부가 예민해졌어요.
hydrationqueen_love,오세아니아,호주,건조기후,경수,★★★★★,여성,54,간호사,민감성,32°C (체감),29%,"수분 크림, 선쿠션, 진정 스프레이",촉촉한 베이스에 크림 타입 블러셔로 생기를 더하는 메이크업을 추천합니다.,강한 햇빛 대비 SPF 높은 제품을 사용하고 쿨링 미스트로 열감을 진정시켜 주세요.,건조한 바람 때문에 입술과 볼이 자주 텄어요. 수분 크림 없이는 힘들었을 것 같아요.
minjun_life,북아메리카,미국,온대기후,경수,★★★☆☆,여성,36,프리랜서,건성,18°C (체감),57%,"수분 크림, 선크림, 립밤",가벼운 톤업로션 정도로 자연스럽게 표현하는 메이크업이 잘 어울립니다.,일교차로 예민해지기 쉬운 피부에는 저자극 진정 라인 사용을 권장합니다.,생각보다 자외선이 강해서 선크림을 안 쓰면 금방 붉어졌어요.
seungmin_daily,북아메리카,미국,온대기후,경수,★★★☆☆,남성,43,디자이너,지성,20°C (체감),60%,"올인원 로션, 선크림, 미스트",저자극 톤업크림 위주로 하고 색조는 최소화하는 것을 권장합니다.,실내 난방·냉방으로 건조해지기 쉬우니 블로팅 페이퍼와 미스트를 함께 챙기세요.,쾌적한 날씨였지만 건조해서 립밤과 수분크림을 자주 발라야 했어요.
gina_love,북아메리카,미국,온대기후,경수,★★☆☆☆,여성,50,승무원,복합성,22°C (체감),63%,"저자극 크림, 진정 토너, 수분 마스크팩",가벼운 산뜻한 로션 타입으로 유분이 적은 제품 위주로 사용하세요.,실내외 온도차가 큰 날에는 수분크림을 자주 덧발라 주는 것이 좋습니다.,일교차가 커서 아침저녁으로 피부 컨디션이 완전히 달랐어요. 저자극 크림이 도움이 됐어요.
seoyeon_world,북아메리카,미국,온대기후,경수,★★★★☆,남성,57,마케터,민감성,24°C (체감),46%,"산뜻한 로션, 선크림, 블로팅 페이퍼",촉촉한 선쿠션과 립틴트로 화사한 인상을 연출할 수 있습니다.,일교차가 크므로 수분 크림으로 아침저녁 보습을 꼼꼼히 챙겨주세요.,날씨는 선선했는데 실내 난방 때문에 오히려 피부가 건조하고 번들거렸어요.
dailyglow_vibe,북아메리카,미국,온대기후,경수,★★★★☆,여성,24,공무원,건성,26°C (체감),49%,"수분 크림, 립틴트, 선쿠션",촉촉한 쿠션과 크림 블러셔로 생기 있는 룩을 연출하는 것을 추천합니다.,환절기 피부 컨디션 변화에 대비해 올인원 로션으로 간편하게 보습을 유지하세요.,사계절이 뚜렷한 곳이라 그런지 여행 기간 내내 온도 변화에 신경 써야 했어요.
yoona88,북아메리카,미국,온대기후,경수,★★★★☆,남성,31,회계사,지성,28°C (체감),52%,"수분 크림, 선크림, 립밤",가벼운 톤업로션 정도로 자연스럽게 표현하는 메이크업이 잘 어울립니다.,일교차로 예민해지기 쉬운 피부에는 저자극 진정 라인 사용을 권장합니다.,생각보다 자외선이 강해서 선크림을 안 쓰면 금방 붉어졌어요.
spflover23,북아메리카,미국,온대기후,경수,★★★☆☆,여성,38,수의사,복합성,16°C (체감),55%,"올인원 로션, 선크림, 미스트",저자극 톤업크림 위주로 하고 색조는 최소화하는 것을 권장합니다.,실내 난방·냉방으로 건조해지기 쉬우니 블로팅 페이퍼와 미스트를 함께 챙기세요.,쾌적한 날씨였지만 건조해서 립밤과 수분크림을 자주 발라야 했어요.
radiantme_log,북아메리카,미국,온대기후,경수,★★★★★,남성,45,영업직,민감성,18°C (체감),58%,"저자극 크림, 진정 토너, 수분 마스크팩",가벼운 산뜻한 로션 타입으로 유분이 적은 제품 위주로 사용하세요.,실내외 온도차가 큰 날에는 수분크림을 자주 덧발라 주는 것이 좋습니다.,일교차가 커서 아침저녁으로 피부 컨디션이 완전히 달랐어요. 저자극 크림이 도움이 됐어요.
sunnytraveler_vibe,북아메리카,미국,온대기후,경수,★★★★☆,여성,52,대학생,건성,20°C (체감),61%,"산뜻한 로션, 선크림, 블로팅 페이퍼",촉촉한 선쿠션과 립틴트로 화사한 인상을 연출할 수 있습니다.,일교차가 크므로 수분 크림으로 아침저녁 보습을 꼼꼼히 챙겨주세요.,날씨는 선선했는데 실내 난방 때문에 오히려 피부가 건조하고 번들거렸어요.
sunny_note,북아메리카,미국,온대기후,경수,★★★★★,남성,59,간호사,지성,22°C (체감),64%,"수분 크림, 립틴트, 선쿠션",촉촉한 쿠션과 크림 블러셔로 생기 있는 룩을 연출하는 것을 추천합니다.,환절기 피부 컨디션 변화에 대비해 올인원 로션으로 간편하게 보습을 유지하세요.,사계절이 뚜렷한 곳이라 그런지 여행 기간 내내 온도 변화에 신경 써야 했어요.
wanderlust_log,유럽,프랑스,온대기후,경수,★★★☆☆,여성,34,디자이너,복합성,28°C (체감),55%,"산뜻한 로션, 선크림, 블로팅 페이퍼",촉촉한 선쿠션과 립틴트로 화사한 인상을 연출할 수 있습니다.,일교차가 크므로 수분 크림으로 아침저녁 보습을 꼼꼼히 챙겨주세요.,날씨는 선선했는데 실내 난방 때문에 오히려 피부가 건조하고 번들거렸어요.
tropicalgirl_official,유럽,프랑스,온대기후,경수,★★★★★,남성,41,승무원,복합성,16°C (체감),58%,"수분 크림, 립틴트, 선쿠션",촉촉한 쿠션과 크림 블러셔로 생기 있는 룩을 연출하는 것을 추천합니다.,환절기 피부 컨디션 변화에 대비해 올인원 로션으로 간편하게 보습을 유지하세요.,사계절이 뚜렷한 곳이라 그런지 여행 기간 내내 온도 변화에 신경 써야 했어요.
yuna_diary,유럽,프랑스,온대기후,경수,★★★☆☆,여성,48,마케터,복합성,18°C (체감),61%,"수분 크림, 선크림, 립밤",가벼운 톤업로션 정도로 자연스럽게 표현하는 메이크업이 잘 어울립니다.,일교차로 예민해지기 쉬운 피부에는 저자극 진정 라인 사용을 권장합니다.,생각보다 자외선이 강해서 선크림을 안 쓰면 금방 붉어졌어요.
haru_note,유럽,프랑스,온대기후,경수,★☆☆☆☆,남성,55,공무원,복합성,20°C (체감),64%,"올인원 로션, 선크림, 미스트",저자극 톤업크림 위주로 하고 색조는 최소화하는 것을 권장합니다.,실내 난방·냉방으로 건조해지기 쉬우니 블로팅 페이퍼와 미스트를 함께 챙기세요.,쾌적한 날씨였지만 건조해서 립밤과 수분크림을 자주 발라야 했어요.
dewyskin_k,유럽,프랑스,온대기후,경수,★★★★★,여성,22,회계사,복합성,22°C (체감),47%,"저자극 크림, 진정 토너, 수분 마스크팩",가벼운 산뜻한 로션 타입으로 유분이 적은 제품 위주로 사용하세요.,실내외 온도차가 큰 날에는 수분크림을 자주 덧발라 주는 것이 좋습니다.,일교차가 커서 아침저녁으로 피부 컨디션이 완전히 달랐어요. 저자극 크림이 도움이 됐어요.
toneuplife_world,유럽,프랑스,온대기후,경수,★★★★☆,남성,29,수의사,복합성,24°C (체감),50%,"산뜻한 로션, 선크림, 블로팅 페이퍼",촉촉한 선쿠션과 립틴트로 화사한 인상을 연출할 수 있습니다.,일교차가 크므로 수분 크림으로 아침저녁 보습을 꼼꼼히 챙겨주세요.,날씨는 선선했는데 실내 난방 때문에 오히려 피부가 건조하고 번들거렸어요.
somin99,유럽,프랑스,온대기후,경수,★★★★☆,여성,36,영업직,복합성,26°C (체감),53%,"수분 크림, 립틴트, 선쿠션",촉촉한 쿠션과 크림 블러셔로 생기 있는 룩을 연출하는 것을 추천합니다.,환절기 피부 컨디션 변화에 대비해 올인원 로션으로 간편하게 보습을 유지하세요.,사계절이 뚜렷한 곳이라 그런지 여행 기간 내내 온도 변화에 신경 써야 했어요.
roadtripper88,유럽,프랑스,온대기후,경수,★★☆☆☆,남성,43,대학생,복합성,28°C (체감),56%,"수분 크림, 선크림, 립밤",가벼운 톤업로션 정도로 자연스럽게 표현하는 메이크업이 잘 어울립니다.,일교차로 예민해지기 쉬운 피부에는 저자극 진정 라인 사용을 권장합니다.,생각보다 자외선이 강해서 선크림을 안 쓰면 금방 붉어졌어요.
iseul_k,유럽,프랑스,온대기후,경수,★★★★☆,여성,50,간호사,복합성,16°C (체감),59%,"올인원 로션, 선크림, 미스트",저자극 톤업크림 위주로 하고 색조는 최소화하는 것을 권장합니다.,실내 난방·냉방으로 건조해지기 쉬우니 블로팅 페이퍼와 미스트를 함께 챙기세요.,쾌적한 날씨였지만 건조해서 립밤과 수분크림을 자주 발라야 했어요.
desertrose_diary,유럽,프랑스,온대기후,경수,★★★★★,남성,57,사진작가,복합성,18°C (체감),62%,"저자극 크림, 진정 토너, 수분 마스크팩",가벼운 산뜻한 로션 타입으로 유분이 적은 제품 위주로 사용하세요.,실내외 온도차가 큰 날에는 수분크림을 자주 덧발라 주는 것이 좋습니다.,일교차가 커서 아침저녁으로 피부 컨디션이 완전히 달랐어요. 저자극 크림이 도움이 됐어요.
sunnytraveler99,유럽,영국,온대기후,경수,★★★★☆,여성,26,여행가이드,복합성,26°C (체감),47%,"수분 크림, 선크림, 립밤",가벼운 톤업로션 정도로 자연스럽게 표현하는 메이크업이 잘 어울립니다.,일교차로 예민해지기 쉬운 피부에는 저자극 진정 라인 사용을 권장합니다.,생각보다 자외선이 강해서 선크림을 안 쓰면 금방 붉어졌어요.
cushionfan_life,유럽,영국,온대기후,경수,★☆☆☆☆,남성,33,작가,민감성,28°C (체감),50%,"올인원 로션, 선크림, 미스트",저자극 톤업크림 위주로 하고 색조는 최소화하는 것을 권장합니다.,실내 난방·냉방으로 건조해지기 쉬우니 블로팅 페이퍼와 미스트를 함께 챙기세요.,쾌적한 날씨였지만 건조해서 립밤과 수분크림을 자주 발라야 했어요.
eunji_vibe,유럽,영국,온대기후,경수,★★☆☆☆,여성,40,연구원,건성,16°C (체감),53%,"저자극 크림, 진정 토너, 수분 마스크팩",가벼운 산뜻한 로션 타입으로 유분이 적은 제품 위주로 사용하세요.,실내외 온도차가 큰 날에는 수분크림을 자주 덧발라 주는 것이 좋습니다.,일교차가 커서 아침저녁으로 피부 컨디션이 완전히 달랐어요. 저자극 크림이 도움이 됐어요.
spflover_note,유럽,영국,온대기후,경수,★★★★★,남성,47,바리스타,지성,18°C (체감),56%,"산뜻한 로션, 선크림, 블로팅 페이퍼",촉촉한 선쿠션과 립틴트로 화사한 인상을 연출할 수 있습니다.,일교차가 크므로 수분 크림으로 아침저녁 보습을 꼼꼼히 챙겨주세요.,날씨는 선선했는데 실내 난방 때문에 오히려 피부가 건조하고 번들거렸어요.
glowygirl_92,유럽,영국,온대기후,경수,★★★★★,여성,54,프로그래머,복합성,20°C (체감),59%,"수분 크림, 립틴트, 선쿠션",촉촉한 쿠션과 크림 블러셔로 생기 있는 룩을 연출하는 것을 추천합니다.,환절기 피부 컨디션 변화에 대비해 올인원 로션으로 간편하게 보습을 유지하세요.,사계절이 뚜렷한 곳이라 그런지 여행 기간 내내 온도 변화에 신경 써야 했어요.
jina_world,유럽,영국,온대기후,경수,★★★★★,남성,21,프리랜서,민감성,22°C (체감),62%,"수분 크림, 선크림, 립밤",가벼운 톤업로션 정도로 자연스럽게 표현하는 메이크업이 잘 어울립니다.,일교차로 예민해지기 쉬운 피부에는 저자극 진정 라인 사용을 권장합니다.,생각보다 자외선이 강해서 선크림을 안 쓰면 금방 붉어졌어요.
jieun_mode,유럽,영국,온대기후,경수,★★★★★,여성,28,디자이너,건성,24°C (체감),45%,"올인원 로션, 선크림, 미스트",저자극 톤업크림 위주로 하고 색조는 최소화하는 것을 권장합니다.,실내 난방·냉방으로 건조해지기 쉬우니 블로팅 페이퍼와 미스트를 함께 챙기세요.,쾌적한 날씨였지만 건조해서 립밤과 수분크림을 자주 발라야 했어요.
chaewon_daily,유럽,영국,온대기후,경수,★★★★☆,남성,35,승무원,지성,26°C (체감),48%,"저자극 크림, 진정 토너, 수분 마스크팩",가벼운 산뜻한 로션 타입으로 유분이 적은 제품 위주로 사용하세요.,실내외 온도차가 큰 날에는 수분크림을 자주 덧발라 주는 것이 좋습니다.,일교차가 커서 아침저녁으로 피부 컨디션이 완전히 달랐어요. 저자극 크림이 도움이 됐어요.
beautyaddict_diary,유럽,영국,온대기후,경수,★★★★★,여성,42,마케터,복합성,28°C (체감),51%,"산뜻한 로션, 선크림, 블로팅 페이퍼",촉촉한 선쿠션과 립틴트로 화사한 인상을 연출할 수 있습니다.,일교차가 크므로 수분 크림으로 아침저녁 보습을 꼼꼼히 챙겨주세요.,날씨는 선선했는데 실내 난방 때문에 오히려 피부가 건조하고 번들거렸어요.
nomakeupdays_log,유럽,영국,온대기후,경수,★★☆☆☆,남성,49,공무원,민감성,16°C (체감),54%,"수분 크림, 립틴트, 선쿠션",촉촉한 쿠션과 크림 블러셔로 생기 있는 룩을 연출하는 것을 추천합니다.,환절기 피부 컨디션 변화에 대비해 올인원 로션으로 간편하게 보습을 유지하세요.,사계절이 뚜렷한 곳이라 그런지 여행 기간 내내 온도 변화에 신경 써야 했어요.
rina01,유럽,스페인,온대기후,경수,★★★☆☆,여성,40,대학생,민감성,28°C (체감),61%,"수분 크림, 립틴트, 선쿠션",촉촉한 쿠션과 크림 블러셔로 생기 있는 룩을 연출하는 것을 추천합니다.,환절기 피부 컨디션 변화에 대비해 올인원 로션으로 간편하게 보습을 유지하세요.,사계절이 뚜렷한 곳이라 그런지 여행 기간 내내 온도 변화에 신경 써야 했어요.
iseul23,유럽,스페인,온대기후,경수,★★★★★,남성,47,간호사,민감성,16°C (체감),64%,"수분 크림, 선크림, 립밤",가벼운 톤업로션 정도로 자연스럽게 표현하는 메이크업이 잘 어울립니다.,일교차로 예민해지기 쉬운 피부에는 저자극 진정 라인 사용을 권장합니다.,생각보다 자외선이 강해서 선크림을 안 쓰면 금방 붉어졌어요.
somin01,유럽,스페인,온대기후,경수,★★★★☆,여성,54,사진작가,민감성,18°C (체감),47%,"올인원 로션, 선크림, 미스트",저자극 톤업크림 위주로 하고 색조는 최소화하는 것을 권장합니다.,실내 난방·냉방으로 건조해지기 쉬우니 블로팅 페이퍼와 미스트를 함께 챙기세요.,쾌적한 날씨였지만 건조해서 립밤과 수분크림을 자주 발라야 했어요.
packlight_note,유럽,스페인,온대기후,경수,★★★★★,남성,21,엔지니어,민감성,20°C (체감),50%,"저자극 크림, 진정 토너, 수분 마스크팩",가벼운 산뜻한 로션 타입으로 유분이 적은 제품 위주로 사용하세요.,실내외 온도차가 큰 날에는 수분크림을 자주 덧발라 주는 것이 좋습니다.,일교차가 커서 아침저녁으로 피부 컨디션이 완전히 달랐어요. 저자극 크림이 도움이 됐어요.
dryskin_log,유럽,스페인,온대기후,경수,★★★★☆,여성,28,약사,민감성,22°C (체감),53%,"산뜻한 로션, 선크림, 블로팅 페이퍼",촉촉한 선쿠션과 립틴트로 화사한 인상을 연출할 수 있습니다.,일교차가 크므로 수분 크림으로 아침저녁 보습을 꼼꼼히 챙겨주세요.,날씨는 선선했는데 실내 난방 때문에 오히려 피부가 건조하고 번들거렸어요.
makeupfan_diary,유럽,스페인,온대기후,경수,★★★★★,남성,35,트레이너,민감성,24°C (체감),56%,"수분 크림, 립틴트, 선쿠션",촉촉한 쿠션과 크림 블러셔로 생기 있는 룩을 연출하는 것을 추천합니다.,환절기 피부 컨디션 변화에 대비해 올인원 로션으로 간편하게 보습을 유지하세요.,사계절이 뚜렷한 곳이라 그런지 여행 기간 내내 온도 변화에 신경 써야 했어요.
humidmood_love,유럽,스페인,온대기후,경수,★★★★★,여성,42,건축가,민감성,26°C (체감),59%,"수분 크림, 선크림, 립밤",가벼운 톤업로션 정도로 자연스럽게 표현하는 메이크업이 잘 어울립니다.,일교차로 예민해지기 쉬운 피부에는 저자극 진정 라인 사용을 권장합니다.,생각보다 자외선이 강해서 선크림을 안 쓰면 금방 붉어졌어요.
sunny07,유럽,스페인,온대기후,경수,★★★★★,남성,49,일러스트레이터,민감성,28°C (체감),62%,"올인원 로션, 선크림, 미스트",저자극 톤업크림 위주로 하고 색조는 최소화하는 것을 권장합니다.,실내 난방·냉방으로 건조해지기 쉬우니 블로팅 페이퍼와 미스트를 함께 챙기세요.,쾌적한 날씨였지만 건조해서 립밤과 수분크림을 자주 발라야 했어요.
hayoung_love,유럽,스페인,온대기후,경수,★★★★☆,여성,56,회사원,민감성,16°C (체감),45%,"저자극 크림, 진정 토너, 수분 마스크팩",가벼운 산뜻한 로션 타입으로 유분이 적은 제품 위주로 사용하세요.,실내외 온도차가 큰 날에는 수분크림을 자주 덧발라 주는 것이 좋습니다.,일교차가 커서 아침저녁으로 피부 컨디션이 완전히 달랐어요. 저자극 크림이 도움이 됐어요.
citywalker_zone,유럽,스페인,온대기후,경수,★★★☆☆,남성,23,교사,민감성,18°C (체감),48%,"산뜻한 로션, 선크림, 블로팅 페이퍼",촉촉한 선쿠션과 립틴트로 화사한 인상을 연출할 수 있습니다.,일교차가 크므로 수분 크림으로 아침저녁 보습을 꼼꼼히 챙겨주세요.,날씨는 선선했는데 실내 난방 때문에 오히려 피부가 건조하고 번들거렸어요.
cloudnine_love,아시아,튀르키예,온대기후,경수,★★★★☆,남성,31,일러스트레이터,건성,17°C (체감),52%,"수분 크림, 선크림, 립밤",가벼운 톤업로션 정도로 자연스럽게 표현하는 메이크업이 잘 어울립니다.,일교차로 예민해지기 쉬운 피부에는 저자극 진정 라인 사용을 권장합니다.,생각보다 자외선이 강해서 선크림을 안 쓰면 금방 붉어졌어요.
tropicalgirl07,아시아,튀르키예,온대기후,경수,★★★★★,여성,38,회사원,지성,19°C (체감),55%,"올인원 로션, 선크림, 미스트",저자극 톤업크림 위주로 하고 색조는 최소화하는 것을 권장합니다.,실내 난방·냉방으로 건조해지기 쉬우니 블로팅 페이퍼와 미스트를 함께 챙기세요.,쾌적한 날씨였지만 건조해서 립밤과 수분크림을 자주 발라야 했어요.
dewyskin_daily,아시아,튀르키예,온대기후,경수,★★★☆☆,남성,45,교사,복합성,21°C (체감),58%,"저자극 크림, 진정 토너, 수분 마스크팩",가벼운 산뜻한 로션 타입으로 유분이 적은 제품 위주로 사용하세요.,실내외 온도차가 큰 날에는 수분크림을 자주 덧발라 주는 것이 좋습니다.,일교차가 커서 아침저녁으로 피부 컨디션이 완전히 달랐어요. 저자극 크림이 도움이 됐어요.
islandhopper_zone,아시아,튀르키예,온대기후,경수,★★☆☆☆,여성,52,요리사,민감성,23°C (체감),61%,"산뜻한 로션, 선크림, 블로팅 페이퍼",촉촉한 선쿠션과 립틴트로 화사한 인상을 연출할 수 있습니다.,일교차가 크므로 수분 크림으로 아침저녁 보습을 꼼꼼히 챙겨주세요.,날씨는 선선했는데 실내 난방 때문에 오히려 피부가 건조하고 번들거렸어요.
chorong_life,아시아,튀르키예,온대기후,경수,★★★☆☆,남성,59,자영업,건성,25°C (체감),64%,"수분 크림, 립틴트, 선쿠션",촉촉한 쿠션과 크림 블러셔로 생기 있는 룩을 연출하는 것을 추천합니다.,환절기 피부 컨디션 변화에 대비해 올인원 로션으로 간편하게 보습을 유지하세요.,사계절이 뚜렷한 곳이라 그런지 여행 기간 내내 온도 변화에 신경 써야 했어요.
nayeon99,아시아,튀르키예,온대기후,경수,★★★☆☆,여성,26,여행가이드,지성,27°C (체감),47%,"수분 크림, 선크림, 립밤",가벼운 톤업로션 정도로 자연스럽게 표현하는 메이크업이 잘 어울립니다.,일교차로 예민해지기 쉬운 피부에는 저자극 진정 라인 사용을 권장합니다.,생각보다 자외선이 강해서 선크림을 안 쓰면 금방 붉어졌어요.
beachbum07,아시아,튀르키예,온대기후,경수,★★★★★,남성,33,작가,복합성,15°C (체감),50%,"올인원 로션, 선크림, 미스트",저자극 톤업크림 위주로 하고 색조는 최소화하는 것을 권장합니다.,실내 난방·냉방으로 건조해지기 쉬우니 블로팅 페이퍼와 미스트를 함께 챙기세요.,쾌적한 날씨였지만 건조해서 립밤과 수분크림을 자주 발라야 했어요.
passportready_note,아시아,튀르키예,온대기후,경수,★★★★☆,여성,40,연구원,민감성,17°C (체감),53%,"저자극 크림, 진정 토너, 수분 마스크팩",가벼운 산뜻한 로션 타입으로 유분이 적은 제품 위주로 사용하세요.,실내외 온도차가 큰 날에는 수분크림을 자주 덧발라 주는 것이 좋습니다.,일교차가 커서 아침저녁으로 피부 컨디션이 완전히 달랐어요. 저자극 크림이 도움이 됐어요.
dahye01,아시아,튀르키예,온대기후,경수,★★★★★,남성,47,바리스타,건성,19°C (체감),56%,"산뜻한 로션, 선크림, 블로팅 페이퍼",촉촉한 선쿠션과 립틴트로 화사한 인상을 연출할 수 있습니다.,일교차가 크므로 수분 크림으로 아침저녁 보습을 꼼꼼히 챙겨주세요.,날씨는 선선했는데 실내 난방 때문에 오히려 피부가 건조하고 번들거렸어요.
softskin_vibe,아시아,튀르키예,온대기후,경수,★★★☆☆,여성,54,프로그래머,지성,21°C (체감),59%,"수분 크림, 립틴트, 선쿠션",촉촉한 쿠션과 크림 블러셔로 생기 있는 룩을 연출하는 것을 추천합니다.,환절기 피부 컨디션 변화에 대비해 올인원 로션으로 간편하게 보습을 유지하세요.,사계절이 뚜렷한 곳이라 그런지 여행 기간 내내 온도 변화에 신경 써야 했어요.
daon_life,북아메리카,캐나다,냉대기후,연수,★★★★★,남성,33,건축가,지성,-4°C (체감),49%,"저자극 크림, 진정 밤, 립밤",가벼운 수분 로션 후 톤업크림으로 자연스럽게 마무리하세요.,손과 얼굴이 쉽게 트므로 핸드크림과 영양 크림을 자주 발라주는 것을 추천합니다.,너무 건조하고 추워서 얼굴이 갈라질 것 같았어요. 저자극 크림 없이는 힘들었어요.
jieun_vibe,북아메리카,캐나다,냉대기후,연수,★★★☆☆,여성,40,일러스트레이터,지성,-2°C (체감),52%,"고보습 로션, 선크림, 미스트",입술과 볼이 트기 쉬우므로 유분감 있는 크림 타입 제품을 선택하세요.,매우 건조하고 추운 날씨이므로 영양 오일과 고보습 크림을 필수로 챙기세요.,찬바람이 강해서 볼과 입술이 계속 텄어요. 보습 제품을 몇 개는 챙겨가야 해요.
chorong07,북아메리카,캐나다,냉대기후,연수,★★★★★,남성,47,회사원,지성,0°C (체감),30%,"영양 크림, 립밤, 핸드크림",메이크업보다는 보습 위주로 관리하고 톤업크림 정도만 가볍게 바르는 것을 추천합니다.,일교차와 자외선 모두 신경 써야 하므로 수분크림과 선크림을 함께 관리하세요.,낮과 밤의 기온차가 커서 피부가 계속 예민해졌어요.
eden99,북아메리카,캐나다,냉대기후,연수,★★★☆☆,여성,54,교사,지성,2°C (체감),33%,"고보습 크림, 립밤, 영양 오일",촉촉한 크림 베이스로 건조함을 커버하는 메이크업이 잘 어울립니다.,찬바람에 트러블이 생기기 쉬우므로 진정 밤으로 집중 케어해 주는 것이 좋습니다.,평소 지성 피부인데도 여기서는 피부가 당기고 건조해지는 걸 느꼈어요.
beautyaddict_love,북아메리카,캐나다,냉대기후,연수,★★★★★,남성,21,요리사,지성,4°C (체감),36%,"수분 크림, 선크림, 핸드크림",색조는 생략하고 저자극 보습크림으로 피부 보호막을 만들어 주는 것이 좋습니다.,실내외 온도차가 크니 고보습 로션으로 수분 손실을 최소화하세요.,손이 다 트더라고요. 핸드크림을 수시로 발라야 했습니다.
seojun_k,북아메리카,캐나다,냉대기후,연수,★★★★★,여성,28,자영업,지성,6°C (체감),39%,"저자극 크림, 진정 밤, 립밤",가벼운 수분 로션 후 톤업크림으로 자연스럽게 마무리하세요.,손과 얼굴이 쉽게 트므로 핸드크림과 영양 크림을 자주 발라주는 것을 추천합니다.,너무 건조하고 추워서 얼굴이 갈라질 것 같았어요. 저자극 크림 없이는 힘들었어요.
clearskin_ing,북아메리카,캐나다,냉대기후,연수,★★★★☆,남성,35,여행가이드,지성,8°C (체감),42%,"고보습 로션, 선크림, 미스트",입술과 볼이 트기 쉬우므로 유분감 있는 크림 타입 제품을 선택하세요.,매우 건조하고 추운 날씨이므로 영양 오일과 고보습 크림을 필수로 챙기세요.,찬바람이 강해서 볼과 입술이 계속 텄어요. 보습 제품을 몇 개는 챙겨가야 해요.
funtraveler_diary,북아메리카,캐나다,냉대기후,연수,★★★★★,여성,42,작가,지성,10°C (체감),45%,"영양 크림, 립밤, 핸드크림",메이크업보다는 보습 위주로 관리하고 톤업크림 정도만 가볍게 바르는 것을 추천합니다.,일교차와 자외선 모두 신경 써야 하므로 수분크림과 선크림을 함께 관리하세요.,낮과 밤의 기온차가 커서 피부가 계속 예민해졌어요.
backpacklife01,북아메리카,캐나다,냉대기후,연수,★★☆☆☆,남성,49,연구원,지성,-10°C (체감),48%,"고보습 크림, 립밤, 영양 오일",촉촉한 크림 베이스로 건조함을 커버하는 메이크업이 잘 어울립니다.,찬바람에 트러블이 생기기 쉬우므로 진정 밤으로 집중 케어해 주는 것이 좋습니다.,평소 지성 피부인데도 여기서는 피부가 당기고 건조해지는 걸 느꼈어요.
coolbreeze_diary,북아메리카,캐나다,냉대기후,연수,★★★★★,여성,56,바리스타,지성,-8°C (체감),51%,"수분 크림, 선크림, 핸드크림",색조는 생략하고 저자극 보습크림으로 피부 보호막을 만들어 주는 것이 좋습니다.,실내외 온도차가 크니 고보습 로션으로 수분 손실을 최소화하세요.,손이 다 트더라고요. 핸드크림을 수시로 발라야 했습니다.
olivia_love,유럽,러시아,냉대기후,연수,★★★★☆,남성,21,일러스트레이터,복합성,-8°C (체감),52%,"고보습 크림, 립밤, 영양 오일",촉촉한 크림 베이스로 건조함을 커버하는 메이크업이 잘 어울립니다.,찬바람에 트러블이 생기기 쉬우므로 진정 밤으로 집중 케어해 주는 것이 좋습니다.,평소 지성 피부인데도 여기서는 피부가 당기고 건조해지는 걸 느꼈어요.
barefaced_life,유럽,러시아,냉대기후,연수,★★★★☆,여성,28,회사원,민감성,-6°C (체감),30%,"수분 크림, 선크림, 핸드크림",색조는 생략하고 저자극 보습크림으로 피부 보호막을 만들어 주는 것이 좋습니다.,실내외 온도차가 크니 고보습 로션으로 수분 손실을 최소화하세요.,손이 다 트더라고요. 핸드크림을 수시로 발라야 했습니다.
passportready_k,유럽,러시아,냉대기후,연수,★★☆☆☆,남성,35,교사,건성,-4°C (체감),33%,"저자극 크림, 진정 밤, 립밤",가벼운 수분 로션 후 톤업크림으로 자연스럽게 마무리하세요.,손과 얼굴이 쉽게 트므로 핸드크림과 영양 크림을 자주 발라주는 것을 추천합니다.,너무 건조하고 추워서 얼굴이 갈라질 것 같았어요. 저자극 크림 없이는 힘들었어요.
suji01,유럽,러시아,냉대기후,연수,★★★★★,여성,42,요리사,지성,-2°C (체감),36%,"고보습 로션, 선크림, 미스트",입술과 볼이 트기 쉬우므로 유분감 있는 크림 타입 제품을 선택하세요.,매우 건조하고 추운 날씨이므로 영양 오일과 고보습 크림을 필수로 챙기세요.,찬바람이 강해서 볼과 입술이 계속 텄어요. 보습 제품을 몇 개는 챙겨가야 해요.
yoonseo_k,유럽,러시아,냉대기후,연수,★★★★☆,남성,49,자영업,복합성,0°C (체감),39%,"영양 크림, 립밤, 핸드크림",메이크업보다는 보습 위주로 관리하고 톤업크림 정도만 가볍게 바르는 것을 추천합니다.,일교차와 자외선 모두 신경 써야 하므로 수분크림과 선크림을 함께 관리하세요.,낮과 밤의 기온차가 커서 피부가 계속 예민해졌어요.
softskin_92,유럽,러시아,냉대기후,연수,★★★★☆,여성,56,여행가이드,민감성,2°C (체감),42%,"고보습 크림, 립밤, 영양 오일",촉촉한 크림 베이스로 건조함을 커버하는 메이크업이 잘 어울립니다.,찬바람에 트러블이 생기기 쉬우므로 진정 밤으로 집중 케어해 주는 것이 좋습니다.,평소 지성 피부인데도 여기서는 피부가 당기고 건조해지는 걸 느꼈어요.
coolbreeze_note,유럽,러시아,냉대기후,연수,★★★☆☆,남성,23,작가,건성,4°C (체감),45%,"수분 크림, 선크림, 핸드크림",색조는 생략하고 저자극 보습크림으로 피부 보호막을 만들어 주는 것이 좋습니다.,실내외 온도차가 크니 고보습 로션으로 수분 손실을 최소화하세요.,손이 다 트더라고요. 핸드크림을 수시로 발라야 했습니다.
quinn_story,유럽,러시아,냉대기후,연수,★☆☆☆☆,여성,30,연구원,지성,6°C (체감),48%,"저자극 크림, 진정 밤, 립밤",가벼운 수분 로션 후 톤업크림으로 자연스럽게 마무리하세요.,손과 얼굴이 쉽게 트므로 핸드크림과 영양 크림을 자주 발라주는 것을 추천합니다.,너무 건조하고 추워서 얼굴이 갈라질 것 같았어요. 저자극 크림 없이는 힘들었어요.
iseul07,유럽,러시아,냉대기후,연수,★★★★★,남성,37,바리스타,복합성,8°C (체감),51%,"고보습 로션, 선크림, 미스트",입술과 볼이 트기 쉬우므로 유분감 있는 크림 타입 제품을 선택하세요.,매우 건조하고 추운 날씨이므로 영양 오일과 고보습 크림을 필수로 챙기세요.,찬바람이 강해서 볼과 입술이 계속 텄어요. 보습 제품을 몇 개는 챙겨가야 해요.
kyla_note,유럽,러시아,냉대기후,연수,★★★☆☆,여성,44,프로그래머,민감성,10°C (체감),54%,"영양 크림, 립밤, 핸드크림",메이크업보다는 보습 위주로 관리하고 톤업크림 정도만 가볍게 바르는 것을 추천합니다.,일교차와 자외선 모두 신경 써야 하므로 수분크림과 선크림을 함께 관리하세요.,낮과 밤의 기온차가 커서 피부가 계속 예민해졌어요.
eunwoo_life,유럽,아이슬란드,한대기후,연수,★★★★☆,남성,33,프로그래머,지성,-15°C (체감),69%,"고보습 로션, 선크림, 립밤",찬바람에 대비해 유분감 있는 크림 타입 제품을 선택하는 것을 권장합니다.,손과 얼굴 모두 트기 쉬우므로 핸드크림과 고보습 로션을 함께 사용하세요.,연중 춥고 건조해서 얼굴이 계속 당기고 갈라질 것 같았어요. 고보습 로션이 필수였어요.
jetsetter_ing,유럽,아이슬란드,한대기후,연수,★★★★☆,여성,40,프리랜서,지성,-13°C (체감),42%,"영양 크림, 미스트, 핸드크림",입술과 볼이 트기 쉬우므로 영양 밤 타입 제품 위주로 관리하세요.,연중 춥고 건조하므로 고보습 크림과 영양 오일로 이중 보습을 해주세요.,화산·빙하 지형 관광이 많아 찬바람에 노출되는 시간이 길어 피부가 많이 상했어요.
jiwoo_ing,유럽,아이슬란드,한대기후,연수,★★★★★,남성,47,디자이너,지성,-11°C (체감),45%,"고보습 크림, 선크림, 진정 밤",메이크업보다 보습과 진정 관리에 집중하는 것을 추천합니다.,찬바람과 강한 자외선(설맹 주의)에 대비해 선크림도 꼭 챙기는 것이 좋습니다.,생각보다 자외선이 강해서 눈밭에서도 선크림이 꼭 필요했어요.
hyerin_world,유럽,아이슬란드,한대기후,연수,★★★☆☆,여성,54,승무원,지성,-9°C (체감),48%,"고보습 크림, 영양 오일, 립밤",저자극 고보습크림 위주로 얇게 발라 피부 보호막을 형성해 주세요.,예민해지기 쉬운 피부에는 저자극 진정 밤으로 집중 케어해 주세요.,실내 난방 때문에 건조함이 심해서 미스트를 계속 뿌려야 했어요.
suji_log,유럽,아이슬란드,한대기후,연수,★☆☆☆☆,남성,21,마케터,지성,-7°C (체감),51%,"저자극 크림, 진정 밤, 핸드크림",색조는 생략하고 톤업 기능이 있는 보습크림 정도만 사용하는 것이 좋습니다.,실내 난방으로 건조해질 수 있어 미스트로 수분을 자주 보충하세요.,손끝이 다 트고 갈라져서 핸드크림을 하루에도 몇 번씩 발랐어요.
clearskin07,유럽,아이슬란드,한대기후,연수,★★★★☆,여성,28,공무원,지성,-5°C (체감),54%,"고보습 로션, 선크림, 립밤",찬바람에 대비해 유분감 있는 크림 타입 제품을 선택하는 것을 권장합니다.,손과 얼굴 모두 트기 쉬우므로 핸드크림과 고보습 로션을 함께 사용하세요.,연중 춥고 건조해서 얼굴이 계속 당기고 갈라질 것 같았어요. 고보습 로션이 필수였어요.
sunny23,유럽,아이슬란드,한대기후,연수,★★★★★,남성,35,회계사,지성,-3°C (체감),57%,"영양 크림, 미스트, 핸드크림",입술과 볼이 트기 쉬우므로 영양 밤 타입 제품 위주로 관리하세요.,연중 춥고 건조하므로 고보습 크림과 영양 오일로 이중 보습을 해주세요.,화산·빙하 지형 관광이 많아 찬바람에 노출되는 시간이 길어 피부가 많이 상했어요.
jetsetter_log,유럽,아이슬란드,한대기후,연수,★☆☆☆☆,여성,42,수의사,지성,-1°C (체감),60%,"고보습 크림, 선크림, 진정 밤",메이크업보다 보습과 진정 관리에 집중하는 것을 추천합니다.,찬바람과 강한 자외선(설맹 주의)에 대비해 선크림도 꼭 챙기는 것이 좋습니다.,생각보다 자외선이 강해서 눈밭에서도 선크림이 꼭 필요했어요.
subin99,유럽,아이슬란드,한대기후,연수,★★★★★,남성,49,영업직,지성,1°C (체감),63%,"고보습 크림, 영양 오일, 립밤",저자극 고보습크림 위주로 얇게 발라 피부 보호막을 형성해 주세요.,예민해지기 쉬운 피부에는 저자극 진정 밤으로 집중 케어해 주세요.,실내 난방 때문에 건조함이 심해서 미스트를 계속 뿌려야 했어요.
yoonseo_life,유럽,아이슬란드,한대기후,연수,★★★★★,여성,56,대학생,지성,3°C (체감),66%,"저자극 크림, 진정 밤, 핸드크림",색조는 생략하고 톤업 기능이 있는 보습크림 정도만 사용하는 것이 좋습니다.,실내 난방으로 건조해질 수 있어 미스트로 수분을 자주 보충하세요.,손끝이 다 트고 갈라져서 핸드크림을 하루에도 몇 번씩 발랐어요.
nomakeupdays_zone,유럽,독일,온대기후,경수,★★★★★,여성,34,작가,복합성,22°C (체감),55%,"산뜻한 로션, 선크림, 블로팅 페이퍼",촉촉한 선쿠션과 립틴트로 화사한 인상을 연출할 수 있습니다.,일교차가 크므로 수분 크림으로 아침저녁 보습을 꼼꼼히 챙겨주세요.,날씨는 선선했는데 실내 난방 때문에 오히려 피부가 건조하고 번들거렸어요.
beautyaddict_k,유럽,독일,온대기후,경수,★★★☆☆,남성,41,연구원,복합성,24°C (체감),58%,"수분 크림, 립틴트, 선쿠션",촉촉한 쿠션과 크림 블러셔로 생기 있는 룩을 연출하는 것을 추천합니다.,환절기 피부 컨디션 변화에 대비해 올인원 로션으로 간편하게 보습을 유지하세요.,사계절이 뚜렷한 곳이라 그런지 여행 기간 내내 온도 변화에 신경 써야 했어요.
glowup_daily,유럽,독일,온대기후,경수,★★★☆☆,여성,48,바리스타,복합성,26°C (체감),61%,"수분 크림, 선크림, 립밤",가벼운 톤업로션 정도로 자연스럽게 표현하는 메이크업이 잘 어울립니다.,일교차로 예민해지기 쉬운 피부에는 저자극 진정 라인 사용을 권장합니다.,생각보다 자외선이 강해서 선크림을 안 쓰면 금방 붉어졌어요.
seoyeon_zone,유럽,독일,온대기후,경수,★★★★☆,남성,55,프로그래머,복합성,28°C (체감),64%,"올인원 로션, 선크림, 미스트",저자극 톤업크림 위주로 하고 색조는 최소화하는 것을 권장합니다.,실내 난방·냉방으로 건조해지기 쉬우니 블로팅 페이퍼와 미스트를 함께 챙기세요.,쾌적한 날씨였지만 건조해서 립밤과 수분크림을 자주 발라야 했어요.
daon_92,유럽,독일,온대기후,경수,★★★★☆,여성,22,프리랜서,복합성,16°C (체감),47%,"저자극 크림, 진정 토너, 수분 마스크팩",가벼운 산뜻한 로션 타입으로 유분이 적은 제품 위주로 사용하세요.,실내외 온도차가 큰 날에는 수분크림을 자주 덧발라 주는 것이 좋습니다.,일교차가 커서 아침저녁으로 피부 컨디션이 완전히 달랐어요. 저자극 크림이 도움이 됐어요.
nayeon_official,유럽,독일,온대기후,경수,★★★★★,남성,29,디자이너,복합성,18°C (체감),50%,"산뜻한 로션, 선크림, 블로팅 페이퍼",촉촉한 선쿠션과 립틴트로 화사한 인상을 연출할 수 있습니다.,일교차가 크므로 수분 크림으로 아침저녁 보습을 꼼꼼히 챙겨주세요.,날씨는 선선했는데 실내 난방 때문에 오히려 피부가 건조하고 번들거렸어요.
hyunwoo_log,유럽,독일,온대기후,경수,★★★★☆,여성,36,승무원,복합성,20°C (체감),53%,"수분 크림, 립틴트, 선쿠션",촉촉한 쿠션과 크림 블러셔로 생기 있는 룩을 연출하는 것을 추천합니다.,환절기 피부 컨디션 변화에 대비해 올인원 로션으로 간편하게 보습을 유지하세요.,사계절이 뚜렷한 곳이라 그런지 여행 기간 내내 온도 변화에 신경 써야 했어요.
sunny_vibe,유럽,독일,온대기후,경수,★★★★☆,남성,43,마케터,복합성,22°C (체감),56%,"수분 크림, 선크림, 립밤",가벼운 톤업로션 정도로 자연스럽게 표현하는 메이크업이 잘 어울립니다.,일교차로 예민해지기 쉬운 피부에는 저자극 진정 라인 사용을 권장합니다.,생각보다 자외선이 강해서 선크림을 안 쓰면 금방 붉어졌어요.
glowup_log,유럽,독일,온대기후,경수,★★★★☆,여성,50,공무원,복합성,24°C (체감),59%,"올인원 로션, 선크림, 미스트",저자극 톤업크림 위주로 하고 색조는 최소화하는 것을 권장합니다.,실내 난방·냉방으로 건조해지기 쉬우니 블로팅 페이퍼와 미스트를 함께 챙기세요.,쾌적한 날씨였지만 건조해서 립밤과 수분크림을 자주 발라야 했어요.
citywalker88,유럽,독일,온대기후,경수,★★★★☆,남성,57,회계사,복합성,26°C (체감),62%,"저자극 크림, 진정 토너, 수분 마스크팩",가벼운 산뜻한 로션 타입으로 유분이 적은 제품 위주로 사용하세요.,실내외 온도차가 큰 날에는 수분크림을 자주 덧발라 주는 것이 좋습니다.,일교차가 커서 아침저녁으로 피부 컨디션이 완전히 달랐어요. 저자극 크림이 도움이 됐어요.
paul_log,아시아,인도,열대기후,경수,★★★★☆,여성,48,자영업,지성,31°C (체감),75%,"저자극 선크림, 진정 스프레이, 수분 시트마스크",색조보다는 톤업 선크림 위주로 산뜻하게 마무리하는 것을 권장합니다.,피지 분비가 많아지는 시기이므로 클레이 마스크로 주 1~2회 관리해 주는 것을 추천합니다.,습도가 정말 높아서 화장이 금방 무너졌어요. 저자극 선크림 없이는 하루도 버티기 힘들었어요.
clearskin_k,아시아,인도,열대기후,경수,★★★★★,남성,55,여행가이드,지성,33°C (체감),78%,"가벼운 수분 선크림, 쿠션, 미스트",워터프루프 아이라이너와 마스카라로 땀과 습기에 대비하는 것이 좋습니다.,저녁에 이중세안을 꼭 하고 산뜻한 젤 타입 제품으로 유수분 밸런스를 유지하세요.,생각보다 더 더워서 땀 때문에 끈적임이 심했는데 가벼운 수분 선크림이 정말 큰 도움이 됐습니다.
beachbum_life,아시아,인도,열대기후,경수,★★★★★,여성,22,작가,지성,35°C (체감),81%,"워터프루프 아이라이너, 피지 흡수 패드, 쿨링 젤",얇은 베이스에 워터프루프 제품 위주로 메이크업하고 픽싱 스프레이로 마무리하는 것을 추천합니다.,외출 중 블로팅 페이퍼로 피지를 자주 관리하고 쿨링 토너로 진정시켜 주세요.,야외 일정이 많았는데 자외선이 강해서 워터프루프 아이라이너을 자주 덧발라야 했어요.
glowup_92,아시아,인도,열대기후,경수,★★★★☆,남성,29,연구원,지성,30°C (체감),84%,"워터프루프 선크림, 피지 컨트롤 파우더, 픽싱 미스트",매트한 베이스로 유분과 땀을 컨트롤하며 색조는 최소화하는 것이 좋습니다.,자외선 노출 후에는 진정 스프레이와 수분 시트마스크로 피부를 달래주는 것이 좋습니다.,고온다습한 날씨 탓에 피부 트러블이 갑자기 올라와서 당황했어요.
dailyglow_story,아시아,인도,열대기후,경수,★★★★★,여성,36,바리스타,지성,32°C (체감),87%,"매트 선크림, 블로팅 페이퍼, 쿨링 토너",촉촉한 쿠션으로 습기에도 밀리지 않게 가볍게 표현하는 것을 추천합니다.,실내외 온습도 차이가 크므로 미스트로 수시로 수분을 보충해 주세요.,에어컨 실내와 습한 실외를 오가다 보니 피부 컨디션이 계속 오락가락했어요.
suncareguru_k,아시아,인도,열대기후,경수,★★★☆☆,남성,43,프로그래머,지성,34°C (체감),90%,"저자극 선크림, 진정 스프레이, 수분 시트마스크",색조보다는 톤업 선크림 위주로 산뜻하게 마무리하는 것을 권장합니다.,피지 분비가 많아지는 시기이므로 클레이 마스크로 주 1~2회 관리해 주는 것을 추천합니다.,습도가 정말 높아서 화장이 금방 무너졌어요. 저자극 선크림 없이는 하루도 버티기 힘들었어요.
daon_story,아시아,인도,열대기후,경수,★★★☆☆,여성,50,프리랜서,지성,36°C (체감),77%,"가벼운 수분 선크림, 쿠션, 미스트",워터프루프 아이라이너와 마스카라로 땀과 습기에 대비하는 것이 좋습니다.,저녁에 이중세안을 꼭 하고 산뜻한 젤 타입 제품으로 유수분 밸런스를 유지하세요.,생각보다 더 더워서 땀 때문에 끈적임이 심했는데 가벼운 수분 선크림이 정말 큰 도움이 됐습니다.
nomakeupdays88,아시아,인도,열대기후,경수,★★★☆☆,남성,57,디자이너,지성,31°C (체감),80%,"워터프루프 아이라이너, 피지 흡수 패드, 쿨링 젤",얇은 베이스에 워터프루프 제품 위주로 메이크업하고 픽싱 스프레이로 마무리하는 것을 추천합니다.,외출 중 블로팅 페이퍼로 피지를 자주 관리하고 쿨링 토너로 진정시켜 주세요.,야외 일정이 많았는데 자외선이 강해서 워터프루프 아이라이너을 자주 덧발라야 했어요.
kyla_daily,아시아,인도,열대기후,경수,★★★★☆,여성,24,승무원,지성,33°C (체감),83%,"워터프루프 선크림, 피지 컨트롤 파우더, 픽싱 미스트",매트한 베이스로 유분과 땀을 컨트롤하며 색조는 최소화하는 것이 좋습니다.,자외선 노출 후에는 진정 스프레이와 수분 시트마스크로 피부를 달래주는 것이 좋습니다.,고온다습한 날씨 탓에 피부 트러블이 갑자기 올라와서 당황했어요.
dahye_k,아시아,인도,열대기후,경수,★★★★★,남성,31,마케터,지성,35°C (체감),86%,"매트 선크림, 블로팅 페이퍼, 쿨링 토너",촉촉한 쿠션으로 습기에도 밀리지 않게 가볍게 표현하는 것을 추천합니다.,실내외 온습도 차이가 크므로 미스트로 수시로 수분을 보충해 주세요.,에어컨 실내와 습한 실외를 오가다 보니 피부 컨디션이 계속 오락가락했어요.
backpacklife_official,남아메리카,브라질,열대기후,연수,★★★★☆,남성,23,공무원,지성,32°C (체감),82%,"저자극 선크림, 진정 스프레이, 수분 시트마스크",색조보다는 톤업 선크림 위주로 산뜻하게 마무리하는 것을 권장합니다.,피지 분비가 많아지는 시기이므로 클레이 마스크로 주 1~2회 관리해 주는 것을 추천합니다.,습도가 정말 높아서 화장이 금방 무너졌어요. 저자극 선크림 없이는 하루도 버티기 힘들었어요.
jetsetter_vibe,남아메리카,브라질,열대기후,연수,★★★★☆,여성,30,회계사,지성,34°C (체감),85%,"가벼운 수분 선크림, 쿠션, 미스트",워터프루프 아이라이너와 마스카라로 땀과 습기에 대비하는 것이 좋습니다.,저녁에 이중세안을 꼭 하고 산뜻한 젤 타입 제품으로 유수분 밸런스를 유지하세요.,생각보다 더 더워서 땀 때문에 끈적임이 심했는데 가벼운 수분 선크림이 정말 큰 도움이 됐습니다.
cushionfan_k,남아메리카,브라질,열대기후,연수,★★★★☆,남성,37,수의사,지성,36°C (체감),88%,"워터프루프 아이라이너, 피지 흡수 패드, 쿨링 젤",얇은 베이스에 워터프루프 제품 위주로 메이크업하고 픽싱 스프레이로 마무리하는 것을 추천합니다.,외출 중 블로팅 페이퍼로 피지를 자주 관리하고 쿨링 토너로 진정시켜 주세요.,야외 일정이 많았는데 자외선이 강해서 워터프루프 아이라이너을 자주 덧발라야 했어요.
yuna_world,남아메리카,브라질,열대기후,연수,★☆☆☆☆,여성,44,영업직,지성,31°C (체감),75%,"워터프루프 선크림, 피지 컨트롤 파우더, 픽싱 미스트",매트한 베이스로 유분과 땀을 컨트롤하며 색조는 최소화하는 것이 좋습니다.,자외선 노출 후에는 진정 스프레이와 수분 시트마스크로 피부를 달래주는 것이 좋습니다.,고온다습한 날씨 탓에 피부 트러블이 갑자기 올라와서 당황했어요.
nayeon_k,남아메리카,브라질,열대기후,연수,★★★★★,남성,51,대학생,지성,33°C (체감),78%,"매트 선크림, 블로팅 페이퍼, 쿨링 토너",촉촉한 쿠션으로 습기에도 밀리지 않게 가볍게 표현하는 것을 추천합니다.,실내외 온습도 차이가 크므로 미스트로 수시로 수분을 보충해 주세요.,에어컨 실내와 습한 실외를 오가다 보니 피부 컨디션이 계속 오락가락했어요.
suncareguru_life,남아메리카,브라질,열대기후,연수,★★★★☆,여성,58,간호사,지성,35°C (체감),81%,"저자극 선크림, 진정 스프레이, 수분 시트마스크",색조보다는 톤업 선크림 위주로 산뜻하게 마무리하는 것을 권장합니다.,피지 분비가 많아지는 시기이므로 클레이 마스크로 주 1~2회 관리해 주는 것을 추천합니다.,습도가 정말 높아서 화장이 금방 무너졌어요. 저자극 선크림 없이는 하루도 버티기 힘들었어요.
paul_zone,남아메리카,브라질,열대기후,연수,★★★★☆,남성,25,사진작가,지성,30°C (체감),84%,"가벼운 수분 선크림, 쿠션, 미스트",워터프루프 아이라이너와 마스카라로 땀과 습기에 대비하는 것이 좋습니다.,저녁에 이중세안을 꼭 하고 산뜻한 젤 타입 제품으로 유수분 밸런스를 유지하세요.,생각보다 더 더워서 땀 때문에 끈적임이 심했는데 가벼운 수분 선크림이 정말 큰 도움이 됐습니다.
frostyvibe_log,남아메리카,브라질,열대기후,연수,★★★☆☆,여성,32,엔지니어,지성,32°C (체감),87%,"워터프루프 아이라이너, 피지 흡수 패드, 쿨링 젤",얇은 베이스에 워터프루프 제품 위주로 메이크업하고 픽싱 스프레이로 마무리하는 것을 추천합니다.,외출 중 블로팅 페이퍼로 피지를 자주 관리하고 쿨링 토너로 진정시켜 주세요.,야외 일정이 많았는데 자외선이 강해서 워터프루프 아이라이너을 자주 덧발라야 했어요.
soojin88,남아메리카,브라질,열대기후,연수,★★☆☆☆,남성,39,약사,지성,34°C (체감),90%,"워터프루프 선크림, 피지 컨트롤 파우더, 픽싱 미스트",매트한 베이스로 유분과 땀을 컨트롤하며 색조는 최소화하는 것이 좋습니다.,자외선 노출 후에는 진정 스프레이와 수분 시트마스크로 피부를 달래주는 것이 좋습니다.,고온다습한 날씨 탓에 피부 트러블이 갑자기 올라와서 당황했어요.
olivia99,남아메리카,브라질,열대기후,연수,★★★☆☆,여성,46,트레이너,지성,36°C (체감),77%,"매트 선크림, 블로팅 페이퍼, 쿨링 토너",촉촉한 쿠션으로 습기에도 밀리지 않게 가볍게 표현하는 것을 추천합니다.,실내외 온습도 차이가 크므로 미스트로 수시로 수분을 보충해 주세요.,에어컨 실내와 습한 실외를 오가다 보니 피부 컨디션이 계속 오락가락했어요.
jiyoung88,북아메리카,멕시코,건조기후,경수,★★★★☆,여성,56,사진작가,건성,39°C (체감),27%,"고보습 선크림, 미스트, 영양 크림",메이크업은 최소화하고 톤업 선크림으로 자연스럽게 마무리하는 것을 권장합니다.,자외선 노출 후 진정 젤로 쿨다운하고 세럼으로 수분을 채워주는 것을 추천합니다.,햇빛이 강렬해서 선크림을 2~3시간마다 덧발라야 했어요.
cloudnine_log,북아메리카,멕시코,건조기후,경수,★★★☆☆,남성,23,엔지니어,지성,41°C (체감),30%,"저자극 선크림, 진정 젤, 수분 세럼",가벼운 수분 쿠션으로 건조함을 커버하며 자연스러운 룩을 연출하세요.,낮은 습도로 인한 수분 손실을 막기 위해 고보습 크림을 겹겹이 발라주세요.,사막성 기후라 그런지 평소보다 피부가 훨씬 건조해지는 걸 느꼈어요.
daon_love,북아메리카,멕시코,건조기후,경수,★★★☆☆,여성,30,약사,복합성,29°C (체감),33%,"수분 로션, 선크림, 핸드크림",고보습 베이스 제품으로 들뜸 없이 매끈한 피부 표현이 가능합니다.,입술과 손이 트기 쉬우므로 립밤과 핸드크림을 항상 휴대하는 것이 좋습니다.,낮은 습도 때문에 피부가 계속 당기고 화장이 들떴어요. 수분 로션이 필수였습니다.
dohyun_diary,북아메리카,멕시코,건조기후,경수,★★☆☆☆,남성,37,트레이너,민감성,31°C (체감),16%,"고SPF 선크림, 쿨링 미스트, 립밤",립 제품은 보습 밤 타입을 선택해 건조함으로 인한 각질을 예방하세요.,건조한 기후이므로 미스트를 수시로 뿌려 수분을 보충하는 것이 중요합니다.,일교차가 커서 낮에는 덥고 밤에는 쌀쌀해 피부가 예민해졌어요.
yoonseo_zone,북아메리카,멕시코,건조기후,경수,★★★☆☆,여성,44,건축가,건성,33°C (체감),19%,"수분 크림, 선쿠션, 진정 스프레이",촉촉한 베이스에 크림 타입 블러셔로 생기를 더하는 메이크업을 추천합니다.,강한 햇빛 대비 SPF 높은 제품을 사용하고 쿨링 미스트로 열감을 진정시켜 주세요.,건조한 바람 때문에 입술과 볼이 자주 텄어요. 수분 크림 없이는 힘들었을 것 같아요.
oilyskin_official,북아메리카,멕시코,건조기후,경수,★★★☆☆,남성,51,일러스트레이터,지성,35°C (체감),22%,"고보습 선크림, 미스트, 영양 크림",메이크업은 최소화하고 톤업 선크림으로 자연스럽게 마무리하는 것을 권장합니다.,자외선 노출 후 진정 젤로 쿨다운하고 세럼으로 수분을 채워주는 것을 추천합니다.,햇빛이 강렬해서 선크림을 2~3시간마다 덧발라야 했어요.
beachbum_love,북아메리카,멕시코,건조기후,경수,★★★★★,여성,58,회사원,복합성,37°C (체감),25%,"저자극 선크림, 진정 젤, 수분 세럼",가벼운 수분 쿠션으로 건조함을 커버하며 자연스러운 룩을 연출하세요.,낮은 습도로 인한 수분 손실을 막기 위해 고보습 크림을 겹겹이 발라주세요.,사막성 기후라 그런지 평소보다 피부가 훨씬 건조해지는 걸 느꼈어요.
luna_mode,북아메리카,멕시코,건조기후,경수,★★☆☆☆,남성,25,교사,민감성,39°C (체감),28%,"수분 로션, 선크림, 핸드크림",고보습 베이스 제품으로 들뜸 없이 매끈한 피부 표현이 가능합니다.,입술과 손이 트기 쉬우므로 립밤과 핸드크림을 항상 휴대하는 것이 좋습니다.,낮은 습도 때문에 피부가 계속 당기고 화장이 들떴어요. 수분 로션이 필수였습니다.
suji_love,북아메리카,멕시코,건조기후,경수,★★★★☆,여성,32,요리사,건성,41°C (체감),31%,"고SPF 선크림, 쿨링 미스트, 립밤",립 제품은 보습 밤 타입을 선택해 건조함으로 인한 각질을 예방하세요.,건조한 기후이므로 미스트를 수시로 뿌려 수분을 보충하는 것이 중요합니다.,일교차가 커서 낮에는 덥고 밤에는 쌀쌀해 피부가 예민해졌어요.
jiwoo_note,북아메리카,멕시코,건조기후,경수,★★★★☆,남성,39,자영업,지성,29°C (체감),34%,"수분 크림, 선쿠션, 진정 스프레이",촉촉한 베이스에 크림 타입 블러셔로 생기를 더하는 메이크업을 추천합니다.,강한 햇빛 대비 SPF 높은 제품을 사용하고 쿨링 미스트로 열감을 진정시켜 주세요.,건조한 바람 때문에 입술과 볼이 자주 텄어요. 수분 크림 없이는 힘들었을 것 같아요.
haeri_love,남아메리카,아르헨티나,온대기후,연수,★★★☆☆,남성,23,프로그래머,지성,15°C (체감),64%,"저자극 크림, 진정 토너, 수분 마스크팩",가벼운 산뜻한 로션 타입으로 유분이 적은 제품 위주로 사용하세요.,실내외 온도차가 큰 날에는 수분크림을 자주 덧발라 주는 것이 좋습니다.,일교차가 커서 아침저녁으로 피부 컨디션이 완전히 달랐어요. 저자극 크림이 도움이 됐어요.
backpacklife_love,남아메리카,아르헨티나,온대기후,연수,★☆☆☆☆,여성,30,프리랜서,지성,17°C (체감),47%,"산뜻한 로션, 선크림, 블로팅 페이퍼",촉촉한 선쿠션과 립틴트로 화사한 인상을 연출할 수 있습니다.,일교차가 크므로 수분 크림으로 아침저녁 보습을 꼼꼼히 챙겨주세요.,날씨는 선선했는데 실내 난방 때문에 오히려 피부가 건조하고 번들거렸어요.
oilyskin_story,남아메리카,아르헨티나,온대기후,연수,★☆☆☆☆,남성,37,디자이너,지성,19°C (체감),50%,"수분 크림, 립틴트, 선쿠션",촉촉한 쿠션과 크림 블러셔로 생기 있는 룩을 연출하는 것을 추천합니다.,환절기 피부 컨디션 변화에 대비해 올인원 로션으로 간편하게 보습을 유지하세요.,사계절이 뚜렷한 곳이라 그런지 여행 기간 내내 온도 변화에 신경 써야 했어요.
tintedlips_love,남아메리카,아르헨티나,온대기후,연수,★★★★★,여성,44,승무원,지성,21°C (체감),53%,"수분 크림, 선크림, 립밤",가벼운 톤업로션 정도로 자연스럽게 표현하는 메이크업이 잘 어울립니다.,일교차로 예민해지기 쉬운 피부에는 저자극 진정 라인 사용을 권장합니다.,생각보다 자외선이 강해서 선크림을 안 쓰면 금방 붉어졌어요.
citywalker23,남아메리카,아르헨티나,온대기후,연수,★★★★★,남성,51,마케터,지성,23°C (체감),56%,"올인원 로션, 선크림, 미스트",저자극 톤업크림 위주로 하고 색조는 최소화하는 것을 권장합니다.,실내 난방·냉방으로 건조해지기 쉬우니 블로팅 페이퍼와 미스트를 함께 챙기세요.,쾌적한 날씨였지만 건조해서 립밤과 수분크림을 자주 발라야 했어요.
jaewon_log,남아메리카,아르헨티나,온대기후,연수,★★★★★,여성,58,공무원,지성,25°C (체감),59%,"저자극 크림, 진정 토너, 수분 마스크팩",가벼운 산뜻한 로션 타입으로 유분이 적은 제품 위주로 사용하세요.,실내외 온도차가 큰 날에는 수분크림을 자주 덧발라 주는 것이 좋습니다.,일교차가 커서 아침저녁으로 피부 컨디션이 완전히 달랐어요. 저자극 크림이 도움이 됐어요.
jiwoo_diary,남아메리카,아르헨티나,온대기후,연수,★★★★☆,남성,25,회계사,지성,27°C (체감),62%,"산뜻한 로션, 선크림, 블로팅 페이퍼",촉촉한 선쿠션과 립틴트로 화사한 인상을 연출할 수 있습니다.,일교차가 크므로 수분 크림으로 아침저녁 보습을 꼼꼼히 챙겨주세요.,날씨는 선선했는데 실내 난방 때문에 오히려 피부가 건조하고 번들거렸어요.
chillmode_story,남아메리카,아르헨티나,온대기후,연수,★★★★★,여성,32,수의사,지성,15°C (체감),45%,"수분 크림, 립틴트, 선쿠션",촉촉한 쿠션과 크림 블러셔로 생기 있는 룩을 연출하는 것을 추천합니다.,환절기 피부 컨디션 변화에 대비해 올인원 로션으로 간편하게 보습을 유지하세요.,사계절이 뚜렷한 곳이라 그런지 여행 기간 내내 온도 변화에 신경 써야 했어요.
hyunwoo_world,남아메리카,아르헨티나,온대기후,연수,★★★★☆,남성,39,영업직,지성,17°C (체감),48%,"수분 크림, 선크림, 립밤",가벼운 톤업로션 정도로 자연스럽게 표현하는 메이크업이 잘 어울립니다.,일교차로 예민해지기 쉬운 피부에는 저자극 진정 라인 사용을 권장합니다.,생각보다 자외선이 강해서 선크림을 안 쓰면 금방 붉어졌어요.
jina07,남아메리카,아르헨티나,온대기후,연수,★★★★★,여성,46,대학생,지성,19°C (체감),51%,"올인원 로션, 선크림, 미스트",저자극 톤업크림 위주로 하고 색조는 최소화하는 것을 권장합니다.,실내 난방·냉방으로 건조해지기 쉬우니 블로팅 페이퍼와 미스트를 함께 챙기세요.,쾌적한 날씨였지만 건조해서 립밤과 수분크림을 자주 발라야 했어요.
tropicalgirl_life,아프리카,남아프리카공화국,건조기후,경수,★★★★★,남성,33,공무원,지성,40°C (체감),24%,"수분 로션, 선크림, 핸드크림",고보습 베이스 제품으로 들뜸 없이 매끈한 피부 표현이 가능합니다.,입술과 손이 트기 쉬우므로 립밤과 핸드크림을 항상 휴대하는 것이 좋습니다.,낮은 습도 때문에 피부가 계속 당기고 화장이 들떴어요. 수분 로션이 필수였습니다.
yerin23,아프리카,남아프리카공화국,건조기후,경수,★★☆☆☆,여성,40,회계사,지성,28°C (체감),27%,"고SPF 선크림, 쿨링 미스트, 립밤",립 제품은 보습 밤 타입을 선택해 건조함으로 인한 각질을 예방하세요.,건조한 기후이므로 미스트를 수시로 뿌려 수분을 보충하는 것이 중요합니다.,일교차가 커서 낮에는 덥고 밤에는 쌀쌀해 피부가 예민해졌어요.
desertrose_log,아프리카,남아프리카공화국,건조기후,경수,★★★☆☆,남성,47,수의사,지성,30°C (체감),30%,"수분 크림, 선쿠션, 진정 스프레이",촉촉한 베이스에 크림 타입 블러셔로 생기를 더하는 메이크업을 추천합니다.,강한 햇빛 대비 SPF 높은 제품을 사용하고 쿨링 미스트로 열감을 진정시켜 주세요.,건조한 바람 때문에 입술과 볼이 자주 텄어요. 수분 크림 없이는 힘들었을 것 같아요.
weekendtrip_world,아프리카,남아프리카공화국,건조기후,경수,★★★★☆,여성,54,영업직,지성,32°C (체감),33%,"고보습 선크림, 미스트, 영양 크림",메이크업은 최소화하고 톤업 선크림으로 자연스럽게 마무리하는 것을 권장합니다.,자외선 노출 후 진정 젤로 쿨다운하고 세럼으로 수분을 채워주는 것을 추천합니다.,햇빛이 강렬해서 선크림을 2~3시간마다 덧발라야 했어요.
nari_ing,아프리카,남아프리카공화국,건조기후,경수,★★★★★,남성,21,대학생,지성,34°C (체감),16%,"저자극 선크림, 진정 젤, 수분 세럼",가벼운 수분 쿠션으로 건조함을 커버하며 자연스러운 룩을 연출하세요.,낮은 습도로 인한 수분 손실을 막기 위해 고보습 크림을 겹겹이 발라주세요.,사막성 기후라 그런지 평소보다 피부가 훨씬 건조해지는 걸 느꼈어요.
taeyang_note,아프리카,남아프리카공화국,건조기후,경수,★☆☆☆☆,여성,28,간호사,지성,36°C (체감),19%,"수분 로션, 선크림, 핸드크림",고보습 베이스 제품으로 들뜸 없이 매끈한 피부 표현이 가능합니다.,입술과 손이 트기 쉬우므로 립밤과 핸드크림을 항상 휴대하는 것이 좋습니다.,낮은 습도 때문에 피부가 계속 당기고 화장이 들떴어요. 수분 로션이 필수였습니다.
radiantme_k,아프리카,남아프리카공화국,건조기후,경수,★★★☆☆,남성,35,사진작가,지성,38°C (체감),22%,"고SPF 선크림, 쿨링 미스트, 립밤",립 제품은 보습 밤 타입을 선택해 건조함으로 인한 각질을 예방하세요.,건조한 기후이므로 미스트를 수시로 뿌려 수분을 보충하는 것이 중요합니다.,일교차가 커서 낮에는 덥고 밤에는 쌀쌀해 피부가 예민해졌어요.
yerim23,아프리카,남아프리카공화국,건조기후,경수,★★★★★,여성,42,엔지니어,지성,40°C (체감),25%,"수분 크림, 선쿠션, 진정 스프레이",촉촉한 베이스에 크림 타입 블러셔로 생기를 더하는 메이크업을 추천합니다.,강한 햇빛 대비 SPF 높은 제품을 사용하고 쿨링 미스트로 열감을 진정시켜 주세요.,건조한 바람 때문에 입술과 볼이 자주 텄어요. 수분 크림 없이는 힘들었을 것 같아요.
glowup_ing,아프리카,남아프리카공화국,건조기후,경수,★★★★★,남성,49,약사,지성,28°C (체감),28%,"고보습 선크림, 미스트, 영양 크림",메이크업은 최소화하고 톤업 선크림으로 자연스럽게 마무리하는 것을 권장합니다.,자외선 노출 후 진정 젤로 쿨다운하고 세럼으로 수분을 채워주는 것을 추천합니다.,햇빛이 강렬해서 선크림을 2~3시간마다 덧발라야 했어요.
hyunwoo_daily,아프리카,남아프리카공화국,건조기후,경수,★★★★☆,여성,56,트레이너,지성,30°C (체감),31%,"저자극 선크림, 진정 젤, 수분 세럼",가벼운 수분 쿠션으로 건조함을 커버하며 자연스러운 룩을 연출하세요.,낮은 습도로 인한 수분 손실을 막기 위해 고보습 크림을 겹겹이 발라주세요.,사막성 기후라 그런지 평소보다 피부가 훨씬 건조해지는 걸 느꼈어요.
beachbum88,유럽,스위스,온대기후,경수,★★★☆☆,남성,33,프로그래머,지성,15°C (체감),54%,"저자극 크림, 진정 토너, 수분 마스크팩",가벼운 산뜻한 로션 타입으로 유분이 적은 제품 위주로 사용하세요.,실내외 온도차가 큰 날에는 수분크림을 자주 덧발라 주는 것이 좋습니다.,일교차가 커서 아침저녁으로 피부 컨디션이 완전히 달랐어요. 저자극 크림이 도움이 됐어요.
eden23,유럽,스위스,온대기후,경수,★★★★★,여성,40,프리랜서,지성,17°C (체감),57%,"산뜻한 로션, 선크림, 블로팅 페이퍼",촉촉한 선쿠션과 립틴트로 화사한 인상을 연출할 수 있습니다.,일교차가 크므로 수분 크림으로 아침저녁 보습을 꼼꼼히 챙겨주세요.,날씨는 선선했는데 실내 난방 때문에 오히려 피부가 건조하고 번들거렸어요.
daeun07,유럽,스위스,온대기후,경수,★☆☆☆☆,남성,47,디자이너,지성,19°C (체감),60%,"수분 크림, 립틴트, 선쿠션",촉촉한 쿠션과 크림 블러셔로 생기 있는 룩을 연출하는 것을 추천합니다.,환절기 피부 컨디션 변화에 대비해 올인원 로션으로 간편하게 보습을 유지하세요.,사계절이 뚜렷한 곳이라 그런지 여행 기간 내내 온도 변화에 신경 써야 했어요.
minseo_world,유럽,스위스,온대기후,경수,★★★★★,여성,54,승무원,지성,21°C (체감),63%,"수분 크림, 선크림, 립밤",가벼운 톤업로션 정도로 자연스럽게 표현하는 메이크업이 잘 어울립니다.,일교차로 예민해지기 쉬운 피부에는 저자극 진정 라인 사용을 권장합니다.,생각보다 자외선이 강해서 선크림을 안 쓰면 금방 붉어졌어요.
radiantme_daily,유럽,스위스,온대기후,경수,★★★★★,남성,21,마케터,지성,23°C (체감),46%,"올인원 로션, 선크림, 미스트",저자극 톤업크림 위주로 하고 색조는 최소화하는 것을 권장합니다.,실내 난방·냉방으로 건조해지기 쉬우니 블로팅 페이퍼와 미스트를 함께 챙기세요.,쾌적한 날씨였지만 건조해서 립밤과 수분크림을 자주 발라야 했어요.
sunnytraveler_love,유럽,스위스,온대기후,경수,★★★☆☆,여성,28,공무원,지성,25°C (체감),49%,"저자극 크림, 진정 토너, 수분 마스크팩",가벼운 산뜻한 로션 타입으로 유분이 적은 제품 위주로 사용하세요.,실내외 온도차가 큰 날에는 수분크림을 자주 덧발라 주는 것이 좋습니다.,일교차가 커서 아침저녁으로 피부 컨디션이 완전히 달랐어요. 저자극 크림이 도움이 됐어요.
daeun_diary,유럽,스위스,온대기후,경수,★★★★★,남성,35,회계사,지성,27°C (체감),52%,"산뜻한 로션, 선크림, 블로팅 페이퍼",촉촉한 선쿠션과 립틴트로 화사한 인상을 연출할 수 있습니다.,일교차가 크므로 수분 크림으로 아침저녁 보습을 꼼꼼히 챙겨주세요.,날씨는 선선했는데 실내 난방 때문에 오히려 피부가 건조하고 번들거렸어요.
barefaced_k,유럽,스위스,온대기후,경수,★★★☆☆,여성,42,수의사,지성,15°C (체감),55%,"수분 크림, 립틴트, 선쿠션",촉촉한 쿠션과 크림 블러셔로 생기 있는 룩을 연출하는 것을 추천합니다.,환절기 피부 컨디션 변화에 대비해 올인원 로션으로 간편하게 보습을 유지하세요.,사계절이 뚜렷한 곳이라 그런지 여행 기간 내내 온도 변화에 신경 써야 했어요.
makeupfan_world,유럽,스위스,온대기후,경수,★★★★★,남성,49,영업직,지성,17°C (체감),58%,"수분 크림, 선크림, 립밤",가벼운 톤업로션 정도로 자연스럽게 표현하는 메이크업이 잘 어울립니다.,일교차로 예민해지기 쉬운 피부에는 저자극 진정 라인 사용을 권장합니다.,생각보다 자외선이 강해서 선크림을 안 쓰면 금방 붉어졌어요.
minjun88,유럽,스위스,온대기후,경수,★★★★☆,여성,56,대학생,지성,19°C (체감),61%,"올인원 로션, 선크림, 미스트",저자극 톤업크림 위주로 하고 색조는 최소화하는 것을 권장합니다.,실내 난방·냉방으로 건조해지기 쉬우니 블로팅 페이퍼와 미스트를 함께 챙기세요.,쾌적한 날씨였지만 건조해서 립밤과 수분크림을 자주 발라야 했어요.
gina_daily,유럽,네덜란드,온대기후,경수,★★★★★,여성,46,회계사,복합성,20°C (체감),47%,"수분 크림, 선크림, 립밤",가벼운 톤업로션 정도로 자연스럽게 표현하는 메이크업이 잘 어울립니다.,일교차로 예민해지기 쉬운 피부에는 저자극 진정 라인 사용을 권장합니다.,생각보다 자외선이 강해서 선크림을 안 쓰면 금방 붉어졌어요.
iseul_love,유럽,네덜란드,온대기후,경수,★★★★☆,남성,53,수의사,민감성,22°C (체감),50%,"올인원 로션, 선크림, 미스트",저자극 톤업크림 위주로 하고 색조는 최소화하는 것을 권장합니다.,실내 난방·냉방으로 건조해지기 쉬우니 블로팅 페이퍼와 미스트를 함께 챙기세요.,쾌적한 날씨였지만 건조해서 립밤과 수분크림을 자주 발라야 했어요.
mia_life,유럽,네덜란드,온대기후,경수,★★☆☆☆,여성,20,영업직,건성,24°C (체감),53%,"저자극 크림, 진정 토너, 수분 마스크팩",가벼운 산뜻한 로션 타입으로 유분이 적은 제품 위주로 사용하세요.,실내외 온도차가 큰 날에는 수분크림을 자주 덧발라 주는 것이 좋습니다.,일교차가 커서 아침저녁으로 피부 컨디션이 완전히 달랐어요. 저자극 크림이 도움이 됐어요.
roadtripper_story,유럽,네덜란드,온대기후,경수,★★★★☆,남성,27,대학생,지성,26°C (체감),56%,"산뜻한 로션, 선크림, 블로팅 페이퍼",촉촉한 선쿠션과 립틴트로 화사한 인상을 연출할 수 있습니다.,일교차가 크므로 수분 크림으로 아침저녁 보습을 꼼꼼히 챙겨주세요.,날씨는 선선했는데 실내 난방 때문에 오히려 피부가 건조하고 번들거렸어요.
beachbum_official,유럽,네덜란드,온대기후,경수,★★★★☆,여성,34,간호사,복합성,28°C (체감),59%,"수분 크림, 립틴트, 선쿠션",촉촉한 쿠션과 크림 블러셔로 생기 있는 룩을 연출하는 것을 추천합니다.,환절기 피부 컨디션 변화에 대비해 올인원 로션으로 간편하게 보습을 유지하세요.,사계절이 뚜렷한 곳이라 그런지 여행 기간 내내 온도 변화에 신경 써야 했어요.
haru_zone,유럽,네덜란드,온대기후,경수,★★★★☆,남성,41,사진작가,민감성,16°C (체감),62%,"수분 크림, 선크림, 립밤",가벼운 톤업로션 정도로 자연스럽게 표현하는 메이크업이 잘 어울립니다.,일교차로 예민해지기 쉬운 피부에는 저자극 진정 라인 사용을 권장합니다.,생각보다 자외선이 강해서 선크림을 안 쓰면 금방 붉어졌어요.
skinfirst_vibe,유럽,네덜란드,온대기후,경수,★★★★★,여성,48,엔지니어,건성,18°C (체감),45%,"올인원 로션, 선크림, 미스트",저자극 톤업크림 위주로 하고 색조는 최소화하는 것을 권장합니다.,실내 난방·냉방으로 건조해지기 쉬우니 블로팅 페이퍼와 미스트를 함께 챙기세요.,쾌적한 날씨였지만 건조해서 립밤과 수분크림을 자주 발라야 했어요.
daeun_life,유럽,네덜란드,온대기후,경수,★★★★★,남성,55,약사,지성,20°C (체감),48%,"저자극 크림, 진정 토너, 수분 마스크팩",가벼운 산뜻한 로션 타입으로 유분이 적은 제품 위주로 사용하세요.,실내외 온도차가 큰 날에는 수분크림을 자주 덧발라 주는 것이 좋습니다.,일교차가 커서 아침저녁으로 피부 컨디션이 완전히 달랐어요. 저자극 크림이 도움이 됐어요.
roadtripper_daily,유럽,네덜란드,온대기후,경수,★★★★☆,여성,22,트레이너,복합성,22°C (체감),51%,"산뜻한 로션, 선크림, 블로팅 페이퍼",촉촉한 선쿠션과 립틴트로 화사한 인상을 연출할 수 있습니다.,일교차가 크므로 수분 크림으로 아침저녁 보습을 꼼꼼히 챙겨주세요.,날씨는 선선했는데 실내 난방 때문에 오히려 피부가 건조하고 번들거렸어요.
jiho_diary,유럽,네덜란드,온대기후,경수,★★★★★,남성,29,건축가,민감성,24°C (체감),54%,"수분 크림, 립틴트, 선쿠션",촉촉한 쿠션과 크림 블러셔로 생기 있는 룩을 연출하는 것을 추천합니다.,환절기 피부 컨디션 변화에 대비해 올인원 로션으로 간편하게 보습을 유지하세요.,사계절이 뚜렷한 곳이라 그런지 여행 기간 내내 온도 변화에 신경 써야 했어요.
hyerin_story,유럽,그리스,온대기후,경수,★★★★★,남성,55,바리스타,민감성,25°C (체감),56%,"수분 크림, 립틴트, 선쿠션",촉촉한 쿠션과 크림 블러셔로 생기 있는 룩을 연출하는 것을 추천합니다.,환절기 피부 컨디션 변화에 대비해 올인원 로션으로 간편하게 보습을 유지하세요.,사계절이 뚜렷한 곳이라 그런지 여행 기간 내내 온도 변화에 신경 써야 했어요.
haeri_diary,유럽,그리스,온대기후,경수,★☆☆☆☆,여성,22,프로그래머,민감성,27°C (체감),59%,"수분 크림, 선크림, 립밤",가벼운 톤업로션 정도로 자연스럽게 표현하는 메이크업이 잘 어울립니다.,일교차로 예민해지기 쉬운 피부에는 저자극 진정 라인 사용을 권장합니다.,생각보다 자외선이 강해서 선크림을 안 쓰면 금방 붉어졌어요.
yeji_daily,유럽,그리스,온대기후,경수,★★★★★,남성,29,프리랜서,민감성,15°C (체감),62%,"올인원 로션, 선크림, 미스트",저자극 톤업크림 위주로 하고 색조는 최소화하는 것을 권장합니다.,실내 난방·냉방으로 건조해지기 쉬우니 블로팅 페이퍼와 미스트를 함께 챙기세요.,쾌적한 날씨였지만 건조해서 립밤과 수분크림을 자주 발라야 했어요.
mistyday88,유럽,그리스,온대기후,경수,★★★☆☆,여성,36,디자이너,민감성,17°C (체감),45%,"저자극 크림, 진정 토너, 수분 마스크팩",가벼운 산뜻한 로션 타입으로 유분이 적은 제품 위주로 사용하세요.,실내외 온도차가 큰 날에는 수분크림을 자주 덧발라 주는 것이 좋습니다.,일교차가 커서 아침저녁으로 피부 컨디션이 완전히 달랐어요. 저자극 크림이 도움이 됐어요.
urbanexplorer_zone,유럽,그리스,온대기후,경수,★★☆☆☆,남성,43,승무원,민감성,19°C (체감),48%,"산뜻한 로션, 선크림, 블로팅 페이퍼",촉촉한 선쿠션과 립틴트로 화사한 인상을 연출할 수 있습니다.,일교차가 크므로 수분 크림으로 아침저녁 보습을 꼼꼼히 챙겨주세요.,날씨는 선선했는데 실내 난방 때문에 오히려 피부가 건조하고 번들거렸어요.
eden_story,유럽,그리스,온대기후,경수,★★★☆☆,여성,50,마케터,민감성,21°C (체감),51%,"수분 크림, 립틴트, 선쿠션",촉촉한 쿠션과 크림 블러셔로 생기 있는 룩을 연출하는 것을 추천합니다.,환절기 피부 컨디션 변화에 대비해 올인원 로션으로 간편하게 보습을 유지하세요.,사계절이 뚜렷한 곳이라 그런지 여행 기간 내내 온도 변화에 신경 써야 했어요.
oilyskin01,유럽,그리스,온대기후,경수,★★★★★,남성,57,공무원,민감성,23°C (체감),54%,"수분 크림, 선크림, 립밤",가벼운 톤업로션 정도로 자연스럽게 표현하는 메이크업이 잘 어울립니다.,일교차로 예민해지기 쉬운 피부에는 저자극 진정 라인 사용을 권장합니다.,생각보다 자외선이 강해서 선크림을 안 쓰면 금방 붉어졌어요.
tropicalgirl23,유럽,그리스,온대기후,경수,★★★★☆,여성,24,회계사,민감성,25°C (체감),57%,"올인원 로션, 선크림, 미스트",저자극 톤업크림 위주로 하고 색조는 최소화하는 것을 권장합니다.,실내 난방·냉방으로 건조해지기 쉬우니 블로팅 페이퍼와 미스트를 함께 챙기세요.,쾌적한 날씨였지만 건조해서 립밤과 수분크림을 자주 발라야 했어요.
dohyun_vibe,유럽,그리스,온대기후,경수,★★★★★,남성,31,수의사,민감성,27°C (체감),60%,"저자극 크림, 진정 토너, 수분 마스크팩",가벼운 산뜻한 로션 타입으로 유분이 적은 제품 위주로 사용하세요.,실내외 온도차가 큰 날에는 수분크림을 자주 덧발라 주는 것이 좋습니다.,일교차가 커서 아침저녁으로 피부 컨디션이 완전히 달랐어요. 저자극 크림이 도움이 됐어요.
suncareguru_mode,유럽,그리스,온대기후,경수,★★★★☆,여성,38,영업직,민감성,15°C (체감),63%,"산뜻한 로션, 선크림, 블로팅 페이퍼",촉촉한 선쿠션과 립틴트로 화사한 인상을 연출할 수 있습니다.,일교차가 크므로 수분 크림으로 아침저녁 보습을 꼼꼼히 챙겨주세요.,날씨는 선선했는데 실내 난방 때문에 오히려 피부가 건조하고 번들거렸어요.
sunkissed_diary,유럽,포르투갈,온대기후,경수,★★★☆☆,남성,35,바리스타,민감성,27°C (체감),56%,"수분 크림, 립틴트, 선쿠션",촉촉한 쿠션과 크림 블러셔로 생기 있는 룩을 연출하는 것을 추천합니다.,환절기 피부 컨디션 변화에 대비해 올인원 로션으로 간편하게 보습을 유지하세요.,사계절이 뚜렷한 곳이라 그런지 여행 기간 내내 온도 변화에 신경 써야 했어요.
beachbum_ing,유럽,포르투갈,온대기후,경수,★★★★★,여성,42,프로그래머,민감성,15°C (체감),59%,"수분 크림, 선크림, 립밤",가벼운 톤업로션 정도로 자연스럽게 표현하는 메이크업이 잘 어울립니다.,일교차로 예민해지기 쉬운 피부에는 저자극 진정 라인 사용을 권장합니다.,생각보다 자외선이 강해서 선크림을 안 쓰면 금방 붉어졌어요.
calmnface01,유럽,포르투갈,온대기후,경수,★★★★★,남성,49,프리랜서,민감성,17°C (체감),62%,"올인원 로션, 선크림, 미스트",저자극 톤업크림 위주로 하고 색조는 최소화하는 것을 권장합니다.,실내 난방·냉방으로 건조해지기 쉬우니 블로팅 페이퍼와 미스트를 함께 챙기세요.,쾌적한 날씨였지만 건조해서 립밤과 수분크림을 자주 발라야 했어요.
freshface_official,유럽,포르투갈,온대기후,경수,★★★★☆,여성,56,디자이너,민감성,19°C (체감),45%,"저자극 크림, 진정 토너, 수분 마스크팩",가벼운 산뜻한 로션 타입으로 유분이 적은 제품 위주로 사용하세요.,실내외 온도차가 큰 날에는 수분크림을 자주 덧발라 주는 것이 좋습니다.,일교차가 커서 아침저녁으로 피부 컨디션이 완전히 달랐어요. 저자극 크림이 도움이 됐어요.
yerin_daily,유럽,포르투갈,온대기후,경수,★★★★★,남성,23,승무원,민감성,21°C (체감),48%,"산뜻한 로션, 선크림, 블로팅 페이퍼",촉촉한 선쿠션과 립틴트로 화사한 인상을 연출할 수 있습니다.,일교차가 크므로 수분 크림으로 아침저녁 보습을 꼼꼼히 챙겨주세요.,날씨는 선선했는데 실내 난방 때문에 오히려 피부가 건조하고 번들거렸어요.
yoonseo_vibe,유럽,포르투갈,온대기후,경수,★★★★★,여성,30,마케터,민감성,23°C (체감),51%,"수분 크림, 립틴트, 선쿠션",촉촉한 쿠션과 크림 블러셔로 생기 있는 룩을 연출하는 것을 추천합니다.,환절기 피부 컨디션 변화에 대비해 올인원 로션으로 간편하게 보습을 유지하세요.,사계절이 뚜렷한 곳이라 그런지 여행 기간 내내 온도 변화에 신경 써야 했어요.
sensitiveskin_story,유럽,포르투갈,온대기후,경수,★★★★☆,남성,37,공무원,민감성,25°C (체감),54%,"수분 크림, 선크림, 립밤",가벼운 톤업로션 정도로 자연스럽게 표현하는 메이크업이 잘 어울립니다.,일교차로 예민해지기 쉬운 피부에는 저자극 진정 라인 사용을 권장합니다.,생각보다 자외선이 강해서 선크림을 안 쓰면 금방 붉어졌어요.
daeun_official,유럽,포르투갈,온대기후,경수,★★☆☆☆,여성,44,회계사,민감성,27°C (체감),57%,"올인원 로션, 선크림, 미스트",저자극 톤업크림 위주로 하고 색조는 최소화하는 것을 권장합니다.,실내 난방·냉방으로 건조해지기 쉬우니 블로팅 페이퍼와 미스트를 함께 챙기세요.,쾌적한 날씨였지만 건조해서 립밤과 수분크림을 자주 발라야 했어요.
tintedlips_life,유럽,포르투갈,온대기후,경수,★★★★☆,남성,51,수의사,민감성,15°C (체감),60%,"저자극 크림, 진정 토너, 수분 마스크팩",가벼운 산뜻한 로션 타입으로 유분이 적은 제품 위주로 사용하세요.,실내외 온도차가 큰 날에는 수분크림을 자주 덧발라 주는 것이 좋습니다.,일교차가 커서 아침저녁으로 피부 컨디션이 완전히 달랐어요. 저자극 크림이 도움이 됐어요.
quinn_diary,유럽,포르투갈,온대기후,경수,★★★★★,여성,58,영업직,민감성,17°C (체감),63%,"산뜻한 로션, 선크림, 블로팅 페이퍼",촉촉한 선쿠션과 립틴트로 화사한 인상을 연출할 수 있습니다.,일교차가 크므로 수분 크림으로 아침저녁 보습을 꼼꼼히 챙겨주세요.,날씨는 선선했는데 실내 난방 때문에 오히려 피부가 건조하고 번들거렸어요.
mountainhiker_love,유럽,오스트리아,온대기후,경수,★★★☆☆,여성,38,공무원,지성,28°C (체감),59%,"저자극 크림, 진정 토너, 수분 마스크팩",가벼운 산뜻한 로션 타입으로 유분이 적은 제품 위주로 사용하세요.,실내외 온도차가 큰 날에는 수분크림을 자주 덧발라 주는 것이 좋습니다.,일교차가 커서 아침저녁으로 피부 컨디션이 완전히 달랐어요. 저자극 크림이 도움이 됐어요.
iseul_note,유럽,오스트리아,온대기후,경수,★★★☆☆,남성,45,회계사,지성,16°C (체감),62%,"산뜻한 로션, 선크림, 블로팅 페이퍼",촉촉한 선쿠션과 립틴트로 화사한 인상을 연출할 수 있습니다.,일교차가 크므로 수분 크림으로 아침저녁 보습을 꼼꼼히 챙겨주세요.,날씨는 선선했는데 실내 난방 때문에 오히려 피부가 건조하고 번들거렸어요.
moisturemax99,유럽,오스트리아,온대기후,경수,★★★★☆,여성,52,수의사,지성,18°C (체감),45%,"수분 크림, 립틴트, 선쿠션",촉촉한 쿠션과 크림 블러셔로 생기 있는 룩을 연출하는 것을 추천합니다.,환절기 피부 컨디션 변화에 대비해 올인원 로션으로 간편하게 보습을 유지하세요.,사계절이 뚜렷한 곳이라 그런지 여행 기간 내내 온도 변화에 신경 써야 했어요.
calmnface_log,유럽,오스트리아,온대기후,경수,★★★★★,남성,59,영업직,지성,20°C (체감),48%,"수분 크림, 선크림, 립밤",가벼운 톤업로션 정도로 자연스럽게 표현하는 메이크업이 잘 어울립니다.,일교차로 예민해지기 쉬운 피부에는 저자극 진정 라인 사용을 권장합니다.,생각보다 자외선이 강해서 선크림을 안 쓰면 금방 붉어졌어요.
cloudnine_story,유럽,오스트리아,온대기후,경수,★★★★★,여성,26,대학생,지성,22°C (체감),51%,"올인원 로션, 선크림, 미스트",저자극 톤업크림 위주로 하고 색조는 최소화하는 것을 권장합니다.,실내 난방·냉방으로 건조해지기 쉬우니 블로팅 페이퍼와 미스트를 함께 챙기세요.,쾌적한 날씨였지만 건조해서 립밤과 수분크림을 자주 발라야 했어요.
skincarelover_ing,유럽,오스트리아,온대기후,경수,★★★★☆,남성,33,간호사,지성,24°C (체감),54%,"저자극 크림, 진정 토너, 수분 마스크팩",가벼운 산뜻한 로션 타입으로 유분이 적은 제품 위주로 사용하세요.,실내외 온도차가 큰 날에는 수분크림을 자주 덧발라 주는 것이 좋습니다.,일교차가 커서 아침저녁으로 피부 컨디션이 완전히 달랐어요. 저자극 크림이 도움이 됐어요.
jiyoung_life,유럽,오스트리아,온대기후,경수,★★★★☆,여성,40,사진작가,지성,26°C (체감),57%,"산뜻한 로션, 선크림, 블로팅 페이퍼",촉촉한 선쿠션과 립틴트로 화사한 인상을 연출할 수 있습니다.,일교차가 크므로 수분 크림으로 아침저녁 보습을 꼼꼼히 챙겨주세요.,날씨는 선선했는데 실내 난방 때문에 오히려 피부가 건조하고 번들거렸어요.
iseul_log,유럽,오스트리아,온대기후,경수,★★★★★,남성,47,엔지니어,지성,28°C (체감),60%,"수분 크림, 립틴트, 선쿠션",촉촉한 쿠션과 크림 블러셔로 생기 있는 룩을 연출하는 것을 추천합니다.,환절기 피부 컨디션 변화에 대비해 올인원 로션으로 간편하게 보습을 유지하세요.,사계절이 뚜렷한 곳이라 그런지 여행 기간 내내 온도 변화에 신경 써야 했어요.
cushionfan_vibe,유럽,오스트리아,온대기후,경수,★★★☆☆,여성,54,약사,지성,16°C (체감),63%,"수분 크림, 선크림, 립밤",가벼운 톤업로션 정도로 자연스럽게 표현하는 메이크업이 잘 어울립니다.,일교차로 예민해지기 쉬운 피부에는 저자극 진정 라인 사용을 권장합니다.,생각보다 자외선이 강해서 선크림을 안 쓰면 금방 붉어졌어요.
suncareguru07,유럽,오스트리아,온대기후,경수,★★★☆☆,남성,21,트레이너,지성,18°C (체감),46%,"올인원 로션, 선크림, 미스트",저자극 톤업크림 위주로 하고 색조는 최소화하는 것을 권장합니다.,실내 난방·냉방으로 건조해지기 쉬우니 블로팅 페이퍼와 미스트를 함께 챙기세요.,쾌적한 날씨였지만 건조해서 립밤과 수분크림을 자주 발라야 했어요.
globetrotter_diary,유럽,스웨덴,냉대기후,연수,★★☆☆☆,남성,35,트레이너,민감성,10°C (체감),46%,"영양 크림, 립밤, 핸드크림",메이크업보다는 보습 위주로 관리하고 톤업크림 정도만 가볍게 바르는 것을 추천합니다.,일교차와 자외선 모두 신경 써야 하므로 수분크림과 선크림을 함께 관리하세요.,낮과 밤의 기온차가 커서 피부가 계속 예민해졌어요.
mia_92,유럽,스웨덴,냉대기후,연수,★★☆☆☆,여성,42,건축가,민감성,-10°C (체감),49%,"고보습 크림, 립밤, 영양 오일",촉촉한 크림 베이스로 건조함을 커버하는 메이크업이 잘 어울립니다.,찬바람에 트러블이 생기기 쉬우므로 진정 밤으로 집중 케어해 주는 것이 좋습니다.,평소 지성 피부인데도 여기서는 피부가 당기고 건조해지는 걸 느꼈어요.
eunwoo_ing,유럽,스웨덴,냉대기후,연수,★★★★★,남성,49,일러스트레이터,민감성,-8°C (체감),52%,"수분 크림, 선크림, 핸드크림",색조는 생략하고 저자극 보습크림으로 피부 보호막을 만들어 주는 것이 좋습니다.,실내외 온도차가 크니 고보습 로션으로 수분 손실을 최소화하세요.,손이 다 트더라고요. 핸드크림을 수시로 발라야 했습니다.
yuna_log,유럽,스웨덴,냉대기후,연수,★★★★☆,여성,56,회사원,민감성,-6°C (체감),30%,"저자극 크림, 진정 밤, 립밤",가벼운 수분 로션 후 톤업크림으로 자연스럽게 마무리하세요.,손과 얼굴이 쉽게 트므로 핸드크림과 영양 크림을 자주 발라주는 것을 추천합니다.,너무 건조하고 추워서 얼굴이 갈라질 것 같았어요. 저자극 크림 없이는 힘들었어요.
citywalker_mode,유럽,스웨덴,냉대기후,연수,★★★★★,남성,23,교사,민감성,-4°C (체감),33%,"고보습 로션, 선크림, 미스트",입술과 볼이 트기 쉬우므로 유분감 있는 크림 타입 제품을 선택하세요.,매우 건조하고 추운 날씨이므로 영양 오일과 고보습 크림을 필수로 챙기세요.,찬바람이 강해서 볼과 입술이 계속 텄어요. 보습 제품을 몇 개는 챙겨가야 해요.
daeun_92,유럽,스웨덴,냉대기후,연수,★★☆☆☆,여성,30,요리사,민감성,-2°C (체감),36%,"영양 크림, 립밤, 핸드크림",메이크업보다는 보습 위주로 관리하고 톤업크림 정도만 가볍게 바르는 것을 추천합니다.,일교차와 자외선 모두 신경 써야 하므로 수분크림과 선크림을 함께 관리하세요.,낮과 밤의 기온차가 커서 피부가 계속 예민해졌어요.
combiskin_diary,유럽,스웨덴,냉대기후,연수,★★★☆☆,남성,37,자영업,민감성,0°C (체감),39%,"고보습 크림, 립밤, 영양 오일",촉촉한 크림 베이스로 건조함을 커버하는 메이크업이 잘 어울립니다.,찬바람에 트러블이 생기기 쉬우므로 진정 밤으로 집중 케어해 주는 것이 좋습니다.,평소 지성 피부인데도 여기서는 피부가 당기고 건조해지는 걸 느꼈어요.
funtraveler_92,유럽,스웨덴,냉대기후,연수,★★★☆☆,여성,44,여행가이드,민감성,2°C (체감),42%,"수분 크림, 선크림, 핸드크림",색조는 생략하고 저자극 보습크림으로 피부 보호막을 만들어 주는 것이 좋습니다.,실내외 온도차가 크니 고보습 로션으로 수분 손실을 최소화하세요.,손이 다 트더라고요. 핸드크림을 수시로 발라야 했습니다.
jisoo_diary,유럽,스웨덴,냉대기후,연수,★★★★★,남성,51,작가,민감성,4°C (체감),45%,"저자극 크림, 진정 밤, 립밤",가벼운 수분 로션 후 톤업크림으로 자연스럽게 마무리하세요.,손과 얼굴이 쉽게 트므로 핸드크림과 영양 크림을 자주 발라주는 것을 추천합니다.,너무 건조하고 추워서 얼굴이 갈라질 것 같았어요. 저자극 크림 없이는 힘들었어요.
minji_vibe,유럽,스웨덴,냉대기후,연수,★★★★★,여성,58,연구원,민감성,6°C (체감),48%,"고보습 로션, 선크림, 미스트",입술과 볼이 트기 쉬우므로 유분감 있는 크림 타입 제품을 선택하세요.,매우 건조하고 추운 날씨이므로 영양 오일과 고보습 크림을 필수로 챙기세요.,찬바람이 강해서 볼과 입술이 계속 텄어요. 보습 제품을 몇 개는 챙겨가야 해요.
desertrose_ing,유럽,노르웨이,냉대기후,연수,★★★☆☆,남성,43,건축가,지성,8°C (체감),49%,"저자극 크림, 진정 밤, 립밤",가벼운 수분 로션 후 톤업크림으로 자연스럽게 마무리하세요.,손과 얼굴이 쉽게 트므로 핸드크림과 영양 크림을 자주 발라주는 것을 추천합니다.,너무 건조하고 추워서 얼굴이 갈라질 것 같았어요. 저자극 크림 없이는 힘들었어요.
minjun_love,유럽,노르웨이,냉대기후,연수,★★★★☆,여성,50,일러스트레이터,지성,10°C (체감),52%,"고보습 로션, 선크림, 미스트",입술과 볼이 트기 쉬우므로 유분감 있는 크림 타입 제품을 선택하세요.,매우 건조하고 추운 날씨이므로 영양 오일과 고보습 크림을 필수로 챙기세요.,찬바람이 강해서 볼과 입술이 계속 텄어요. 보습 제품을 몇 개는 챙겨가야 해요.
jieun_log,유럽,노르웨이,냉대기후,연수,★★★★☆,남성,57,회사원,지성,-10°C (체감),30%,"영양 크림, 립밤, 핸드크림",메이크업보다는 보습 위주로 관리하고 톤업크림 정도만 가볍게 바르는 것을 추천합니다.,일교차와 자외선 모두 신경 써야 하므로 수분크림과 선크림을 함께 관리하세요.,낮과 밤의 기온차가 커서 피부가 계속 예민해졌어요.
jisoo_mode,유럽,노르웨이,냉대기후,연수,★★★★☆,여성,24,교사,지성,-8°C (체감),33%,"고보습 크림, 립밤, 영양 오일",촉촉한 크림 베이스로 건조함을 커버하는 메이크업이 잘 어울립니다.,찬바람에 트러블이 생기기 쉬우므로 진정 밤으로 집중 케어해 주는 것이 좋습니다.,평소 지성 피부인데도 여기서는 피부가 당기고 건조해지는 걸 느꼈어요.
jiwoo_vibe,유럽,노르웨이,냉대기후,연수,★★★☆☆,남성,31,요리사,지성,-6°C (체감),36%,"수분 크림, 선크림, 핸드크림",색조는 생략하고 저자극 보습크림으로 피부 보호막을 만들어 주는 것이 좋습니다.,실내외 온도차가 크니 고보습 로션으로 수분 손실을 최소화하세요.,손이 다 트더라고요. 핸드크림을 수시로 발라야 했습니다.
weekendtrip_k,유럽,노르웨이,냉대기후,연수,★★★★★,여성,38,자영업,지성,-4°C (체감),39%,"저자극 크림, 진정 밤, 립밤",가벼운 수분 로션 후 톤업크림으로 자연스럽게 마무리하세요.,손과 얼굴이 쉽게 트므로 핸드크림과 영양 크림을 자주 발라주는 것을 추천합니다.,너무 건조하고 추워서 얼굴이 갈라질 것 같았어요. 저자극 크림 없이는 힘들었어요.
minseo07,유럽,노르웨이,냉대기후,연수,★★★★★,남성,45,여행가이드,지성,-2°C (체감),42%,"고보습 로션, 선크림, 미스트",입술과 볼이 트기 쉬우므로 유분감 있는 크림 타입 제품을 선택하세요.,매우 건조하고 추운 날씨이므로 영양 오일과 고보습 크림을 필수로 챙기세요.,찬바람이 강해서 볼과 입술이 계속 텄어요. 보습 제품을 몇 개는 챙겨가야 해요.
oilyskin_world,유럽,노르웨이,냉대기후,연수,★★★★☆,여성,52,작가,지성,0°C (체감),45%,"영양 크림, 립밤, 핸드크림",메이크업보다는 보습 위주로 관리하고 톤업크림 정도만 가볍게 바르는 것을 추천합니다.,일교차와 자외선 모두 신경 써야 하므로 수분크림과 선크림을 함께 관리하세요.,낮과 밤의 기온차가 커서 피부가 계속 예민해졌어요.
paul01,유럽,노르웨이,냉대기후,연수,★★★★★,남성,59,연구원,지성,2°C (체감),48%,"고보습 크림, 립밤, 영양 오일",촉촉한 크림 베이스로 건조함을 커버하는 메이크업이 잘 어울립니다.,찬바람에 트러블이 생기기 쉬우므로 진정 밤으로 집중 케어해 주는 것이 좋습니다.,평소 지성 피부인데도 여기서는 피부가 당기고 건조해지는 걸 느꼈어요.
skincarelover_log,유럽,노르웨이,냉대기후,연수,★★★★☆,여성,26,바리스타,지성,4°C (체감),51%,"수분 크림, 선크림, 핸드크림",색조는 생략하고 저자극 보습크림으로 피부 보호막을 만들어 주는 것이 좋습니다.,실내외 온도차가 크니 고보습 로션으로 수분 손실을 최소화하세요.,손이 다 트더라고요. 핸드크림을 수시로 발라야 했습니다.
nayeon_note,유럽,핀란드,냉대기후,연수,★★☆☆☆,여성,56,프리랜서,건성,7°C (체감),32%,"고보습 크림, 립밤, 영양 오일",촉촉한 크림 베이스로 건조함을 커버하는 메이크업이 잘 어울립니다.,찬바람에 트러블이 생기기 쉬우므로 진정 밤으로 집중 케어해 주는 것이 좋습니다.,평소 지성 피부인데도 여기서는 피부가 당기고 건조해지는 걸 느꼈어요.
radiantme_world,유럽,핀란드,냉대기후,연수,★★★★★,남성,23,디자이너,지성,9°C (체감),35%,"수분 크림, 선크림, 핸드크림",색조는 생략하고 저자극 보습크림으로 피부 보호막을 만들어 주는 것이 좋습니다.,실내외 온도차가 크니 고보습 로션으로 수분 손실을 최소화하세요.,손이 다 트더라고요. 핸드크림을 수시로 발라야 했습니다.
daon_ing,유럽,핀란드,냉대기후,연수,★★★★★,여성,30,승무원,복합성,11°C (체감),38%,"저자극 크림, 진정 밤, 립밤",가벼운 수분 로션 후 톤업크림으로 자연스럽게 마무리하세요.,손과 얼굴이 쉽게 트므로 핸드크림과 영양 크림을 자주 발라주는 것을 추천합니다.,너무 건조하고 추워서 얼굴이 갈라질 것 같았어요. 저자극 크림 없이는 힘들었어요.
barefaced_story,유럽,핀란드,냉대기후,연수,★★★★☆,남성,37,마케터,민감성,-9°C (체감),41%,"고보습 로션, 선크림, 미스트",입술과 볼이 트기 쉬우므로 유분감 있는 크림 타입 제품을 선택하세요.,매우 건조하고 추운 날씨이므로 영양 오일과 고보습 크림을 필수로 챙기세요.,찬바람이 강해서 볼과 입술이 계속 텄어요. 보습 제품을 몇 개는 챙겨가야 해요.
chaewon23,유럽,핀란드,냉대기후,연수,★★★☆☆,여성,44,공무원,건성,-7°C (체감),44%,"영양 크림, 립밤, 핸드크림",메이크업보다는 보습 위주로 관리하고 톤업크림 정도만 가볍게 바르는 것을 추천합니다.,일교차와 자외선 모두 신경 써야 하므로 수분크림과 선크림을 함께 관리하세요.,낮과 밤의 기온차가 커서 피부가 계속 예민해졌어요.
rina07,유럽,핀란드,냉대기후,연수,★★★★★,남성,51,회계사,지성,-5°C (체감),47%,"고보습 크림, 립밤, 영양 오일",촉촉한 크림 베이스로 건조함을 커버하는 메이크업이 잘 어울립니다.,찬바람에 트러블이 생기기 쉬우므로 진정 밤으로 집중 케어해 주는 것이 좋습니다.,평소 지성 피부인데도 여기서는 피부가 당기고 건조해지는 걸 느꼈어요.
seoyeon_log,유럽,핀란드,냉대기후,연수,★★★★★,여성,58,수의사,복합성,-3°C (체감),50%,"수분 크림, 선크림, 핸드크림",색조는 생략하고 저자극 보습크림으로 피부 보호막을 만들어 주는 것이 좋습니다.,실내외 온도차가 크니 고보습 로션으로 수분 손실을 최소화하세요.,손이 다 트더라고요. 핸드크림을 수시로 발라야 했습니다.
yeji_note,유럽,핀란드,냉대기후,연수,★★★★★,남성,25,영업직,민감성,-1°C (체감),53%,"저자극 크림, 진정 밤, 립밤",가벼운 수분 로션 후 톤업크림으로 자연스럽게 마무리하세요.,손과 얼굴이 쉽게 트므로 핸드크림과 영양 크림을 자주 발라주는 것을 추천합니다.,너무 건조하고 추워서 얼굴이 갈라질 것 같았어요. 저자극 크림 없이는 힘들었어요.
taeyang_story,유럽,핀란드,냉대기후,연수,★★★★★,여성,32,대학생,건성,1°C (체감),31%,"고보습 로션, 선크림, 미스트",입술과 볼이 트기 쉬우므로 유분감 있는 크림 타입 제품을 선택하세요.,매우 건조하고 추운 날씨이므로 영양 오일과 고보습 크림을 필수로 챙기세요.,찬바람이 강해서 볼과 입술이 계속 텄어요. 보습 제품을 몇 개는 챙겨가야 해요.
passportready_vibe,유럽,핀란드,냉대기후,연수,★★★★☆,남성,39,간호사,지성,3°C (체감),34%,"영양 크림, 립밤, 핸드크림",메이크업보다는 보습 위주로 관리하고 톤업크림 정도만 가볍게 바르는 것을 추천합니다.,일교차와 자외선 모두 신경 써야 하므로 수분크림과 선크림을 함께 관리하세요.,낮과 밤의 기온차가 커서 피부가 계속 예민해졌어요.
serumfan_love,오세아니아,뉴질랜드,온대기후,연수,★★★☆☆,여성,38,간호사,지성,28°C (체감),59%,"저자극 크림, 진정 토너, 수분 마스크팩",가벼운 산뜻한 로션 타입으로 유분이 적은 제품 위주로 사용하세요.,실내외 온도차가 큰 날에는 수분크림을 자주 덧발라 주는 것이 좋습니다.,일교차가 커서 아침저녁으로 피부 컨디션이 완전히 달랐어요. 저자극 크림이 도움이 됐어요.
roadtripper_official,오세아니아,뉴질랜드,온대기후,연수,★★★☆☆,남성,45,사진작가,지성,16°C (체감),62%,"산뜻한 로션, 선크림, 블로팅 페이퍼",촉촉한 선쿠션과 립틴트로 화사한 인상을 연출할 수 있습니다.,일교차가 크므로 수분 크림으로 아침저녁 보습을 꼼꼼히 챙겨주세요.,날씨는 선선했는데 실내 난방 때문에 오히려 피부가 건조하고 번들거렸어요.
dohyun_official,오세아니아,뉴질랜드,온대기후,연수,★★★★★,여성,52,엔지니어,지성,18°C (체감),45%,"수분 크림, 립틴트, 선쿠션",촉촉한 쿠션과 크림 블러셔로 생기 있는 룩을 연출하는 것을 추천합니다.,환절기 피부 컨디션 변화에 대비해 올인원 로션으로 간편하게 보습을 유지하세요.,사계절이 뚜렷한 곳이라 그런지 여행 기간 내내 온도 변화에 신경 써야 했어요.
yerin_story,오세아니아,뉴질랜드,온대기후,연수,★★★★★,남성,59,약사,지성,20°C (체감),48%,"수분 크림, 선크림, 립밤",가벼운 톤업로션 정도로 자연스럽게 표현하는 메이크업이 잘 어울립니다.,일교차로 예민해지기 쉬운 피부에는 저자극 진정 라인 사용을 권장합니다.,생각보다 자외선이 강해서 선크림을 안 쓰면 금방 붉어졌어요.
chillmode_note,오세아니아,뉴질랜드,온대기후,연수,★★☆☆☆,여성,26,트레이너,지성,22°C (체감),51%,"올인원 로션, 선크림, 미스트",저자극 톤업크림 위주로 하고 색조는 최소화하는 것을 권장합니다.,실내 난방·냉방으로 건조해지기 쉬우니 블로팅 페이퍼와 미스트를 함께 챙기세요.,쾌적한 날씨였지만 건조해서 립밤과 수분크림을 자주 발라야 했어요.
areum88,오세아니아,뉴질랜드,온대기후,연수,★★★★☆,남성,33,건축가,지성,24°C (체감),54%,"저자극 크림, 진정 토너, 수분 마스크팩",가벼운 산뜻한 로션 타입으로 유분이 적은 제품 위주로 사용하세요.,실내외 온도차가 큰 날에는 수분크림을 자주 덧발라 주는 것이 좋습니다.,일교차가 커서 아침저녁으로 피부 컨디션이 완전히 달랐어요. 저자극 크림이 도움이 됐어요.
dahye_note,오세아니아,뉴질랜드,온대기후,연수,★★★★☆,여성,40,일러스트레이터,지성,26°C (체감),57%,"산뜻한 로션, 선크림, 블로팅 페이퍼",촉촉한 선쿠션과 립틴트로 화사한 인상을 연출할 수 있습니다.,일교차가 크므로 수분 크림으로 아침저녁 보습을 꼼꼼히 챙겨주세요.,날씨는 선선했는데 실내 난방 때문에 오히려 피부가 건조하고 번들거렸어요.
haru_log,오세아니아,뉴질랜드,온대기후,연수,★★★☆☆,남성,47,회사원,지성,28°C (체감),60%,"수분 크림, 립틴트, 선쿠션",촉촉한 쿠션과 크림 블러셔로 생기 있는 룩을 연출하는 것을 추천합니다.,환절기 피부 컨디션 변화에 대비해 올인원 로션으로 간편하게 보습을 유지하세요.,사계절이 뚜렷한 곳이라 그런지 여행 기간 내내 온도 변화에 신경 써야 했어요.
seungmin_note,오세아니아,뉴질랜드,온대기후,연수,★★★☆☆,여성,54,교사,지성,16°C (체감),63%,"수분 크림, 선크림, 립밤",가벼운 톤업로션 정도로 자연스럽게 표현하는 메이크업이 잘 어울립니다.,일교차로 예민해지기 쉬운 피부에는 저자극 진정 라인 사용을 권장합니다.,생각보다 자외선이 강해서 선크림을 안 쓰면 금방 붉어졌어요.
wanderlust_story,오세아니아,뉴질랜드,온대기후,연수,★★★★☆,남성,21,요리사,지성,18°C (체감),46%,"올인원 로션, 선크림, 미스트",저자극 톤업크림 위주로 하고 색조는 최소화하는 것을 권장합니다.,실내 난방·냉방으로 건조해지기 쉬우니 블로팅 페이퍼와 미스트를 함께 챙기세요.,쾌적한 날씨였지만 건조해서 립밤과 수분크림을 자주 발라야 했어요.
cushionfan07,아시아,말레이시아,열대기후,연수,★★★★★,남성,47,연구원,건성,34°C (체감),82%,"매트 선크림, 블로팅 페이퍼, 쿨링 토너",촉촉한 쿠션으로 습기에도 밀리지 않게 가볍게 표현하는 것을 추천합니다.,실내외 온습도 차이가 크므로 미스트로 수시로 수분을 보충해 주세요.,에어컨 실내와 습한 실외를 오가다 보니 피부 컨디션이 계속 오락가락했어요.
frostyvibe_life,아시아,말레이시아,열대기후,연수,★★★☆☆,여성,54,바리스타,건성,36°C (체감),85%,"저자극 선크림, 진정 스프레이, 수분 시트마스크",색조보다는 톤업 선크림 위주로 산뜻하게 마무리하는 것을 권장합니다.,피지 분비가 많아지는 시기이므로 클레이 마스크로 주 1~2회 관리해 주는 것을 추천합니다.,습도가 정말 높아서 화장이 금방 무너졌어요. 저자극 선크림 없이는 하루도 버티기 힘들었어요.
jaewon01,아시아,말레이시아,열대기후,연수,★★★★★,남성,21,프로그래머,건성,31°C (체감),88%,"가벼운 수분 선크림, 쿠션, 미스트",워터프루프 아이라이너와 마스카라로 땀과 습기에 대비하는 것이 좋습니다.,저녁에 이중세안을 꼭 하고 산뜻한 젤 타입 제품으로 유수분 밸런스를 유지하세요.,생각보다 더 더워서 땀 때문에 끈적임이 심했는데 가벼운 수분 선크림이 정말 큰 도움이 됐습니다.
toneuplife_story,아시아,말레이시아,열대기후,연수,★★★★★,여성,28,프리랜서,건성,33°C (체감),75%,"워터프루프 아이라이너, 피지 흡수 패드, 쿨링 젤",얇은 베이스에 워터프루프 제품 위주로 메이크업하고 픽싱 스프레이로 마무리하는 것을 추천합니다.,외출 중 블로팅 페이퍼로 피지를 자주 관리하고 쿨링 토너로 진정시켜 주세요.,야외 일정이 많았는데 자외선이 강해서 워터프루프 아이라이너을 자주 덧발라야 했어요.
olivia07,아시아,말레이시아,열대기후,연수,★★★★☆,남성,35,디자이너,건성,35°C (체감),78%,"워터프루프 선크림, 피지 컨트롤 파우더, 픽싱 미스트",매트한 베이스로 유분과 땀을 컨트롤하며 색조는 최소화하는 것이 좋습니다.,자외선 노출 후에는 진정 스프레이와 수분 시트마스크로 피부를 달래주는 것이 좋습니다.,고온다습한 날씨 탓에 피부 트러블이 갑자기 올라와서 당황했어요.
minjun23,아시아,말레이시아,열대기후,연수,★★★★☆,여성,42,승무원,건성,30°C (체감),81%,"매트 선크림, 블로팅 페이퍼, 쿨링 토너",촉촉한 쿠션으로 습기에도 밀리지 않게 가볍게 표현하는 것을 추천합니다.,실내외 온습도 차이가 크므로 미스트로 수시로 수분을 보충해 주세요.,에어컨 실내와 습한 실외를 오가다 보니 피부 컨디션이 계속 오락가락했어요.
minseo_log,아시아,말레이시아,열대기후,연수,★★★★☆,남성,49,마케터,건성,32°C (체감),84%,"저자극 선크림, 진정 스프레이, 수분 시트마스크",색조보다는 톤업 선크림 위주로 산뜻하게 마무리하는 것을 권장합니다.,피지 분비가 많아지는 시기이므로 클레이 마스크로 주 1~2회 관리해 주는 것을 추천합니다.,습도가 정말 높아서 화장이 금방 무너졌어요. 저자극 선크림 없이는 하루도 버티기 힘들었어요.
sunkissed23,아시아,말레이시아,열대기후,연수,★★★★★,여성,56,공무원,건성,34°C (체감),87%,"가벼운 수분 선크림, 쿠션, 미스트",워터프루프 아이라이너와 마스카라로 땀과 습기에 대비하는 것이 좋습니다.,저녁에 이중세안을 꼭 하고 산뜻한 젤 타입 제품으로 유수분 밸런스를 유지하세요.,생각보다 더 더워서 땀 때문에 끈적임이 심했는데 가벼운 수분 선크림이 정말 큰 도움이 됐습니다.
globetrotter_world,아시아,말레이시아,열대기후,연수,★★★☆☆,남성,23,회계사,건성,36°C (체감),90%,"워터프루프 아이라이너, 피지 흡수 패드, 쿨링 젤",얇은 베이스에 워터프루프 제품 위주로 메이크업하고 픽싱 스프레이로 마무리하는 것을 추천합니다.,외출 중 블로팅 페이퍼로 피지를 자주 관리하고 쿨링 토너로 진정시켜 주세요.,야외 일정이 많았는데 자외선이 강해서 워터프루프 아이라이너을 자주 덧발라야 했어요.
travelbug_world,아시아,말레이시아,열대기후,연수,★★★★☆,여성,30,수의사,건성,31°C (체감),77%,"워터프루프 선크림, 피지 컨트롤 파우더, 픽싱 미스트",매트한 베이스로 유분과 땀을 컨트롤하며 색조는 최소화하는 것이 좋습니다.,자외선 노출 후에는 진정 스프레이와 수분 시트마스크로 피부를 달래주는 것이 좋습니다.,고온다습한 날씨 탓에 피부 트러블이 갑자기 올라와서 당황했어요.
dohyun_note,아시아,카타르,건조기후,경수,★★★★★,남성,55,요리사,민감성,32°C (체감),26%,"수분 크림, 선쿠션, 진정 스프레이",촉촉한 베이스에 크림 타입 블러셔로 생기를 더하는 메이크업을 추천합니다.,강한 햇빛 대비 SPF 높은 제품을 사용하고 쿨링 미스트로 열감을 진정시켜 주세요.,건조한 바람 때문에 입술과 볼이 자주 텄어요. 수분 크림 없이는 힘들었을 것 같아요.
sensitiveskin07,아시아,카타르,건조기후,경수,★★☆☆☆,여성,22,자영업,민감성,34°C (체감),29%,"고보습 선크림, 미스트, 영양 크림",메이크업은 최소화하고 톤업 선크림으로 자연스럽게 마무리하는 것을 권장합니다.,자외선 노출 후 진정 젤로 쿨다운하고 세럼으로 수분을 채워주는 것을 추천합니다.,햇빛이 강렬해서 선크림을 2~3시간마다 덧발라야 했어요.
daon_diary,아시아,카타르,건조기후,경수,★★★☆☆,남성,29,여행가이드,민감성,36°C (체감),32%,"저자극 선크림, 진정 젤, 수분 세럼",가벼운 수분 쿠션으로 건조함을 커버하며 자연스러운 룩을 연출하세요.,낮은 습도로 인한 수분 손실을 막기 위해 고보습 크림을 겹겹이 발라주세요.,사막성 기후라 그런지 평소보다 피부가 훨씬 건조해지는 걸 느꼈어요.
mistyday_note,아시아,카타르,건조기후,경수,★★☆☆☆,여성,36,작가,민감성,38°C (체감),15%,"수분 로션, 선크림, 핸드크림",고보습 베이스 제품으로 들뜸 없이 매끈한 피부 표현이 가능합니다.,입술과 손이 트기 쉬우므로 립밤과 핸드크림을 항상 휴대하는 것이 좋습니다.,낮은 습도 때문에 피부가 계속 당기고 화장이 들떴어요. 수분 로션이 필수였습니다.
jiyoung_story,아시아,카타르,건조기후,경수,★★★☆☆,남성,43,연구원,민감성,40°C (체감),18%,"고SPF 선크림, 쿨링 미스트, 립밤",립 제품은 보습 밤 타입을 선택해 건조함으로 인한 각질을 예방하세요.,건조한 기후이므로 미스트를 수시로 뿌려 수분을 보충하는 것이 중요합니다.,일교차가 커서 낮에는 덥고 밤에는 쌀쌀해 피부가 예민해졌어요.
jaewon23,아시아,카타르,건조기후,경수,★★★★★,여성,50,바리스타,민감성,28°C (체감),21%,"수분 크림, 선쿠션, 진정 스프레이",촉촉한 베이스에 크림 타입 블러셔로 생기를 더하는 메이크업을 추천합니다.,강한 햇빛 대비 SPF 높은 제품을 사용하고 쿨링 미스트로 열감을 진정시켜 주세요.,건조한 바람 때문에 입술과 볼이 자주 텄어요. 수분 크림 없이는 힘들었을 것 같아요.
dailyglow_official,아시아,카타르,건조기후,경수,★★★☆☆,남성,57,프로그래머,민감성,30°C (체감),24%,"고보습 선크림, 미스트, 영양 크림",메이크업은 최소화하고 톤업 선크림으로 자연스럽게 마무리하는 것을 권장합니다.,자외선 노출 후 진정 젤로 쿨다운하고 세럼으로 수분을 채워주는 것을 추천합니다.,햇빛이 강렬해서 선크림을 2~3시간마다 덧발라야 했어요.
combiskin01,아시아,카타르,건조기후,경수,★★☆☆☆,여성,24,프리랜서,민감성,32°C (체감),27%,"저자극 선크림, 진정 젤, 수분 세럼",가벼운 수분 쿠션으로 건조함을 커버하며 자연스러운 룩을 연출하세요.,낮은 습도로 인한 수분 손실을 막기 위해 고보습 크림을 겹겹이 발라주세요.,사막성 기후라 그런지 평소보다 피부가 훨씬 건조해지는 걸 느꼈어요.
paul_mode,아시아,카타르,건조기후,경수,★★★★☆,남성,31,디자이너,민감성,34°C (체감),30%,"수분 로션, 선크림, 핸드크림",고보습 베이스 제품으로 들뜸 없이 매끈한 피부 표현이 가능합니다.,입술과 손이 트기 쉬우므로 립밤과 핸드크림을 항상 휴대하는 것이 좋습니다.,낮은 습도 때문에 피부가 계속 당기고 화장이 들떴어요. 수분 로션이 필수였습니다.
hydrated88,아시아,카타르,건조기후,경수,★★☆☆☆,여성,38,승무원,민감성,36°C (체감),33%,"고SPF 선크림, 쿨링 미스트, 립밤",립 제품은 보습 밤 타입을 선택해 건조함으로 인한 각질을 예방하세요.,건조한 기후이므로 미스트를 수시로 뿌려 수분을 보충하는 것이 중요합니다.,일교차가 커서 낮에는 덥고 밤에는 쌀쌀해 피부가 예민해졌어요.
spflover_life,아시아,사우디아라비아,건조기후,경수,★☆☆☆☆,남성,29,엔지니어,복합성,28°C (체감),20%,"고SPF 선크림, 쿨링 미스트, 립밤",립 제품은 보습 밤 타입을 선택해 건조함으로 인한 각질을 예방하세요.,건조한 기후이므로 미스트를 수시로 뿌려 수분을 보충하는 것이 중요합니다.,일교차가 커서 낮에는 덥고 밤에는 쌀쌀해 피부가 예민해졌어요.
gina99,아시아,사우디아라비아,건조기후,경수,★★★★☆,여성,36,약사,복합성,30°C (체감),23%,"수분 크림, 선쿠션, 진정 스프레이",촉촉한 베이스에 크림 타입 블러셔로 생기를 더하는 메이크업을 추천합니다.,강한 햇빛 대비 SPF 높은 제품을 사용하고 쿨링 미스트로 열감을 진정시켜 주세요.,건조한 바람 때문에 입술과 볼이 자주 텄어요. 수분 크림 없이는 힘들었을 것 같아요.
luna_love,아시아,사우디아라비아,건조기후,경수,★★☆☆☆,남성,43,트레이너,복합성,32°C (체감),26%,"고보습 선크림, 미스트, 영양 크림",메이크업은 최소화하고 톤업 선크림으로 자연스럽게 마무리하는 것을 권장합니다.,자외선 노출 후 진정 젤로 쿨다운하고 세럼으로 수분을 채워주는 것을 추천합니다.,햇빛이 강렬해서 선크림을 2~3시간마다 덧발라야 했어요.
packlight_daily,아시아,사우디아라비아,건조기후,경수,★★☆☆☆,여성,50,건축가,복합성,34°C (체감),29%,"저자극 선크림, 진정 젤, 수분 세럼",가벼운 수분 쿠션으로 건조함을 커버하며 자연스러운 룩을 연출하세요.,낮은 습도로 인한 수분 손실을 막기 위해 고보습 크림을 겹겹이 발라주세요.,사막성 기후라 그런지 평소보다 피부가 훨씬 건조해지는 걸 느꼈어요.
rina_zone,아시아,사우디아라비아,건조기후,경수,★★★☆☆,남성,57,일러스트레이터,복합성,36°C (체감),32%,"수분 로션, 선크림, 핸드크림",고보습 베이스 제품으로 들뜸 없이 매끈한 피부 표현이 가능합니다.,입술과 손이 트기 쉬우므로 립밤과 핸드크림을 항상 휴대하는 것이 좋습니다.,낮은 습도 때문에 피부가 계속 당기고 화장이 들떴어요. 수분 로션이 필수였습니다.
balmaddict_love,아시아,사우디아라비아,건조기후,경수,★★★★★,여성,24,회사원,복합성,38°C (체감),15%,"고SPF 선크림, 쿨링 미스트, 립밤",립 제품은 보습 밤 타입을 선택해 건조함으로 인한 각질을 예방하세요.,건조한 기후이므로 미스트를 수시로 뿌려 수분을 보충하는 것이 중요합니다.,일교차가 커서 낮에는 덥고 밤에는 쌀쌀해 피부가 예민해졌어요.
kyla_official,아시아,사우디아라비아,건조기후,경수,★★★★☆,남성,31,교사,복합성,40°C (체감),18%,"수분 크림, 선쿠션, 진정 스프레이",촉촉한 베이스에 크림 타입 블러셔로 생기를 더하는 메이크업을 추천합니다.,강한 햇빛 대비 SPF 높은 제품을 사용하고 쿨링 미스트로 열감을 진정시켜 주세요.,건조한 바람 때문에 입술과 볼이 자주 텄어요. 수분 크림 없이는 힘들었을 것 같아요.
jihoon01,아시아,사우디아라비아,건조기후,경수,★★★★☆,여성,38,요리사,복합성,28°C (체감),21%,"고보습 선크림, 미스트, 영양 크림",메이크업은 최소화하고 톤업 선크림으로 자연스럽게 마무리하는 것을 권장합니다.,자외선 노출 후 진정 젤로 쿨다운하고 세럼으로 수분을 채워주는 것을 추천합니다.,햇빛이 강렬해서 선크림을 2~3시간마다 덧발라야 했어요.
daeun_vibe,아시아,사우디아라비아,건조기후,경수,★★★★☆,남성,45,자영업,복합성,30°C (체감),24%,"저자극 선크림, 진정 젤, 수분 세럼",가벼운 수분 쿠션으로 건조함을 커버하며 자연스러운 룩을 연출하세요.,낮은 습도로 인한 수분 손실을 막기 위해 고보습 크림을 겹겹이 발라주세요.,사막성 기후라 그런지 평소보다 피부가 훨씬 건조해지는 걸 느꼈어요.
minho_vibe,아시아,사우디아라비아,건조기후,경수,★★★☆☆,여성,52,여행가이드,복합성,32°C (체감),27%,"수분 로션, 선크림, 핸드크림",고보습 베이스 제품으로 들뜸 없이 매끈한 피부 표현이 가능합니다.,입술과 손이 트기 쉬우므로 립밤과 핸드크림을 항상 휴대하는 것이 좋습니다.,낮은 습도 때문에 피부가 계속 당기고 화장이 들떴어요. 수분 로션이 필수였습니다.
areum99,아프리카,모로코,건조기후,경수,★★★★☆,여성,50,바리스타,민감성,29°C (체감),21%,"수분 크림, 선쿠션, 진정 스프레이",촉촉한 베이스에 크림 타입 블러셔로 생기를 더하는 메이크업을 추천합니다.,강한 햇빛 대비 SPF 높은 제품을 사용하고 쿨링 미스트로 열감을 진정시켜 주세요.,건조한 바람 때문에 입술과 볼이 자주 텄어요. 수분 크림 없이는 힘들었을 것 같아요.
hyerin_ing,아프리카,모로코,건조기후,경수,★★★★★,남성,57,프로그래머,민감성,31°C (체감),24%,"고보습 선크림, 미스트, 영양 크림",메이크업은 최소화하고 톤업 선크림으로 자연스럽게 마무리하는 것을 권장합니다.,자외선 노출 후 진정 젤로 쿨다운하고 세럼으로 수분을 채워주는 것을 추천합니다.,햇빛이 강렬해서 선크림을 2~3시간마다 덧발라야 했어요.
mia07,아프리카,모로코,건조기후,경수,★★☆☆☆,여성,24,프리랜서,민감성,33°C (체감),27%,"저자극 선크림, 진정 젤, 수분 세럼",가벼운 수분 쿠션으로 건조함을 커버하며 자연스러운 룩을 연출하세요.,낮은 습도로 인한 수분 손실을 막기 위해 고보습 크림을 겹겹이 발라주세요.,사막성 기후라 그런지 평소보다 피부가 훨씬 건조해지는 걸 느꼈어요.
soojin_diary,아프리카,모로코,건조기후,경수,★★★★☆,남성,31,디자이너,민감성,35°C (체감),30%,"수분 로션, 선크림, 핸드크림",고보습 베이스 제품으로 들뜸 없이 매끈한 피부 표현이 가능합니다.,입술과 손이 트기 쉬우므로 립밤과 핸드크림을 항상 휴대하는 것이 좋습니다.,낮은 습도 때문에 피부가 계속 당기고 화장이 들떴어요. 수분 로션이 필수였습니다.
hyunwoo07,아프리카,모로코,건조기후,경수,★★☆☆☆,여성,38,승무원,민감성,37°C (체감),33%,"고SPF 선크림, 쿨링 미스트, 립밤",립 제품은 보습 밤 타입을 선택해 건조함으로 인한 각질을 예방하세요.,건조한 기후이므로 미스트를 수시로 뿌려 수분을 보충하는 것이 중요합니다.,일교차가 커서 낮에는 덥고 밤에는 쌀쌀해 피부가 예민해졌어요.
hyejin99,아프리카,모로코,건조기후,경수,★★★★★,남성,45,마케터,민감성,39°C (체감),16%,"수분 크림, 선쿠션, 진정 스프레이",촉촉한 베이스에 크림 타입 블러셔로 생기를 더하는 메이크업을 추천합니다.,강한 햇빛 대비 SPF 높은 제품을 사용하고 쿨링 미스트로 열감을 진정시켜 주세요.,건조한 바람 때문에 입술과 볼이 자주 텄어요. 수분 크림 없이는 힘들었을 것 같아요.
packlight_ing,아프리카,모로코,건조기후,경수,★☆☆☆☆,여성,52,공무원,민감성,41°C (체감),19%,"고보습 선크림, 미스트, 영양 크림",메이크업은 최소화하고 톤업 선크림으로 자연스럽게 마무리하는 것을 권장합니다.,자외선 노출 후 진정 젤로 쿨다운하고 세럼으로 수분을 채워주는 것을 추천합니다.,햇빛이 강렬해서 선크림을 2~3시간마다 덧발라야 했어요.
jiyoung_vibe,아프리카,모로코,건조기후,경수,★★★★☆,남성,59,회계사,민감성,29°C (체감),22%,"저자극 선크림, 진정 젤, 수분 세럼",가벼운 수분 쿠션으로 건조함을 커버하며 자연스러운 룩을 연출하세요.,낮은 습도로 인한 수분 손실을 막기 위해 고보습 크림을 겹겹이 발라주세요.,사막성 기후라 그런지 평소보다 피부가 훨씬 건조해지는 걸 느꼈어요.
chillmode_zone,아프리카,모로코,건조기후,경수,★★★☆☆,여성,26,수의사,민감성,31°C (체감),25%,"수분 로션, 선크림, 핸드크림",고보습 베이스 제품으로 들뜸 없이 매끈한 피부 표현이 가능합니다.,입술과 손이 트기 쉬우므로 립밤과 핸드크림을 항상 휴대하는 것이 좋습니다.,낮은 습도 때문에 피부가 계속 당기고 화장이 들떴어요. 수분 로션이 필수였습니다.
coolbreeze_92,아프리카,모로코,건조기후,경수,★★★☆☆,남성,33,영업직,민감성,33°C (체감),28%,"고SPF 선크림, 쿨링 미스트, 립밤",립 제품은 보습 밤 타입을 선택해 건조함으로 인한 각질을 예방하세요.,건조한 기후이므로 미스트를 수시로 뿌려 수분을 보충하는 것이 중요합니다.,일교차가 커서 낮에는 덥고 밤에는 쌀쌀해 피부가 예민해졌어요.
combiskin_log,아프리카,케냐,열대기후,연수,★★☆☆☆,남성,33,자영업,지성,34°C (체감),84%,"저자극 선크림, 진정 스프레이, 수분 시트마스크",색조보다는 톤업 선크림 위주로 산뜻하게 마무리하는 것을 권장합니다.,피지 분비가 많아지는 시기이므로 클레이 마스크로 주 1~2회 관리해 주는 것을 추천합니다.,습도가 정말 높아서 화장이 금방 무너졌어요. 저자극 선크림 없이는 하루도 버티기 힘들었어요.
jieun_love,아프리카,케냐,열대기후,연수,★★★★☆,여성,40,여행가이드,지성,36°C (체감),87%,"가벼운 수분 선크림, 쿠션, 미스트",워터프루프 아이라이너와 마스카라로 땀과 습기에 대비하는 것이 좋습니다.,저녁에 이중세안을 꼭 하고 산뜻한 젤 타입 제품으로 유수분 밸런스를 유지하세요.,생각보다 더 더워서 땀 때문에 끈적임이 심했는데 가벼운 수분 선크림이 정말 큰 도움이 됐습니다.
desertrose_world,아프리카,케냐,열대기후,연수,★★★★★,남성,47,작가,지성,31°C (체감),90%,"워터프루프 아이라이너, 피지 흡수 패드, 쿨링 젤",얇은 베이스에 워터프루프 제품 위주로 메이크업하고 픽싱 스프레이로 마무리하는 것을 추천합니다.,외출 중 블로팅 페이퍼로 피지를 자주 관리하고 쿨링 토너로 진정시켜 주세요.,야외 일정이 많았는데 자외선이 강해서 워터프루프 아이라이너을 자주 덧발라야 했어요.
chorong88,아프리카,케냐,열대기후,연수,★★★★☆,여성,54,연구원,지성,33°C (체감),77%,"워터프루프 선크림, 피지 컨트롤 파우더, 픽싱 미스트",매트한 베이스로 유분과 땀을 컨트롤하며 색조는 최소화하는 것이 좋습니다.,자외선 노출 후에는 진정 스프레이와 수분 시트마스크로 피부를 달래주는 것이 좋습니다.,고온다습한 날씨 탓에 피부 트러블이 갑자기 올라와서 당황했어요.
jieun_daily,아프리카,케냐,열대기후,연수,★★★★★,남성,21,바리스타,지성,35°C (체감),80%,"매트 선크림, 블로팅 페이퍼, 쿨링 토너",촉촉한 쿠션으로 습기에도 밀리지 않게 가볍게 표현하는 것을 추천합니다.,실내외 온습도 차이가 크므로 미스트로 수시로 수분을 보충해 주세요.,에어컨 실내와 습한 실외를 오가다 보니 피부 컨디션이 계속 오락가락했어요.
yoona_note,아프리카,케냐,열대기후,연수,★★★★☆,여성,28,프로그래머,지성,30°C (체감),83%,"저자극 선크림, 진정 스프레이, 수분 시트마스크",색조보다는 톤업 선크림 위주로 산뜻하게 마무리하는 것을 권장합니다.,피지 분비가 많아지는 시기이므로 클레이 마스크로 주 1~2회 관리해 주는 것을 추천합니다.,습도가 정말 높아서 화장이 금방 무너졌어요. 저자극 선크림 없이는 하루도 버티기 힘들었어요.
hydrationqueen_mode,아프리카,케냐,열대기후,연수,★★★☆☆,남성,35,프리랜서,지성,32°C (체감),86%,"가벼운 수분 선크림, 쿠션, 미스트",워터프루프 아이라이너와 마스카라로 땀과 습기에 대비하는 것이 좋습니다.,저녁에 이중세안을 꼭 하고 산뜻한 젤 타입 제품으로 유수분 밸런스를 유지하세요.,생각보다 더 더워서 땀 때문에 끈적임이 심했는데 가벼운 수분 선크림이 정말 큰 도움이 됐습니다.
radiantme99,아프리카,케냐,열대기후,연수,★★★★☆,여성,42,디자이너,지성,34°C (체감),89%,"워터프루프 아이라이너, 피지 흡수 패드, 쿨링 젤",얇은 베이스에 워터프루프 제품 위주로 메이크업하고 픽싱 스프레이로 마무리하는 것을 추천합니다.,외출 중 블로팅 페이퍼로 피지를 자주 관리하고 쿨링 토너로 진정시켜 주세요.,야외 일정이 많았는데 자외선이 강해서 워터프루프 아이라이너을 자주 덧발라야 했어요.
quinn_love,아프리카,케냐,열대기후,연수,★★★★★,남성,49,승무원,지성,36°C (체감),76%,"워터프루프 선크림, 피지 컨트롤 파우더, 픽싱 미스트",매트한 베이스로 유분과 땀을 컨트롤하며 색조는 최소화하는 것이 좋습니다.,자외선 노출 후에는 진정 스프레이와 수분 시트마스크로 피부를 달래주는 것이 좋습니다.,고온다습한 날씨 탓에 피부 트러블이 갑자기 올라와서 당황했어요.
somin_life,아프리카,케냐,열대기후,연수,★★★★★,여성,56,마케터,지성,31°C (체감),79%,"매트 선크림, 블로팅 페이퍼, 쿨링 토너",촉촉한 쿠션으로 습기에도 밀리지 않게 가볍게 표현하는 것을 추천합니다.,실내외 온습도 차이가 크므로 미스트로 수시로 수분을 보충해 주세요.,에어컨 실내와 습한 실외를 오가다 보니 피부 컨디션이 계속 오락가락했어요.
fiona_log,남아메리카,페루,열대기후,연수,★★★★☆,여성,32,연구원,건성,30°C (체감),75%,"매트 선크림, 블로팅 페이퍼, 쿨링 토너",촉촉한 쿠션으로 습기에도 밀리지 않게 가볍게 표현하는 것을 추천합니다.,실내외 온습도 차이가 크므로 미스트로 수시로 수분을 보충해 주세요.,에어컨 실내와 습한 실외를 오가다 보니 피부 컨디션이 계속 오락가락했어요.
jiwoo07,남아메리카,페루,열대기후,연수,★★★★☆,남성,39,바리스타,건성,32°C (체감),78%,"저자극 선크림, 진정 스프레이, 수분 시트마스크",색조보다는 톤업 선크림 위주로 산뜻하게 마무리하는 것을 권장합니다.,피지 분비가 많아지는 시기이므로 클레이 마스크로 주 1~2회 관리해 주는 것을 추천합니다.,습도가 정말 높아서 화장이 금방 무너졌어요. 저자극 선크림 없이는 하루도 버티기 힘들었어요.
islandhopper_story,남아메리카,페루,열대기후,연수,★★★★★,여성,46,프로그래머,건성,34°C (체감),81%,"가벼운 수분 선크림, 쿠션, 미스트",워터프루프 아이라이너와 마스카라로 땀과 습기에 대비하는 것이 좋습니다.,저녁에 이중세안을 꼭 하고 산뜻한 젤 타입 제품으로 유수분 밸런스를 유지하세요.,생각보다 더 더워서 땀 때문에 끈적임이 심했는데 가벼운 수분 선크림이 정말 큰 도움이 됐습니다.
suji_92,남아메리카,페루,열대기후,연수,★★★☆☆,남성,53,프리랜서,건성,36°C (체감),84%,"워터프루프 아이라이너, 피지 흡수 패드, 쿨링 젤",얇은 베이스에 워터프루프 제품 위주로 메이크업하고 픽싱 스프레이로 마무리하는 것을 추천합니다.,외출 중 블로팅 페이퍼로 피지를 자주 관리하고 쿨링 토너로 진정시켜 주세요.,야외 일정이 많았는데 자외선이 강해서 워터프루프 아이라이너을 자주 덧발라야 했어요.
glowygirl_note,남아메리카,페루,열대기후,연수,★★★★★,여성,20,디자이너,건성,31°C (체감),87%,"워터프루프 선크림, 피지 컨트롤 파우더, 픽싱 미스트",매트한 베이스로 유분과 땀을 컨트롤하며 색조는 최소화하는 것이 좋습니다.,자외선 노출 후에는 진정 스프레이와 수분 시트마스크로 피부를 달래주는 것이 좋습니다.,고온다습한 날씨 탓에 피부 트러블이 갑자기 올라와서 당황했어요.
weekendtrip_love,남아메리카,페루,열대기후,연수,★★★★★,남성,27,승무원,건성,33°C (체감),90%,"매트 선크림, 블로팅 페이퍼, 쿨링 토너",촉촉한 쿠션으로 습기에도 밀리지 않게 가볍게 표현하는 것을 추천합니다.,실내외 온습도 차이가 크므로 미스트로 수시로 수분을 보충해 주세요.,에어컨 실내와 습한 실외를 오가다 보니 피부 컨디션이 계속 오락가락했어요.
yerim_note,남아메리카,페루,열대기후,연수,★★☆☆☆,여성,34,마케터,건성,35°C (체감),77%,"저자극 선크림, 진정 스프레이, 수분 시트마스크",색조보다는 톤업 선크림 위주로 산뜻하게 마무리하는 것을 권장합니다.,피지 분비가 많아지는 시기이므로 클레이 마스크로 주 1~2회 관리해 주는 것을 추천합니다.,습도가 정말 높아서 화장이 금방 무너졌어요. 저자극 선크림 없이는 하루도 버티기 힘들었어요.
chorong23,남아메리카,페루,열대기후,연수,★★★★☆,남성,41,공무원,건성,30°C (체감),80%,"가벼운 수분 선크림, 쿠션, 미스트",워터프루프 아이라이너와 마스카라로 땀과 습기에 대비하는 것이 좋습니다.,저녁에 이중세안을 꼭 하고 산뜻한 젤 타입 제품으로 유수분 밸런스를 유지하세요.,생각보다 더 더워서 땀 때문에 끈적임이 심했는데 가벼운 수분 선크림이 정말 큰 도움이 됐습니다.
bomi_log,남아메리카,페루,열대기후,연수,★★☆☆☆,여성,48,회계사,건성,32°C (체감),83%,"워터프루프 아이라이너, 피지 흡수 패드, 쿨링 젤",얇은 베이스에 워터프루프 제품 위주로 메이크업하고 픽싱 스프레이로 마무리하는 것을 추천합니다.,외출 중 블로팅 페이퍼로 피지를 자주 관리하고 쿨링 토너로 진정시켜 주세요.,야외 일정이 많았는데 자외선이 강해서 워터프루프 아이라이너을 자주 덧발라야 했어요.
combiskin_zone,남아메리카,페루,열대기후,연수,★★★★☆,남성,55,수의사,건성,34°C (체감),86%,"워터프루프 선크림, 피지 컨트롤 파우더, 픽싱 미스트",매트한 베이스로 유분과 땀을 컨트롤하며 색조는 최소화하는 것이 좋습니다.,자외선 노출 후에는 진정 스프레이와 수분 시트마스크로 피부를 달래주는 것이 좋습니다.,고온다습한 날씨 탓에 피부 트러블이 갑자기 올라와서 당황했어요.
jisoo01,남아메리카,칠레,온대기후,연수,★★★★★,여성,48,공무원,지성,22°C (체감),49%,"저자극 크림, 진정 토너, 수분 마스크팩",가벼운 산뜻한 로션 타입으로 유분이 적은 제품 위주로 사용하세요.,실내외 온도차가 큰 날에는 수분크림을 자주 덧발라 주는 것이 좋습니다.,일교차가 커서 아침저녁으로 피부 컨디션이 완전히 달랐어요. 저자극 크림이 도움이 됐어요.
yoona07,남아메리카,칠레,온대기후,연수,★★★★★,남성,55,회계사,지성,24°C (체감),52%,"산뜻한 로션, 선크림, 블로팅 페이퍼",촉촉한 선쿠션과 립틴트로 화사한 인상을 연출할 수 있습니다.,일교차가 크므로 수분 크림으로 아침저녁 보습을 꼼꼼히 챙겨주세요.,날씨는 선선했는데 실내 난방 때문에 오히려 피부가 건조하고 번들거렸어요.
humidmood_life,남아메리카,칠레,온대기후,연수,★★★★☆,여성,22,수의사,지성,26°C (체감),55%,"수분 크림, 립틴트, 선쿠션",촉촉한 쿠션과 크림 블러셔로 생기 있는 룩을 연출하는 것을 추천합니다.,환절기 피부 컨디션 변화에 대비해 올인원 로션으로 간편하게 보습을 유지하세요.,사계절이 뚜렷한 곳이라 그런지 여행 기간 내내 온도 변화에 신경 써야 했어요.
kyla99,남아메리카,칠레,온대기후,연수,★★★★☆,남성,29,영업직,지성,28°C (체감),58%,"수분 크림, 선크림, 립밤",가벼운 톤업로션 정도로 자연스럽게 표현하는 메이크업이 잘 어울립니다.,일교차로 예민해지기 쉬운 피부에는 저자극 진정 라인 사용을 권장합니다.,생각보다 자외선이 강해서 선크림을 안 쓰면 금방 붉어졌어요.
minho99,남아메리카,칠레,온대기후,연수,★★★☆☆,여성,36,대학생,지성,16°C (체감),61%,"올인원 로션, 선크림, 미스트",저자극 톤업크림 위주로 하고 색조는 최소화하는 것을 권장합니다.,실내 난방·냉방으로 건조해지기 쉬우니 블로팅 페이퍼와 미스트를 함께 챙기세요.,쾌적한 날씨였지만 건조해서 립밤과 수분크림을 자주 발라야 했어요.
fiona01,남아메리카,칠레,온대기후,연수,★★★☆☆,남성,43,간호사,지성,18°C (체감),64%,"저자극 크림, 진정 토너, 수분 마스크팩",가벼운 산뜻한 로션 타입으로 유분이 적은 제품 위주로 사용하세요.,실내외 온도차가 큰 날에는 수분크림을 자주 덧발라 주는 것이 좋습니다.,일교차가 커서 아침저녁으로 피부 컨디션이 완전히 달랐어요. 저자극 크림이 도움이 됐어요.
yeji_vibe,남아메리카,칠레,온대기후,연수,★★★☆☆,여성,50,사진작가,지성,20°C (체감),47%,"산뜻한 로션, 선크림, 블로팅 페이퍼",촉촉한 선쿠션과 립틴트로 화사한 인상을 연출할 수 있습니다.,일교차가 크므로 수분 크림으로 아침저녁 보습을 꼼꼼히 챙겨주세요.,날씨는 선선했는데 실내 난방 때문에 오히려 피부가 건조하고 번들거렸어요.
urbanexplorer_ing,남아메리카,칠레,온대기후,연수,★★★★★,남성,57,엔지니어,지성,22°C (체감),50%,"수분 크림, 립틴트, 선쿠션",촉촉한 쿠션과 크림 블러셔로 생기 있는 룩을 연출하는 것을 추천합니다.,환절기 피부 컨디션 변화에 대비해 올인원 로션으로 간편하게 보습을 유지하세요.,사계절이 뚜렷한 곳이라 그런지 여행 기간 내내 온도 변화에 신경 써야 했어요.
nari_k,남아메리카,칠레,온대기후,연수,★★★★☆,여성,24,약사,지성,24°C (체감),53%,"수분 크림, 선크림, 립밤",가벼운 톤업로션 정도로 자연스럽게 표현하는 메이크업이 잘 어울립니다.,일교차로 예민해지기 쉬운 피부에는 저자극 진정 라인 사용을 권장합니다.,생각보다 자외선이 강해서 선크림을 안 쓰면 금방 붉어졌어요.
skinfirst_zone,남아메리카,칠레,온대기후,연수,★★★★☆,남성,31,트레이너,지성,26°C (체감),56%,"올인원 로션, 선크림, 미스트",저자극 톤업크림 위주로 하고 색조는 최소화하는 것을 권장합니다.,실내 난방·냉방으로 건조해지기 쉬우니 블로팅 페이퍼와 미스트를 함께 챙기세요.,쾌적한 날씨였지만 건조해서 립밤과 수분크림을 자주 발라야 했어요.
combiskin_k,북아메리카,쿠바,열대기후,경수,★★★★☆,남성,37,승무원,건성,36°C (체감),80%,"매트 선크림, 블로팅 페이퍼, 쿨링 토너",촉촉한 쿠션으로 습기에도 밀리지 않게 가볍게 표현하는 것을 추천합니다.,실내외 온습도 차이가 크므로 미스트로 수시로 수분을 보충해 주세요.,에어컨 실내와 습한 실외를 오가다 보니 피부 컨디션이 계속 오락가락했어요.
yerin01,북아메리카,쿠바,열대기후,경수,★★★★★,여성,44,마케터,건성,31°C (체감),83%,"저자극 선크림, 진정 스프레이, 수분 시트마스크",색조보다는 톤업 선크림 위주로 산뜻하게 마무리하는 것을 권장합니다.,피지 분비가 많아지는 시기이므로 클레이 마스크로 주 1~2회 관리해 주는 것을 추천합니다.,습도가 정말 높아서 화장이 금방 무너졌어요. 저자극 선크림 없이는 하루도 버티기 힘들었어요.
olivia_official,북아메리카,쿠바,열대기후,경수,★★★★☆,남성,51,공무원,건성,33°C (체감),86%,"가벼운 수분 선크림, 쿠션, 미스트",워터프루프 아이라이너와 마스카라로 땀과 습기에 대비하는 것이 좋습니다.,저녁에 이중세안을 꼭 하고 산뜻한 젤 타입 제품으로 유수분 밸런스를 유지하세요.,생각보다 더 더워서 땀 때문에 끈적임이 심했는데 가벼운 수분 선크림이 정말 큰 도움이 됐습니다.
glowygirl_mode,북아메리카,쿠바,열대기후,경수,★★★★☆,여성,58,회계사,건성,35°C (체감),89%,"워터프루프 아이라이너, 피지 흡수 패드, 쿨링 젤",얇은 베이스에 워터프루프 제품 위주로 메이크업하고 픽싱 스프레이로 마무리하는 것을 추천합니다.,외출 중 블로팅 페이퍼로 피지를 자주 관리하고 쿨링 토너로 진정시켜 주세요.,야외 일정이 많았는데 자외선이 강해서 워터프루프 아이라이너을 자주 덧발라야 했어요.
cushionfan_mode,북아메리카,쿠바,열대기후,경수,★★★★★,남성,25,수의사,건성,30°C (체감),76%,"워터프루프 선크림, 피지 컨트롤 파우더, 픽싱 미스트",매트한 베이스로 유분과 땀을 컨트롤하며 색조는 최소화하는 것이 좋습니다.,자외선 노출 후에는 진정 스프레이와 수분 시트마스크로 피부를 달래주는 것이 좋습니다.,고온다습한 날씨 탓에 피부 트러블이 갑자기 올라와서 당황했어요.
haru_love,북아메리카,쿠바,열대기후,경수,★★★☆☆,여성,32,영업직,건성,32°C (체감),79%,"매트 선크림, 블로팅 페이퍼, 쿨링 토너",촉촉한 쿠션으로 습기에도 밀리지 않게 가볍게 표현하는 것을 추천합니다.,실내외 온습도 차이가 크므로 미스트로 수시로 수분을 보충해 주세요.,에어컨 실내와 습한 실외를 오가다 보니 피부 컨디션이 계속 오락가락했어요.
sensitiveskin_zone,북아메리카,쿠바,열대기후,경수,★★★★☆,남성,39,대학생,건성,34°C (체감),82%,"저자극 선크림, 진정 스프레이, 수분 시트마스크",색조보다는 톤업 선크림 위주로 산뜻하게 마무리하는 것을 권장합니다.,피지 분비가 많아지는 시기이므로 클레이 마스크로 주 1~2회 관리해 주는 것을 추천합니다.,습도가 정말 높아서 화장이 금방 무너졌어요. 저자극 선크림 없이는 하루도 버티기 힘들었어요.
cushionfan_official,북아메리카,쿠바,열대기후,경수,★★★☆☆,여성,46,간호사,건성,36°C (체감),85%,"가벼운 수분 선크림, 쿠션, 미스트",워터프루프 아이라이너와 마스카라로 땀과 습기에 대비하는 것이 좋습니다.,저녁에 이중세안을 꼭 하고 산뜻한 젤 타입 제품으로 유수분 밸런스를 유지하세요.,생각보다 더 더워서 땀 때문에 끈적임이 심했는데 가벼운 수분 선크림이 정말 큰 도움이 됐습니다.
haru_mode,북아메리카,쿠바,열대기후,경수,★★★☆☆,남성,53,사진작가,건성,31°C (체감),88%,"워터프루프 아이라이너, 피지 흡수 패드, 쿨링 젤",얇은 베이스에 워터프루프 제품 위주로 메이크업하고 픽싱 스프레이로 마무리하는 것을 추천합니다.,외출 중 블로팅 페이퍼로 피지를 자주 관리하고 쿨링 토너로 진정시켜 주세요.,야외 일정이 많았는데 자외선이 강해서 워터프루프 아이라이너을 자주 덧발라야 했어요.
frostyvibe_k,북아메리카,쿠바,열대기후,경수,★★★☆☆,여성,20,엔지니어,건성,33°C (체감),75%,"워터프루프 선크림, 피지 컨트롤 파우더, 픽싱 미스트",매트한 베이스로 유분과 땀을 컨트롤하며 색조는 최소화하는 것이 좋습니다.,자외선 노출 후에는 진정 스프레이와 수분 시트마스크로 피부를 달래주는 것이 좋습니다.,고온다습한 날씨 탓에 피부 트러블이 갑자기 올라와서 당황했어요.
chaewon_ing,북아메리카,자메이카,열대기후,경수,★☆☆☆☆,남성,33,건축가,지성,30°C (체감),76%,"저자극 선크림, 진정 스프레이, 수분 시트마스크",색조보다는 톤업 선크림 위주로 산뜻하게 마무리하는 것을 권장합니다.,피지 분비가 많아지는 시기이므로 클레이 마스크로 주 1~2회 관리해 주는 것을 추천합니다.,습도가 정말 높아서 화장이 금방 무너졌어요. 저자극 선크림 없이는 하루도 버티기 힘들었어요.
yerim_daily,북아메리카,자메이카,열대기후,경수,★★★★☆,여성,40,일러스트레이터,지성,32°C (체감),79%,"가벼운 수분 선크림, 쿠션, 미스트",워터프루프 아이라이너와 마스카라로 땀과 습기에 대비하는 것이 좋습니다.,저녁에 이중세안을 꼭 하고 산뜻한 젤 타입 제품으로 유수분 밸런스를 유지하세요.,생각보다 더 더워서 땀 때문에 끈적임이 심했는데 가벼운 수분 선크림이 정말 큰 도움이 됐습니다.
jieun_life,북아메리카,자메이카,열대기후,경수,★★★★☆,남성,47,회사원,지성,34°C (체감),82%,"워터프루프 아이라이너, 피지 흡수 패드, 쿨링 젤",얇은 베이스에 워터프루프 제품 위주로 메이크업하고 픽싱 스프레이로 마무리하는 것을 추천합니다.,외출 중 블로팅 페이퍼로 피지를 자주 관리하고 쿨링 토너로 진정시켜 주세요.,야외 일정이 많았는데 자외선이 강해서 워터프루프 아이라이너을 자주 덧발라야 했어요.
nomakeupdays23,북아메리카,자메이카,열대기후,경수,★★★★★,여성,54,교사,지성,36°C (체감),85%,"워터프루프 선크림, 피지 컨트롤 파우더, 픽싱 미스트",매트한 베이스로 유분과 땀을 컨트롤하며 색조는 최소화하는 것이 좋습니다.,자외선 노출 후에는 진정 스프레이와 수분 시트마스크로 피부를 달래주는 것이 좋습니다.,고온다습한 날씨 탓에 피부 트러블이 갑자기 올라와서 당황했어요.
jina_diary,북아메리카,자메이카,열대기후,경수,★★★☆☆,남성,21,요리사,지성,31°C (체감),88%,"매트 선크림, 블로팅 페이퍼, 쿨링 토너",촉촉한 쿠션으로 습기에도 밀리지 않게 가볍게 표현하는 것을 추천합니다.,실내외 온습도 차이가 크므로 미스트로 수시로 수분을 보충해 주세요.,에어컨 실내와 습한 실외를 오가다 보니 피부 컨디션이 계속 오락가락했어요.
daeun23,북아메리카,자메이카,열대기후,경수,★★★★☆,여성,28,자영업,지성,33°C (체감),75%,"저자극 선크림, 진정 스프레이, 수분 시트마스크",색조보다는 톤업 선크림 위주로 산뜻하게 마무리하는 것을 권장합니다.,피지 분비가 많아지는 시기이므로 클레이 마스크로 주 1~2회 관리해 주는 것을 추천합니다.,습도가 정말 높아서 화장이 금방 무너졌어요. 저자극 선크림 없이는 하루도 버티기 힘들었어요.
makeupfan_official,북아메리카,자메이카,열대기후,경수,★★★★☆,남성,35,여행가이드,지성,35°C (체감),78%,"가벼운 수분 선크림, 쿠션, 미스트",워터프루프 아이라이너와 마스카라로 땀과 습기에 대비하는 것이 좋습니다.,저녁에 이중세안을 꼭 하고 산뜻한 젤 타입 제품으로 유수분 밸런스를 유지하세요.,생각보다 더 더워서 땀 때문에 끈적임이 심했는데 가벼운 수분 선크림이 정말 큰 도움이 됐습니다.
seungmin_official,북아메리카,자메이카,열대기후,경수,★☆☆☆☆,여성,42,작가,지성,30°C (체감),81%,"워터프루프 아이라이너, 피지 흡수 패드, 쿨링 젤",얇은 베이스에 워터프루프 제품 위주로 메이크업하고 픽싱 스프레이로 마무리하는 것을 추천합니다.,외출 중 블로팅 페이퍼로 피지를 자주 관리하고 쿨링 토너로 진정시켜 주세요.,야외 일정이 많았는데 자외선이 강해서 워터프루프 아이라이너을 자주 덧발라야 했어요.
kyla_story,북아메리카,자메이카,열대기후,경수,★★★★★,남성,49,연구원,지성,32°C (체감),84%,"워터프루프 선크림, 피지 컨트롤 파우더, 픽싱 미스트",매트한 베이스로 유분과 땀을 컨트롤하며 색조는 최소화하는 것이 좋습니다.,자외선 노출 후에는 진정 스프레이와 수분 시트마스크로 피부를 달래주는 것이 좋습니다.,고온다습한 날씨 탓에 피부 트러블이 갑자기 올라와서 당황했어요.
toneuplife_official,북아메리카,자메이카,열대기후,경수,★★★★★,여성,56,바리스타,지성,34°C (체감),87%,"매트 선크림, 블로팅 페이퍼, 쿨링 토너",촉촉한 쿠션으로 습기에도 밀리지 않게 가볍게 표현하는 것을 추천합니다.,실내외 온습도 차이가 크므로 미스트로 수시로 수분을 보충해 주세요.,에어컨 실내와 습한 실외를 오가다 보니 피부 컨디션이 계속 오락가락했어요.
jisoo_ing,유럽,크로아티아,온대기후,경수,★★★☆☆,남성,59,수의사,복합성,21°C (체감),60%,"산뜻한 로션, 선크림, 블로팅 페이퍼",촉촉한 선쿠션과 립틴트로 화사한 인상을 연출할 수 있습니다.,일교차가 크므로 수분 크림으로 아침저녁 보습을 꼼꼼히 챙겨주세요.,날씨는 선선했는데 실내 난방 때문에 오히려 피부가 건조하고 번들거렸어요.
jisoo_zone,유럽,크로아티아,온대기후,경수,★★★☆☆,여성,26,영업직,복합성,23°C (체감),63%,"수분 크림, 립틴트, 선쿠션",촉촉한 쿠션과 크림 블러셔로 생기 있는 룩을 연출하는 것을 추천합니다.,환절기 피부 컨디션 변화에 대비해 올인원 로션으로 간편하게 보습을 유지하세요.,사계절이 뚜렷한 곳이라 그런지 여행 기간 내내 온도 변화에 신경 써야 했어요.
freshface01,유럽,크로아티아,온대기후,경수,★★★★☆,남성,33,대학생,복합성,25°C (체감),46%,"수분 크림, 선크림, 립밤",가벼운 톤업로션 정도로 자연스럽게 표현하는 메이크업이 잘 어울립니다.,일교차로 예민해지기 쉬운 피부에는 저자극 진정 라인 사용을 권장합니다.,생각보다 자외선이 강해서 선크림을 안 쓰면 금방 붉어졌어요.
jisoo07,유럽,크로아티아,온대기후,경수,★★★★★,여성,40,간호사,복합성,27°C (체감),49%,"올인원 로션, 선크림, 미스트",저자극 톤업크림 위주로 하고 색조는 최소화하는 것을 권장합니다.,실내 난방·냉방으로 건조해지기 쉬우니 블로팅 페이퍼와 미스트를 함께 챙기세요.,쾌적한 날씨였지만 건조해서 립밤과 수분크림을 자주 발라야 했어요.
jetsetter_world,유럽,크로아티아,온대기후,경수,★★★★☆,남성,47,사진작가,복합성,15°C (체감),52%,"저자극 크림, 진정 토너, 수분 마스크팩",가벼운 산뜻한 로션 타입으로 유분이 적은 제품 위주로 사용하세요.,실내외 온도차가 큰 날에는 수분크림을 자주 덧발라 주는 것이 좋습니다.,일교차가 커서 아침저녁으로 피부 컨디션이 완전히 달랐어요. 저자극 크림이 도움이 됐어요.
chillmode99,유럽,크로아티아,온대기후,경수,★★★☆☆,여성,54,엔지니어,복합성,17°C (체감),55%,"산뜻한 로션, 선크림, 블로팅 페이퍼",촉촉한 선쿠션과 립틴트로 화사한 인상을 연출할 수 있습니다.,일교차가 크므로 수분 크림으로 아침저녁 보습을 꼼꼼히 챙겨주세요.,날씨는 선선했는데 실내 난방 때문에 오히려 피부가 건조하고 번들거렸어요.
serumfan_log,유럽,크로아티아,온대기후,경수,★★★★☆,남성,21,약사,복합성,19°C (체감),58%,"수분 크림, 립틴트, 선쿠션",촉촉한 쿠션과 크림 블러셔로 생기 있는 룩을 연출하는 것을 추천합니다.,환절기 피부 컨디션 변화에 대비해 올인원 로션으로 간편하게 보습을 유지하세요.,사계절이 뚜렷한 곳이라 그런지 여행 기간 내내 온도 변화에 신경 써야 했어요.
radiantme_story,유럽,크로아티아,온대기후,경수,★★★★☆,여성,28,트레이너,복합성,21°C (체감),61%,"수분 크림, 선크림, 립밤",가벼운 톤업로션 정도로 자연스럽게 표현하는 메이크업이 잘 어울립니다.,일교차로 예민해지기 쉬운 피부에는 저자극 진정 라인 사용을 권장합니다.,생각보다 자외선이 강해서 선크림을 안 쓰면 금방 붉어졌어요.
sora_92,유럽,크로아티아,온대기후,경수,★★★★☆,남성,35,건축가,복합성,23°C (체감),64%,"올인원 로션, 선크림, 미스트",저자극 톤업크림 위주로 하고 색조는 최소화하는 것을 권장합니다.,실내 난방·냉방으로 건조해지기 쉬우니 블로팅 페이퍼와 미스트를 함께 챙기세요.,쾌적한 날씨였지만 건조해서 립밤과 수분크림을 자주 발라야 했어요.
combiskin_world,유럽,크로아티아,온대기후,경수,★★★★☆,여성,42,일러스트레이터,복합성,25°C (체감),47%,"저자극 크림, 진정 토너, 수분 마스크팩",가벼운 산뜻한 로션 타입으로 유분이 적은 제품 위주로 사용하세요.,실내외 온도차가 큰 날에는 수분크림을 자주 덧발라 주는 것이 좋습니다.,일교차가 커서 아침저녁으로 피부 컨디션이 완전히 달랐어요. 저자극 크림이 도움이 됐어요.
backpacklife_world,유럽,체코,온대기후,경수,★★★★☆,여성,40,마케터,민감성,20°C (체감),61%,"수분 크림, 립틴트, 선쿠션",촉촉한 쿠션과 크림 블러셔로 생기 있는 룩을 연출하는 것을 추천합니다.,환절기 피부 컨디션 변화에 대비해 올인원 로션으로 간편하게 보습을 유지하세요.,사계절이 뚜렷한 곳이라 그런지 여행 기간 내내 온도 변화에 신경 써야 했어요.
travelbug_diary,유럽,체코,온대기후,경수,★★★☆☆,남성,47,공무원,민감성,22°C (체감),64%,"수분 크림, 선크림, 립밤",가벼운 톤업로션 정도로 자연스럽게 표현하는 메이크업이 잘 어울립니다.,일교차로 예민해지기 쉬운 피부에는 저자극 진정 라인 사용을 권장합니다.,생각보다 자외선이 강해서 선크림을 안 쓰면 금방 붉어졌어요.
oilyskin_zone,유럽,체코,온대기후,경수,★★☆☆☆,여성,54,회계사,민감성,24°C (체감),47%,"올인원 로션, 선크림, 미스트",저자극 톤업크림 위주로 하고 색조는 최소화하는 것을 권장합니다.,실내 난방·냉방으로 건조해지기 쉬우니 블로팅 페이퍼와 미스트를 함께 챙기세요.,쾌적한 날씨였지만 건조해서 립밤과 수분크림을 자주 발라야 했어요.
iseul_ing,유럽,체코,온대기후,경수,★★★☆☆,남성,21,수의사,민감성,26°C (체감),50%,"저자극 크림, 진정 토너, 수분 마스크팩",가벼운 산뜻한 로션 타입으로 유분이 적은 제품 위주로 사용하세요.,실내외 온도차가 큰 날에는 수분크림을 자주 덧발라 주는 것이 좋습니다.,일교차가 커서 아침저녁으로 피부 컨디션이 완전히 달랐어요. 저자극 크림이 도움이 됐어요.
cloudnine_zone,유럽,체코,온대기후,경수,★★★★☆,여성,28,영업직,민감성,28°C (체감),53%,"산뜻한 로션, 선크림, 블로팅 페이퍼",촉촉한 선쿠션과 립틴트로 화사한 인상을 연출할 수 있습니다.,일교차가 크므로 수분 크림으로 아침저녁 보습을 꼼꼼히 챙겨주세요.,날씨는 선선했는데 실내 난방 때문에 오히려 피부가 건조하고 번들거렸어요.
tintedlips_official,유럽,체코,온대기후,경수,★★★★★,남성,35,대학생,민감성,16°C (체감),56%,"수분 크림, 립틴트, 선쿠션",촉촉한 쿠션과 크림 블러셔로 생기 있는 룩을 연출하는 것을 추천합니다.,환절기 피부 컨디션 변화에 대비해 올인원 로션으로 간편하게 보습을 유지하세요.,사계절이 뚜렷한 곳이라 그런지 여행 기간 내내 온도 변화에 신경 써야 했어요.
taeyang_official,유럽,체코,온대기후,경수,★★★☆☆,여성,42,간호사,민감성,18°C (체감),59%,"수분 크림, 선크림, 립밤",가벼운 톤업로션 정도로 자연스럽게 표현하는 메이크업이 잘 어울립니다.,일교차로 예민해지기 쉬운 피부에는 저자극 진정 라인 사용을 권장합니다.,생각보다 자외선이 강해서 선크림을 안 쓰면 금방 붉어졌어요.
jiyoung_world,유럽,체코,온대기후,경수,★★★☆☆,남성,49,사진작가,민감성,20°C (체감),62%,"올인원 로션, 선크림, 미스트",저자극 톤업크림 위주로 하고 색조는 최소화하는 것을 권장합니다.,실내 난방·냉방으로 건조해지기 쉬우니 블로팅 페이퍼와 미스트를 함께 챙기세요.,쾌적한 날씨였지만 건조해서 립밤과 수분크림을 자주 발라야 했어요.
seungmin_love,유럽,체코,온대기후,경수,★★☆☆☆,여성,56,엔지니어,민감성,22°C (체감),45%,"저자극 크림, 진정 토너, 수분 마스크팩",가벼운 산뜻한 로션 타입으로 유분이 적은 제품 위주로 사용하세요.,실내외 온도차가 큰 날에는 수분크림을 자주 덧발라 주는 것이 좋습니다.,일교차가 커서 아침저녁으로 피부 컨디션이 완전히 달랐어요. 저자극 크림이 도움이 됐어요.
makeupfan23,유럽,체코,온대기후,경수,★★★★★,남성,23,약사,민감성,24°C (체감),48%,"산뜻한 로션, 선크림, 블로팅 페이퍼",촉촉한 선쿠션과 립틴트로 화사한 인상을 연출할 수 있습니다.,일교차가 크므로 수분 크림으로 아침저녁 보습을 꼼꼼히 챙겨주세요.,날씨는 선선했는데 실내 난방 때문에 오히려 피부가 건조하고 번들거렸어요.
eunwoo88,유럽,헝가리,온대기후,경수,★★★☆☆,남성,43,건축가,지성,15°C (체감),64%,"저자극 크림, 진정 토너, 수분 마스크팩",가벼운 산뜻한 로션 타입으로 유분이 적은 제품 위주로 사용하세요.,실내외 온도차가 큰 날에는 수분크림을 자주 덧발라 주는 것이 좋습니다.,일교차가 커서 아침저녁으로 피부 컨디션이 완전히 달랐어요. 저자극 크림이 도움이 됐어요.
jieun01,유럽,헝가리,온대기후,경수,★★☆☆☆,여성,50,일러스트레이터,지성,17°C (체감),47%,"산뜻한 로션, 선크림, 블로팅 페이퍼",촉촉한 선쿠션과 립틴트로 화사한 인상을 연출할 수 있습니다.,일교차가 크므로 수분 크림으로 아침저녁 보습을 꼼꼼히 챙겨주세요.,날씨는 선선했는데 실내 난방 때문에 오히려 피부가 건조하고 번들거렸어요.
eunji_mode,유럽,헝가리,온대기후,경수,★★★★★,남성,57,회사원,지성,19°C (체감),50%,"수분 크림, 립틴트, 선쿠션",촉촉한 쿠션과 크림 블러셔로 생기 있는 룩을 연출하는 것을 추천합니다.,환절기 피부 컨디션 변화에 대비해 올인원 로션으로 간편하게 보습을 유지하세요.,사계절이 뚜렷한 곳이라 그런지 여행 기간 내내 온도 변화에 신경 써야 했어요.
mistyday_daily,유럽,헝가리,온대기후,경수,★★★★★,여성,24,교사,지성,21°C (체감),53%,"수분 크림, 선크림, 립밤",가벼운 톤업로션 정도로 자연스럽게 표현하는 메이크업이 잘 어울립니다.,일교차로 예민해지기 쉬운 피부에는 저자극 진정 라인 사용을 권장합니다.,생각보다 자외선이 강해서 선크림을 안 쓰면 금방 붉어졌어요.
hyunwoo_official,유럽,헝가리,온대기후,경수,★★★★☆,남성,31,요리사,지성,23°C (체감),56%,"올인원 로션, 선크림, 미스트",저자극 톤업크림 위주로 하고 색조는 최소화하는 것을 권장합니다.,실내 난방·냉방으로 건조해지기 쉬우니 블로팅 페이퍼와 미스트를 함께 챙기세요.,쾌적한 날씨였지만 건조해서 립밤과 수분크림을 자주 발라야 했어요.
humidmood_mode,유럽,헝가리,온대기후,경수,★★★★★,여성,38,자영업,지성,25°C (체감),59%,"저자극 크림, 진정 토너, 수분 마스크팩",가벼운 산뜻한 로션 타입으로 유분이 적은 제품 위주로 사용하세요.,실내외 온도차가 큰 날에는 수분크림을 자주 덧발라 주는 것이 좋습니다.,일교차가 커서 아침저녁으로 피부 컨디션이 완전히 달랐어요. 저자극 크림이 도움이 됐어요.
dryskin_note,유럽,헝가리,온대기후,경수,★★★☆☆,남성,45,여행가이드,지성,27°C (체감),62%,"산뜻한 로션, 선크림, 블로팅 페이퍼",촉촉한 선쿠션과 립틴트로 화사한 인상을 연출할 수 있습니다.,일교차가 크므로 수분 크림으로 아침저녁 보습을 꼼꼼히 챙겨주세요.,날씨는 선선했는데 실내 난방 때문에 오히려 피부가 건조하고 번들거렸어요.
yuna_mode,유럽,헝가리,온대기후,경수,★★★★★,여성,52,작가,지성,15°C (체감),45%,"수분 크림, 립틴트, 선쿠션",촉촉한 쿠션과 크림 블러셔로 생기 있는 룩을 연출하는 것을 추천합니다.,환절기 피부 컨디션 변화에 대비해 올인원 로션으로 간편하게 보습을 유지하세요.,사계절이 뚜렷한 곳이라 그런지 여행 기간 내내 온도 변화에 신경 써야 했어요.
nomakeupdays_ing,유럽,헝가리,온대기후,경수,★★★☆☆,남성,59,연구원,지성,17°C (체감),48%,"수분 크림, 선크림, 립밤",가벼운 톤업로션 정도로 자연스럽게 표현하는 메이크업이 잘 어울립니다.,일교차로 예민해지기 쉬운 피부에는 저자극 진정 라인 사용을 권장합니다.,생각보다 자외선이 강해서 선크림을 안 쓰면 금방 붉어졌어요.
nari_mode,유럽,헝가리,온대기후,경수,★★★★★,여성,26,바리스타,지성,19°C (체감),51%,"올인원 로션, 선크림, 미스트",저자극 톤업크림 위주로 하고 색조는 최소화하는 것을 권장합니다.,실내 난방·냉방으로 건조해지기 쉬우니 블로팅 페이퍼와 미스트를 함께 챙기세요.,쾌적한 날씨였지만 건조해서 립밤과 수분크림을 자주 발라야 했어요.
sunkissed_ing,유럽,폴란드,온대기후,경수,★★★★★,여성,52,연구원,건성,16°C (체감),53%,"올인원 로션, 선크림, 미스트",저자극 톤업크림 위주로 하고 색조는 최소화하는 것을 권장합니다.,실내 난방·냉방으로 건조해지기 쉬우니 블로팅 페이퍼와 미스트를 함께 챙기세요.,쾌적한 날씨였지만 건조해서 립밤과 수분크림을 자주 발라야 했어요.
suji88,유럽,폴란드,온대기후,경수,★★★★★,남성,59,바리스타,건성,18°C (체감),56%,"저자극 크림, 진정 토너, 수분 마스크팩",가벼운 산뜻한 로션 타입으로 유분이 적은 제품 위주로 사용하세요.,실내외 온도차가 큰 날에는 수분크림을 자주 덧발라 주는 것이 좋습니다.,일교차가 커서 아침저녁으로 피부 컨디션이 완전히 달랐어요. 저자극 크림이 도움이 됐어요.
suncareguru_ing,유럽,폴란드,온대기후,경수,★★★★☆,여성,26,프로그래머,건성,20°C (체감),59%,"산뜻한 로션, 선크림, 블로팅 페이퍼",촉촉한 선쿠션과 립틴트로 화사한 인상을 연출할 수 있습니다.,일교차가 크므로 수분 크림으로 아침저녁 보습을 꼼꼼히 챙겨주세요.,날씨는 선선했는데 실내 난방 때문에 오히려 피부가 건조하고 번들거렸어요.
serumfan_life,유럽,폴란드,온대기후,경수,★★★☆☆,남성,33,프리랜서,건성,22°C (체감),62%,"수분 크림, 립틴트, 선쿠션",촉촉한 쿠션과 크림 블러셔로 생기 있는 룩을 연출하는 것을 추천합니다.,환절기 피부 컨디션 변화에 대비해 올인원 로션으로 간편하게 보습을 유지하세요.,사계절이 뚜렷한 곳이라 그런지 여행 기간 내내 온도 변화에 신경 써야 했어요.
coolbreeze88,유럽,폴란드,온대기후,경수,★★★★★,여성,40,디자이너,건성,24°C (체감),45%,"수분 크림, 선크림, 립밤",가벼운 톤업로션 정도로 자연스럽게 표현하는 메이크업이 잘 어울립니다.,일교차로 예민해지기 쉬운 피부에는 저자극 진정 라인 사용을 권장합니다.,생각보다 자외선이 강해서 선크림을 안 쓰면 금방 붉어졌어요.
jaewon_love,유럽,폴란드,온대기후,경수,★★★☆☆,남성,47,승무원,건성,26°C (체감),48%,"올인원 로션, 선크림, 미스트",저자극 톤업크림 위주로 하고 색조는 최소화하는 것을 권장합니다.,실내 난방·냉방으로 건조해지기 쉬우니 블로팅 페이퍼와 미스트를 함께 챙기세요.,쾌적한 날씨였지만 건조해서 립밤과 수분크림을 자주 발라야 했어요.
dailyglow_note,유럽,폴란드,온대기후,경수,★★★★★,여성,54,마케터,건성,28°C (체감),51%,"저자극 크림, 진정 토너, 수분 마스크팩",가벼운 산뜻한 로션 타입으로 유분이 적은 제품 위주로 사용하세요.,실내외 온도차가 큰 날에는 수분크림을 자주 덧발라 주는 것이 좋습니다.,일교차가 커서 아침저녁으로 피부 컨디션이 완전히 달랐어요. 저자극 크림이 도움이 됐어요.
cushionfan_daily,유럽,폴란드,온대기후,경수,★★★★☆,남성,21,공무원,건성,16°C (체감),54%,"산뜻한 로션, 선크림, 블로팅 페이퍼",촉촉한 선쿠션과 립틴트로 화사한 인상을 연출할 수 있습니다.,일교차가 크므로 수분 크림으로 아침저녁 보습을 꼼꼼히 챙겨주세요.,날씨는 선선했는데 실내 난방 때문에 오히려 피부가 건조하고 번들거렸어요.
packlight_diary,유럽,폴란드,온대기후,경수,★★★★☆,여성,28,회계사,건성,18°C (체감),57%,"수분 크림, 립틴트, 선쿠션",촉촉한 쿠션과 크림 블러셔로 생기 있는 룩을 연출하는 것을 추천합니다.,환절기 피부 컨디션 변화에 대비해 올인원 로션으로 간편하게 보습을 유지하세요.,사계절이 뚜렷한 곳이라 그런지 여행 기간 내내 온도 변화에 신경 써야 했어요.
yoonseo_official,유럽,폴란드,온대기후,경수,★★★★★,남성,35,수의사,건성,20°C (체감),60%,"수분 크림, 선크림, 립밤",가벼운 톤업로션 정도로 자연스럽게 표현하는 메이크업이 잘 어울립니다.,일교차로 예민해지기 쉬운 피부에는 저자극 진정 라인 사용을 권장합니다.,생각보다 자외선이 강해서 선크림을 안 쓰면 금방 붉어졌어요.
globetrotter_zone,아시아,대한민국,온대기후,연수,★★★★★,여성,22,승무원,건성,22°C (체감),63%,"올인원 로션, 선크림, 미스트",저자극 톤업크림 위주로 하고 색조는 최소화하는 것을 권장합니다.,실내 난방·냉방으로 건조해지기 쉬우니 블로팅 페이퍼와 미스트를 함께 챙기세요.,쾌적한 날씨였지만 건조해서 립밤과 수분크림을 자주 발라야 했어요.
dohyun_love,아시아,대한민국,온대기후,연수,★★★★★,남성,29,마케터,건성,24°C (체감),46%,"저자극 크림, 진정 토너, 수분 마스크팩",가벼운 산뜻한 로션 타입으로 유분이 적은 제품 위주로 사용하세요.,실내외 온도차가 큰 날에는 수분크림을 자주 덧발라 주는 것이 좋습니다.,일교차가 커서 아침저녁으로 피부 컨디션이 완전히 달랐어요. 저자극 크림이 도움이 됐어요.
nayeon_story,아시아,대한민국,온대기후,연수,★★★☆☆,여성,36,공무원,건성,26°C (체감),49%,"산뜻한 로션, 선크림, 블로팅 페이퍼",촉촉한 선쿠션과 립틴트로 화사한 인상을 연출할 수 있습니다.,일교차가 크므로 수분 크림으로 아침저녁 보습을 꼼꼼히 챙겨주세요.,날씨는 선선했는데 실내 난방 때문에 오히려 피부가 건조하고 번들거렸어요.
roadtripper_note,아시아,대한민국,온대기후,연수,★★★★☆,남성,43,회계사,건성,28°C (체감),52%,"수분 크림, 립틴트, 선쿠션",촉촉한 쿠션과 크림 블러셔로 생기 있는 룩을 연출하는 것을 추천합니다.,환절기 피부 컨디션 변화에 대비해 올인원 로션으로 간편하게 보습을 유지하세요.,사계절이 뚜렷한 곳이라 그런지 여행 기간 내내 온도 변화에 신경 써야 했어요.
luna_k,아시아,대한민국,온대기후,연수,★★★★★,여성,50,수의사,건성,16°C (체감),55%,"수분 크림, 선크림, 립밤",가벼운 톤업로션 정도로 자연스럽게 표현하는 메이크업이 잘 어울립니다.,일교차로 예민해지기 쉬운 피부에는 저자극 진정 라인 사용을 권장합니다.,생각보다 자외선이 강해서 선크림을 안 쓰면 금방 붉어졌어요.
sunkissed99,아시아,대한민국,온대기후,연수,★★☆☆☆,남성,57,영업직,건성,18°C (체감),58%,"올인원 로션, 선크림, 미스트",저자극 톤업크림 위주로 하고 색조는 최소화하는 것을 권장합니다.,실내 난방·냉방으로 건조해지기 쉬우니 블로팅 페이퍼와 미스트를 함께 챙기세요.,쾌적한 날씨였지만 건조해서 립밤과 수분크림을 자주 발라야 했어요.
rina_love,아시아,대한민국,온대기후,연수,★★★☆☆,여성,24,대학생,건성,20°C (체감),61%,"저자극 크림, 진정 토너, 수분 마스크팩",가벼운 산뜻한 로션 타입으로 유분이 적은 제품 위주로 사용하세요.,실내외 온도차가 큰 날에는 수분크림을 자주 덧발라 주는 것이 좋습니다.,일교차가 커서 아침저녁으로 피부 컨디션이 완전히 달랐어요. 저자극 크림이 도움이 됐어요.
glowup_official,아시아,대한민국,온대기후,연수,★★★★★,남성,31,간호사,건성,22°C (체감),64%,"산뜻한 로션, 선크림, 블로팅 페이퍼",촉촉한 선쿠션과 립틴트로 화사한 인상을 연출할 수 있습니다.,일교차가 크므로 수분 크림으로 아침저녁 보습을 꼼꼼히 챙겨주세요.,날씨는 선선했는데 실내 난방 때문에 오히려 피부가 건조하고 번들거렸어요.
yoona_official,아시아,대한민국,온대기후,연수,★★★☆☆,여성,38,사진작가,건성,24°C (체감),47%,"수분 크림, 립틴트, 선쿠션",촉촉한 쿠션과 크림 블러셔로 생기 있는 룩을 연출하는 것을 추천합니다.,환절기 피부 컨디션 변화에 대비해 올인원 로션으로 간편하게 보습을 유지하세요.,사계절이 뚜렷한 곳이라 그런지 여행 기간 내내 온도 변화에 신경 써야 했어요.
makeupfan_daily,아시아,대한민국,온대기후,연수,★★★★☆,남성,45,엔지니어,건성,26°C (체감),50%,"수분 크림, 선크림, 립밤",가벼운 톤업로션 정도로 자연스럽게 표현하는 메이크업이 잘 어울립니다.,일교차로 예민해지기 쉬운 피부에는 저자극 진정 라인 사용을 권장합니다.,생각보다 자외선이 강해서 선크림을 안 쓰면 금방 붉어졌어요.
passportready23,아시아,중국,온대기후,경수,★★★★☆,남성,51,일러스트레이터,복합성,27°C (체감),52%,"수분 크림, 선크림, 립밤",가벼운 톤업로션 정도로 자연스럽게 표현하는 메이크업이 잘 어울립니다.,일교차로 예민해지기 쉬운 피부에는 저자극 진정 라인 사용을 권장합니다.,생각보다 자외선이 강해서 선크림을 안 쓰면 금방 붉어졌어요.
haeri_note,아시아,중국,온대기후,경수,★★★★☆,여성,58,회사원,민감성,15°C (체감),55%,"올인원 로션, 선크림, 미스트",저자극 톤업크림 위주로 하고 색조는 최소화하는 것을 권장합니다.,실내 난방·냉방으로 건조해지기 쉬우니 블로팅 페이퍼와 미스트를 함께 챙기세요.,쾌적한 날씨였지만 건조해서 립밤과 수분크림을 자주 발라야 했어요.
quinn_mode,아시아,중국,온대기후,경수,★☆☆☆☆,남성,25,교사,건성,17°C (체감),58%,"저자극 크림, 진정 토너, 수분 마스크팩",가벼운 산뜻한 로션 타입으로 유분이 적은 제품 위주로 사용하세요.,실내외 온도차가 큰 날에는 수분크림을 자주 덧발라 주는 것이 좋습니다.,일교차가 커서 아침저녁으로 피부 컨디션이 완전히 달랐어요. 저자극 크림이 도움이 됐어요.
skinfirst_daily,아시아,중국,온대기후,경수,★★★★☆,여성,32,요리사,지성,19°C (체감),61%,"산뜻한 로션, 선크림, 블로팅 페이퍼",촉촉한 선쿠션과 립틴트로 화사한 인상을 연출할 수 있습니다.,일교차가 크므로 수분 크림으로 아침저녁 보습을 꼼꼼히 챙겨주세요.,날씨는 선선했는데 실내 난방 때문에 오히려 피부가 건조하고 번들거렸어요.
chorong01,아시아,중국,온대기후,경수,★★★★☆,남성,39,자영업,복합성,21°C (체감),64%,"수분 크림, 립틴트, 선쿠션",촉촉한 쿠션과 크림 블러셔로 생기 있는 룩을 연출하는 것을 추천합니다.,환절기 피부 컨디션 변화에 대비해 올인원 로션으로 간편하게 보습을 유지하세요.,사계절이 뚜렷한 곳이라 그런지 여행 기간 내내 온도 변화에 신경 써야 했어요.
suncareguru_love,아시아,중국,온대기후,경수,★★★★☆,여성,46,여행가이드,민감성,23°C (체감),47%,"수분 크림, 선크림, 립밤",가벼운 톤업로션 정도로 자연스럽게 표현하는 메이크업이 잘 어울립니다.,일교차로 예민해지기 쉬운 피부에는 저자극 진정 라인 사용을 권장합니다.,생각보다 자외선이 강해서 선크림을 안 쓰면 금방 붉어졌어요.
gina_log,아시아,중국,온대기후,경수,★★★★☆,남성,53,작가,건성,25°C (체감),50%,"올인원 로션, 선크림, 미스트",저자극 톤업크림 위주로 하고 색조는 최소화하는 것을 권장합니다.,실내 난방·냉방으로 건조해지기 쉬우니 블로팅 페이퍼와 미스트를 함께 챙기세요.,쾌적한 날씨였지만 건조해서 립밤과 수분크림을 자주 발라야 했어요.
hyejin_zone,아시아,중국,온대기후,경수,★★★★★,여성,20,연구원,지성,27°C (체감),53%,"저자극 크림, 진정 토너, 수분 마스크팩",가벼운 산뜻한 로션 타입으로 유분이 적은 제품 위주로 사용하세요.,실내외 온도차가 큰 날에는 수분크림을 자주 덧발라 주는 것이 좋습니다.,일교차가 커서 아침저녁으로 피부 컨디션이 완전히 달랐어요. 저자극 크림이 도움이 됐어요.
jiyeon_daily,아시아,중국,온대기후,경수,★★★☆☆,남성,27,바리스타,복합성,15°C (체감),56%,"산뜻한 로션, 선크림, 블로팅 페이퍼",촉촉한 선쿠션과 립틴트로 화사한 인상을 연출할 수 있습니다.,일교차가 크므로 수분 크림으로 아침저녁 보습을 꼼꼼히 챙겨주세요.,날씨는 선선했는데 실내 난방 때문에 오히려 피부가 건조하고 번들거렸어요.
soojin_daily,아시아,중국,온대기후,경수,★★★★☆,여성,34,프로그래머,민감성,17°C (체감),59%,"수분 크림, 립틴트, 선쿠션",촉촉한 쿠션과 크림 블러셔로 생기 있는 룩을 연출하는 것을 추천합니다.,환절기 피부 컨디션 변화에 대비해 올인원 로션으로 간편하게 보습을 유지하세요.,사계절이 뚜렷한 곳이라 그런지 여행 기간 내내 온도 변화에 신경 써야 했어요.
yoona_love,아시아,캄보디아,열대기후,연수,★★★★☆,남성,33,간호사,지성,33°C (체감),76%,"저자극 선크림, 진정 스프레이, 수분 시트마스크",색조보다는 톤업 선크림 위주로 산뜻하게 마무리하는 것을 권장합니다.,피지 분비가 많아지는 시기이므로 클레이 마스크로 주 1~2회 관리해 주는 것을 추천합니다.,습도가 정말 높아서 화장이 금방 무너졌어요. 저자극 선크림 없이는 하루도 버티기 힘들었어요.
bomi_k,아시아,캄보디아,열대기후,연수,★★★★☆,여성,40,사진작가,지성,35°C (체감),79%,"가벼운 수분 선크림, 쿠션, 미스트",워터프루프 아이라이너와 마스카라로 땀과 습기에 대비하는 것이 좋습니다.,저녁에 이중세안을 꼭 하고 산뜻한 젤 타입 제품으로 유수분 밸런스를 유지하세요.,생각보다 더 더워서 땀 때문에 끈적임이 심했는데 가벼운 수분 선크림이 정말 큰 도움이 됐습니다.
eunji01,아시아,캄보디아,열대기후,연수,★★★★★,남성,47,엔지니어,지성,30°C (체감),82%,"워터프루프 아이라이너, 피지 흡수 패드, 쿨링 젤",얇은 베이스에 워터프루프 제품 위주로 메이크업하고 픽싱 스프레이로 마무리하는 것을 추천합니다.,외출 중 블로팅 페이퍼로 피지를 자주 관리하고 쿨링 토너로 진정시켜 주세요.,야외 일정이 많았는데 자외선이 강해서 워터프루프 아이라이너을 자주 덧발라야 했어요.
oilyskin_ing,아시아,캄보디아,열대기후,연수,★★★☆☆,여성,54,약사,지성,32°C (체감),85%,"워터프루프 선크림, 피지 컨트롤 파우더, 픽싱 미스트",매트한 베이스로 유분과 땀을 컨트롤하며 색조는 최소화하는 것이 좋습니다.,자외선 노출 후에는 진정 스프레이와 수분 시트마스크로 피부를 달래주는 것이 좋습니다.,고온다습한 날씨 탓에 피부 트러블이 갑자기 올라와서 당황했어요.
yoonseo_diary,아시아,캄보디아,열대기후,연수,★★★★★,남성,21,트레이너,지성,34°C (체감),88%,"매트 선크림, 블로팅 페이퍼, 쿨링 토너",촉촉한 쿠션으로 습기에도 밀리지 않게 가볍게 표현하는 것을 추천합니다.,실내외 온습도 차이가 크므로 미스트로 수시로 수분을 보충해 주세요.,에어컨 실내와 습한 실외를 오가다 보니 피부 컨디션이 계속 오락가락했어요.
sunnytraveler_k,아시아,캄보디아,열대기후,연수,★★★★☆,여성,28,건축가,지성,36°C (체감),75%,"저자극 선크림, 진정 스프레이, 수분 시트마스크",색조보다는 톤업 선크림 위주로 산뜻하게 마무리하는 것을 권장합니다.,피지 분비가 많아지는 시기이므로 클레이 마스크로 주 1~2회 관리해 주는 것을 추천합니다.,습도가 정말 높아서 화장이 금방 무너졌어요. 저자극 선크림 없이는 하루도 버티기 힘들었어요.
mattefinish88,아시아,캄보디아,열대기후,연수,★★★★☆,남성,35,일러스트레이터,지성,31°C (체감),78%,"가벼운 수분 선크림, 쿠션, 미스트",워터프루프 아이라이너와 마스카라로 땀과 습기에 대비하는 것이 좋습니다.,저녁에 이중세안을 꼭 하고 산뜻한 젤 타입 제품으로 유수분 밸런스를 유지하세요.,생각보다 더 더워서 땀 때문에 끈적임이 심했는데 가벼운 수분 선크림이 정말 큰 도움이 됐습니다.
softskin_diary,아시아,캄보디아,열대기후,연수,★★★★★,여성,42,회사원,지성,33°C (체감),81%,"워터프루프 아이라이너, 피지 흡수 패드, 쿨링 젤",얇은 베이스에 워터프루프 제품 위주로 메이크업하고 픽싱 스프레이로 마무리하는 것을 추천합니다.,외출 중 블로팅 페이퍼로 피지를 자주 관리하고 쿨링 토너로 진정시켜 주세요.,야외 일정이 많았는데 자외선이 강해서 워터프루프 아이라이너을 자주 덧발라야 했어요.
kyla_ing,아시아,캄보디아,열대기후,연수,★★★★☆,남성,49,교사,지성,35°C (체감),84%,"워터프루프 선크림, 피지 컨트롤 파우더, 픽싱 미스트",매트한 베이스로 유분과 땀을 컨트롤하며 색조는 최소화하는 것이 좋습니다.,자외선 노출 후에는 진정 스프레이와 수분 시트마스크로 피부를 달래주는 것이 좋습니다.,고온다습한 날씨 탓에 피부 트러블이 갑자기 올라와서 당황했어요.
frostyvibe_story,아시아,캄보디아,열대기후,연수,★★★★☆,여성,56,요리사,지성,30°C (체감),87%,"매트 선크림, 블로팅 페이퍼, 쿨링 토너",촉촉한 쿠션으로 습기에도 밀리지 않게 가볍게 표현하는 것을 추천합니다.,실내외 온습도 차이가 크므로 미스트로 수시로 수분을 보충해 주세요.,에어컨 실내와 습한 실외를 오가다 보니 피부 컨디션이 계속 오락가락했어요.
taeyang_vibe,아시아,스리랑카,열대기후,연수,★★★★★,남성,25,바리스타,민감성,34°C (체감),84%,"워터프루프 아이라이너, 피지 흡수 패드, 쿨링 젤",얇은 베이스에 워터프루프 제품 위주로 메이크업하고 픽싱 스프레이로 마무리하는 것을 추천합니다.,외출 중 블로팅 페이퍼로 피지를 자주 관리하고 쿨링 토너로 진정시켜 주세요.,야외 일정이 많았는데 자외선이 강해서 워터프루프 아이라이너을 자주 덧발라야 했어요.
hyejin_official,아시아,스리랑카,열대기후,연수,★★★★☆,여성,32,프로그래머,민감성,36°C (체감),87%,"워터프루프 선크림, 피지 컨트롤 파우더, 픽싱 미스트",매트한 베이스로 유분과 땀을 컨트롤하며 색조는 최소화하는 것이 좋습니다.,자외선 노출 후에는 진정 스프레이와 수분 시트마스크로 피부를 달래주는 것이 좋습니다.,고온다습한 날씨 탓에 피부 트러블이 갑자기 올라와서 당황했어요.
sunny99,아시아,스리랑카,열대기후,연수,★★★★★,남성,39,프리랜서,민감성,31°C (체감),90%,"매트 선크림, 블로팅 페이퍼, 쿨링 토너",촉촉한 쿠션으로 습기에도 밀리지 않게 가볍게 표현하는 것을 추천합니다.,실내외 온습도 차이가 크므로 미스트로 수시로 수분을 보충해 주세요.,에어컨 실내와 습한 실외를 오가다 보니 피부 컨디션이 계속 오락가락했어요.
jiho88,아시아,스리랑카,열대기후,연수,★★★☆☆,여성,46,디자이너,민감성,33°C (체감),77%,"저자극 선크림, 진정 스프레이, 수분 시트마스크",색조보다는 톤업 선크림 위주로 산뜻하게 마무리하는 것을 권장합니다.,피지 분비가 많아지는 시기이므로 클레이 마스크로 주 1~2회 관리해 주는 것을 추천합니다.,습도가 정말 높아서 화장이 금방 무너졌어요. 저자극 선크림 없이는 하루도 버티기 힘들었어요.
rina99,아시아,스리랑카,열대기후,연수,★★★★★,남성,53,승무원,민감성,35°C (체감),80%,"가벼운 수분 선크림, 쿠션, 미스트",워터프루프 아이라이너와 마스카라로 땀과 습기에 대비하는 것이 좋습니다.,저녁에 이중세안을 꼭 하고 산뜻한 젤 타입 제품으로 유수분 밸런스를 유지하세요.,생각보다 더 더워서 땀 때문에 끈적임이 심했는데 가벼운 수분 선크림이 정말 큰 도움이 됐습니다.
hydrated23,아시아,스리랑카,열대기후,연수,★★★★★,여성,20,마케터,민감성,30°C (체감),83%,"워터프루프 아이라이너, 피지 흡수 패드, 쿨링 젤",얇은 베이스에 워터프루프 제품 위주로 메이크업하고 픽싱 스프레이로 마무리하는 것을 추천합니다.,외출 중 블로팅 페이퍼로 피지를 자주 관리하고 쿨링 토너로 진정시켜 주세요.,야외 일정이 많았는데 자외선이 강해서 워터프루프 아이라이너을 자주 덧발라야 했어요.
minho_official,아시아,스리랑카,열대기후,연수,★★★★★,남성,27,공무원,민감성,32°C (체감),86%,"워터프루프 선크림, 피지 컨트롤 파우더, 픽싱 미스트",매트한 베이스로 유분과 땀을 컨트롤하며 색조는 최소화하는 것이 좋습니다.,자외선 노출 후에는 진정 스프레이와 수분 시트마스크로 피부를 달래주는 것이 좋습니다.,고온다습한 날씨 탓에 피부 트러블이 갑자기 올라와서 당황했어요.
balmaddict07,아시아,스리랑카,열대기후,연수,★★★★★,여성,34,회계사,민감성,34°C (체감),89%,"매트 선크림, 블로팅 페이퍼, 쿨링 토너",촉촉한 쿠션으로 습기에도 밀리지 않게 가볍게 표현하는 것을 추천합니다.,실내외 온습도 차이가 크므로 미스트로 수시로 수분을 보충해 주세요.,에어컨 실내와 습한 실외를 오가다 보니 피부 컨디션이 계속 오락가락했어요.
olivia_ing,아시아,스리랑카,열대기후,연수,★★★★★,남성,41,수의사,민감성,36°C (체감),76%,"저자극 선크림, 진정 스프레이, 수분 시트마스크",색조보다는 톤업 선크림 위주로 산뜻하게 마무리하는 것을 권장합니다.,피지 분비가 많아지는 시기이므로 클레이 마스크로 주 1~2회 관리해 주는 것을 추천합니다.,습도가 정말 높아서 화장이 금방 무너졌어요. 저자극 선크림 없이는 하루도 버티기 힘들었어요.
yeji_love,아시아,스리랑카,열대기후,연수,★★★★★,여성,48,영업직,민감성,31°C (체감),79%,"가벼운 수분 선크림, 쿠션, 미스트",워터프루프 아이라이너와 마스카라로 땀과 습기에 대비하는 것이 좋습니다.,저녁에 이중세안을 꼭 하고 산뜻한 젤 타입 제품으로 유수분 밸런스를 유지하세요.,생각보다 더 더워서 땀 때문에 끈적임이 심했는데 가벼운 수분 선크림이 정말 큰 도움이 됐습니다.
balmaddict88,아프리카,나이지리아,열대기후,연수,★★★★☆,여성,44,디자이너,복합성,33°C (체감),87%,"가벼운 수분 선크림, 쿠션, 미스트",워터프루프 아이라이너와 마스카라로 땀과 습기에 대비하는 것이 좋습니다.,저녁에 이중세안을 꼭 하고 산뜻한 젤 타입 제품으로 유수분 밸런스를 유지하세요.,생각보다 더 더워서 땀 때문에 끈적임이 심했는데 가벼운 수분 선크림이 정말 큰 도움이 됐습니다.
chaewon88,아프리카,나이지리아,열대기후,연수,★★★☆☆,남성,51,승무원,복합성,35°C (체감),90%,"워터프루프 아이라이너, 피지 흡수 패드, 쿨링 젤",얇은 베이스에 워터프루프 제품 위주로 메이크업하고 픽싱 스프레이로 마무리하는 것을 추천합니다.,외출 중 블로팅 페이퍼로 피지를 자주 관리하고 쿨링 토너로 진정시켜 주세요.,야외 일정이 많았는데 자외선이 강해서 워터프루프 아이라이너을 자주 덧발라야 했어요.
skincarelover_note,아프리카,나이지리아,열대기후,연수,★★★★★,여성,58,마케터,복합성,30°C (체감),77%,"워터프루프 선크림, 피지 컨트롤 파우더, 픽싱 미스트",매트한 베이스로 유분과 땀을 컨트롤하며 색조는 최소화하는 것이 좋습니다.,자외선 노출 후에는 진정 스프레이와 수분 시트마스크로 피부를 달래주는 것이 좋습니다.,고온다습한 날씨 탓에 피부 트러블이 갑자기 올라와서 당황했어요.
daeun_world,아프리카,나이지리아,열대기후,연수,★★★★★,남성,25,공무원,복합성,32°C (체감),80%,"매트 선크림, 블로팅 페이퍼, 쿨링 토너",촉촉한 쿠션으로 습기에도 밀리지 않게 가볍게 표현하는 것을 추천합니다.,실내외 온습도 차이가 크므로 미스트로 수시로 수분을 보충해 주세요.,에어컨 실내와 습한 실외를 오가다 보니 피부 컨디션이 계속 오락가락했어요.
chorong_92,아프리카,나이지리아,열대기후,연수,★★★★☆,여성,32,회계사,복합성,34°C (체감),83%,"저자극 선크림, 진정 스프레이, 수분 시트마스크",색조보다는 톤업 선크림 위주로 산뜻하게 마무리하는 것을 권장합니다.,피지 분비가 많아지는 시기이므로 클레이 마스크로 주 1~2회 관리해 주는 것을 추천합니다.,습도가 정말 높아서 화장이 금방 무너졌어요. 저자극 선크림 없이는 하루도 버티기 힘들었어요.
seojun88,아프리카,나이지리아,열대기후,연수,★★★★★,남성,39,수의사,복합성,36°C (체감),86%,"가벼운 수분 선크림, 쿠션, 미스트",워터프루프 아이라이너와 마스카라로 땀과 습기에 대비하는 것이 좋습니다.,저녁에 이중세안을 꼭 하고 산뜻한 젤 타입 제품으로 유수분 밸런스를 유지하세요.,생각보다 더 더워서 땀 때문에 끈적임이 심했는데 가벼운 수분 선크림이 정말 큰 도움이 됐습니다.
iseul_daily,아프리카,나이지리아,열대기후,연수,★★★★☆,여성,46,영업직,복합성,31°C (체감),89%,"워터프루프 아이라이너, 피지 흡수 패드, 쿨링 젤",얇은 베이스에 워터프루프 제품 위주로 메이크업하고 픽싱 스프레이로 마무리하는 것을 추천합니다.,외출 중 블로팅 페이퍼로 피지를 자주 관리하고 쿨링 토너로 진정시켜 주세요.,야외 일정이 많았는데 자외선이 강해서 워터프루프 아이라이너을 자주 덧발라야 했어요.
coolbreeze_world,아프리카,나이지리아,열대기후,연수,★★★☆☆,남성,53,대학생,복합성,33°C (체감),76%,"워터프루프 선크림, 피지 컨트롤 파우더, 픽싱 미스트",매트한 베이스로 유분과 땀을 컨트롤하며 색조는 최소화하는 것이 좋습니다.,자외선 노출 후에는 진정 스프레이와 수분 시트마스크로 피부를 달래주는 것이 좋습니다.,고온다습한 날씨 탓에 피부 트러블이 갑자기 올라와서 당황했어요.
citywalker07,아프리카,나이지리아,열대기후,연수,★★★★★,여성,20,간호사,복합성,35°C (체감),79%,"매트 선크림, 블로팅 페이퍼, 쿨링 토너",촉촉한 쿠션으로 습기에도 밀리지 않게 가볍게 표현하는 것을 추천합니다.,실내외 온습도 차이가 크므로 미스트로 수시로 수분을 보충해 주세요.,에어컨 실내와 습한 실외를 오가다 보니 피부 컨디션이 계속 오락가락했어요.
kyla07,아프리카,나이지리아,열대기후,연수,★★★☆☆,남성,27,사진작가,복합성,30°C (체감),82%,"저자극 선크림, 진정 스프레이, 수분 시트마스크",색조보다는 톤업 선크림 위주로 산뜻하게 마무리하는 것을 권장합니다.,피지 분비가 많아지는 시기이므로 클레이 마스크로 주 1~2회 관리해 주는 것을 추천합니다.,습도가 정말 높아서 화장이 금방 무너졌어요. 저자극 선크림 없이는 하루도 버티기 힘들었어요.
sunnytraveler_diary,아프리카,에티오피아,열대기후,연수,★★★★☆,여성,30,트레이너,민감성,32°C (체감),81%,"워터프루프 아이라이너, 피지 흡수 패드, 쿨링 젤",얇은 베이스에 워터프루프 제품 위주로 메이크업하고 픽싱 스프레이로 마무리하는 것을 추천합니다.,외출 중 블로팅 페이퍼로 피지를 자주 관리하고 쿨링 토너로 진정시켜 주세요.,야외 일정이 많았는데 자외선이 강해서 워터프루프 아이라이너을 자주 덧발라야 했어요.
wanderlust_official,아프리카,에티오피아,열대기후,연수,★★★★★,남성,37,건축가,민감성,34°C (체감),84%,"워터프루프 선크림, 피지 컨트롤 파우더, 픽싱 미스트",매트한 베이스로 유분과 땀을 컨트롤하며 색조는 최소화하는 것이 좋습니다.,자외선 노출 후에는 진정 스프레이와 수분 시트마스크로 피부를 달래주는 것이 좋습니다.,고온다습한 날씨 탓에 피부 트러블이 갑자기 올라와서 당황했어요.
spflover_92,아프리카,에티오피아,열대기후,연수,★★★★★,여성,44,일러스트레이터,민감성,36°C (체감),87%,"매트 선크림, 블로팅 페이퍼, 쿨링 토너",촉촉한 쿠션으로 습기에도 밀리지 않게 가볍게 표현하는 것을 추천합니다.,실내외 온습도 차이가 크므로 미스트로 수시로 수분을 보충해 주세요.,에어컨 실내와 습한 실외를 오가다 보니 피부 컨디션이 계속 오락가락했어요.
seojun_92,아프리카,에티오피아,열대기후,연수,★★★★☆,남성,51,회사원,민감성,31°C (체감),90%,"저자극 선크림, 진정 스프레이, 수분 시트마스크",색조보다는 톤업 선크림 위주로 산뜻하게 마무리하는 것을 권장합니다.,피지 분비가 많아지는 시기이므로 클레이 마스크로 주 1~2회 관리해 주는 것을 추천합니다.,습도가 정말 높아서 화장이 금방 무너졌어요. 저자극 선크림 없이는 하루도 버티기 힘들었어요.
travelbug_life,아프리카,에티오피아,열대기후,연수,★★★★★,여성,58,교사,민감성,33°C (체감),77%,"가벼운 수분 선크림, 쿠션, 미스트",워터프루프 아이라이너와 마스카라로 땀과 습기에 대비하는 것이 좋습니다.,저녁에 이중세안을 꼭 하고 산뜻한 젤 타입 제품으로 유수분 밸런스를 유지하세요.,생각보다 더 더워서 땀 때문에 끈적임이 심했는데 가벼운 수분 선크림이 정말 큰 도움이 됐습니다.
jihoon_life,아프리카,에티오피아,열대기후,연수,★★★★★,남성,25,요리사,민감성,35°C (체감),80%,"워터프루프 아이라이너, 피지 흡수 패드, 쿨링 젤",얇은 베이스에 워터프루프 제품 위주로 메이크업하고 픽싱 스프레이로 마무리하는 것을 추천합니다.,외출 중 블로팅 페이퍼로 피지를 자주 관리하고 쿨링 토너로 진정시켜 주세요.,야외 일정이 많았는데 자외선이 강해서 워터프루프 아이라이너을 자주 덧발라야 했어요.
beachbum_diary,아프리카,에티오피아,열대기후,연수,★★★★☆,여성,32,자영업,민감성,30°C (체감),83%,"워터프루프 선크림, 피지 컨트롤 파우더, 픽싱 미스트",매트한 베이스로 유분과 땀을 컨트롤하며 색조는 최소화하는 것이 좋습니다.,자외선 노출 후에는 진정 스프레이와 수분 시트마스크로 피부를 달래주는 것이 좋습니다.,고온다습한 날씨 탓에 피부 트러블이 갑자기 올라와서 당황했어요.
cloudnine99,아프리카,에티오피아,열대기후,연수,★★★☆☆,남성,39,여행가이드,민감성,32°C (체감),86%,"매트 선크림, 블로팅 페이퍼, 쿨링 토너",촉촉한 쿠션으로 습기에도 밀리지 않게 가볍게 표현하는 것을 추천합니다.,실내외 온습도 차이가 크므로 미스트로 수시로 수분을 보충해 주세요.,에어컨 실내와 습한 실외를 오가다 보니 피부 컨디션이 계속 오락가락했어요.
mia_story,아프리카,에티오피아,열대기후,연수,★★★★☆,여성,46,작가,민감성,34°C (체감),89%,"저자극 선크림, 진정 스프레이, 수분 시트마스크",색조보다는 톤업 선크림 위주로 산뜻하게 마무리하는 것을 권장합니다.,피지 분비가 많아지는 시기이므로 클레이 마스크로 주 1~2회 관리해 주는 것을 추천합니다.,습도가 정말 높아서 화장이 금방 무너졌어요. 저자극 선크림 없이는 하루도 버티기 힘들었어요.
calmnface_official,아프리카,에티오피아,열대기후,연수,★★★☆☆,남성,53,연구원,민감성,36°C (체감),76%,"가벼운 수분 선크림, 쿠션, 미스트",워터프루프 아이라이너와 마스카라로 땀과 습기에 대비하는 것이 좋습니다.,저녁에 이중세안을 꼭 하고 산뜻한 젤 타입 제품으로 유수분 밸런스를 유지하세요.,생각보다 더 더워서 땀 때문에 끈적임이 심했는데 가벼운 수분 선크림이 정말 큰 도움이 됐습니다.
somin_k,남아메리카,콜롬비아,열대기후,연수,★★★★★,여성,34,엔지니어,복합성,30°C (체감),85%,"가벼운 수분 선크림, 쿠션, 미스트",워터프루프 아이라이너와 마스카라로 땀과 습기에 대비하는 것이 좋습니다.,저녁에 이중세안을 꼭 하고 산뜻한 젤 타입 제품으로 유수분 밸런스를 유지하세요.,생각보다 더 더워서 땀 때문에 끈적임이 심했는데 가벼운 수분 선크림이 정말 큰 도움이 됐습니다.
paul_note,남아메리카,콜롬비아,열대기후,연수,★★★★★,남성,41,약사,복합성,32°C (체감),88%,"워터프루프 아이라이너, 피지 흡수 패드, 쿨링 젤",얇은 베이스에 워터프루프 제품 위주로 메이크업하고 픽싱 스프레이로 마무리하는 것을 추천합니다.,외출 중 블로팅 페이퍼로 피지를 자주 관리하고 쿨링 토너로 진정시켜 주세요.,야외 일정이 많았는데 자외선이 강해서 워터프루프 아이라이너을 자주 덧발라야 했어요.
weekendtrip07,남아메리카,콜롬비아,열대기후,연수,★★★★★,여성,48,트레이너,복합성,34°C (체감),75%,"워터프루프 선크림, 피지 컨트롤 파우더, 픽싱 미스트",매트한 베이스로 유분과 땀을 컨트롤하며 색조는 최소화하는 것이 좋습니다.,자외선 노출 후에는 진정 스프레이와 수분 시트마스크로 피부를 달래주는 것이 좋습니다.,고온다습한 날씨 탓에 피부 트러블이 갑자기 올라와서 당황했어요.
luna_official,남아메리카,콜롬비아,열대기후,연수,★★☆☆☆,남성,55,건축가,복합성,36°C (체감),78%,"매트 선크림, 블로팅 페이퍼, 쿨링 토너",촉촉한 쿠션으로 습기에도 밀리지 않게 가볍게 표현하는 것을 추천합니다.,실내외 온습도 차이가 크므로 미스트로 수시로 수분을 보충해 주세요.,에어컨 실내와 습한 실외를 오가다 보니 피부 컨디션이 계속 오락가락했어요.
seojun01,남아메리카,콜롬비아,열대기후,연수,★★★★☆,여성,22,일러스트레이터,복합성,31°C (체감),81%,"저자극 선크림, 진정 스프레이, 수분 시트마스크",색조보다는 톤업 선크림 위주로 산뜻하게 마무리하는 것을 권장합니다.,피지 분비가 많아지는 시기이므로 클레이 마스크로 주 1~2회 관리해 주는 것을 추천합니다.,습도가 정말 높아서 화장이 금방 무너졌어요. 저자극 선크림 없이는 하루도 버티기 힘들었어요.
mountainhiker_daily,남아메리카,콜롬비아,열대기후,연수,★★★☆☆,남성,29,회사원,복합성,33°C (체감),84%,"가벼운 수분 선크림, 쿠션, 미스트",워터프루프 아이라이너와 마스카라로 땀과 습기에 대비하는 것이 좋습니다.,저녁에 이중세안을 꼭 하고 산뜻한 젤 타입 제품으로 유수분 밸런스를 유지하세요.,생각보다 더 더워서 땀 때문에 끈적임이 심했는데 가벼운 수분 선크림이 정말 큰 도움이 됐습니다.
nari_life,남아메리카,콜롬비아,열대기후,연수,★★★★★,여성,36,교사,복합성,35°C (체감),87%,"워터프루프 아이라이너, 피지 흡수 패드, 쿨링 젤",얇은 베이스에 워터프루프 제품 위주로 메이크업하고 픽싱 스프레이로 마무리하는 것을 추천합니다.,외출 중 블로팅 페이퍼로 피지를 자주 관리하고 쿨링 토너로 진정시켜 주세요.,야외 일정이 많았는데 자외선이 강해서 워터프루프 아이라이너을 자주 덧발라야 했어요.
clearskin_love,남아메리카,콜롬비아,열대기후,연수,★★★★☆,남성,43,요리사,복합성,30°C (체감),90%,"워터프루프 선크림, 피지 컨트롤 파우더, 픽싱 미스트",매트한 베이스로 유분과 땀을 컨트롤하며 색조는 최소화하는 것이 좋습니다.,자외선 노출 후에는 진정 스프레이와 수분 시트마스크로 피부를 달래주는 것이 좋습니다.,고온다습한 날씨 탓에 피부 트러블이 갑자기 올라와서 당황했어요.
quinn_92,남아메리카,콜롬비아,열대기후,연수,★★☆☆☆,여성,50,자영업,복합성,32°C (체감),77%,"매트 선크림, 블로팅 페이퍼, 쿨링 토너",촉촉한 쿠션으로 습기에도 밀리지 않게 가볍게 표현하는 것을 추천합니다.,실내외 온습도 차이가 크므로 미스트로 수시로 수분을 보충해 주세요.,에어컨 실내와 습한 실외를 오가다 보니 피부 컨디션이 계속 오락가락했어요.
minjun_92,남아메리카,콜롬비아,열대기후,연수,★★★☆☆,남성,57,여행가이드,복합성,34°C (체감),80%,"저자극 선크림, 진정 스프레이, 수분 시트마스크",색조보다는 톤업 선크림 위주로 산뜻하게 마무리하는 것을 권장합니다.,피지 분비가 많아지는 시기이므로 클레이 마스크로 주 1~2회 관리해 주는 것을 추천합니다.,습도가 정말 높아서 화장이 금방 무너졌어요. 저자극 선크림 없이는 하루도 버티기 힘들었어요.
clearskin99,남아메리카,베네수엘라,열대기후,연수,★★★★☆,여성,34,엔지니어,복합성,31°C (체감),85%,"가벼운 수분 선크림, 쿠션, 미스트",워터프루프 아이라이너와 마스카라로 땀과 습기에 대비하는 것이 좋습니다.,저녁에 이중세안을 꼭 하고 산뜻한 젤 타입 제품으로 유수분 밸런스를 유지하세요.,생각보다 더 더워서 땀 때문에 끈적임이 심했는데 가벼운 수분 선크림이 정말 큰 도움이 됐습니다.
mattefinish_vibe,남아메리카,베네수엘라,열대기후,연수,★★★★★,남성,41,약사,복합성,33°C (체감),88%,"워터프루프 아이라이너, 피지 흡수 패드, 쿨링 젤",얇은 베이스에 워터프루프 제품 위주로 메이크업하고 픽싱 스프레이로 마무리하는 것을 추천합니다.,외출 중 블로팅 페이퍼로 피지를 자주 관리하고 쿨링 토너로 진정시켜 주세요.,야외 일정이 많았는데 자외선이 강해서 워터프루프 아이라이너을 자주 덧발라야 했어요.
urbanexplorer_log,남아메리카,베네수엘라,열대기후,연수,★★☆☆☆,여성,48,트레이너,복합성,35°C (체감),75%,"워터프루프 선크림, 피지 컨트롤 파우더, 픽싱 미스트",매트한 베이스로 유분과 땀을 컨트롤하며 색조는 최소화하는 것이 좋습니다.,자외선 노출 후에는 진정 스프레이와 수분 시트마스크로 피부를 달래주는 것이 좋습니다.,고온다습한 날씨 탓에 피부 트러블이 갑자기 올라와서 당황했어요.
moisturemax_story,남아메리카,베네수엘라,열대기후,연수,★★★★★,남성,55,건축가,복합성,30°C (체감),78%,"매트 선크림, 블로팅 페이퍼, 쿨링 토너",촉촉한 쿠션으로 습기에도 밀리지 않게 가볍게 표현하는 것을 추천합니다.,실내외 온습도 차이가 크므로 미스트로 수시로 수분을 보충해 주세요.,에어컨 실내와 습한 실외를 오가다 보니 피부 컨디션이 계속 오락가락했어요.
olivia_k,남아메리카,베네수엘라,열대기후,연수,★☆☆☆☆,여성,22,일러스트레이터,복합성,32°C (체감),81%,"저자극 선크림, 진정 스프레이, 수분 시트마스크",색조보다는 톤업 선크림 위주로 산뜻하게 마무리하는 것을 권장합니다.,피지 분비가 많아지는 시기이므로 클레이 마스크로 주 1~2회 관리해 주는 것을 추천합니다.,습도가 정말 높아서 화장이 금방 무너졌어요. 저자극 선크림 없이는 하루도 버티기 힘들었어요.
mattefinish_zone,남아메리카,베네수엘라,열대기후,연수,★★★☆☆,남성,29,회사원,복합성,34°C (체감),84%,"가벼운 수분 선크림, 쿠션, 미스트",워터프루프 아이라이너와 마스카라로 땀과 습기에 대비하는 것이 좋습니다.,저녁에 이중세안을 꼭 하고 산뜻한 젤 타입 제품으로 유수분 밸런스를 유지하세요.,생각보다 더 더워서 땀 때문에 끈적임이 심했는데 가벼운 수분 선크림이 정말 큰 도움이 됐습니다.
somin23,남아메리카,베네수엘라,열대기후,연수,★★★☆☆,여성,36,교사,복합성,36°C (체감),87%,"워터프루프 아이라이너, 피지 흡수 패드, 쿨링 젤",얇은 베이스에 워터프루프 제품 위주로 메이크업하고 픽싱 스프레이로 마무리하는 것을 추천합니다.,외출 중 블로팅 페이퍼로 피지를 자주 관리하고 쿨링 토너로 진정시켜 주세요.,야외 일정이 많았는데 자외선이 강해서 워터프루프 아이라이너을 자주 덧발라야 했어요.
soojin_note,남아메리카,베네수엘라,열대기후,연수,★★★★☆,남성,43,요리사,복합성,31°C (체감),90%,"워터프루프 선크림, 피지 컨트롤 파우더, 픽싱 미스트",매트한 베이스로 유분과 땀을 컨트롤하며 색조는 최소화하는 것이 좋습니다.,자외선 노출 후에는 진정 스프레이와 수분 시트마스크로 피부를 달래주는 것이 좋습니다.,고온다습한 날씨 탓에 피부 트러블이 갑자기 올라와서 당황했어요.
tintedlips99,남아메리카,베네수엘라,열대기후,연수,★★★★★,여성,50,자영업,복합성,33°C (체감),77%,"매트 선크림, 블로팅 페이퍼, 쿨링 토너",촉촉한 쿠션으로 습기에도 밀리지 않게 가볍게 표현하는 것을 추천합니다.,실내외 온습도 차이가 크므로 미스트로 수시로 수분을 보충해 주세요.,에어컨 실내와 습한 실외를 오가다 보니 피부 컨디션이 계속 오락가락했어요.
softskin23,남아메리카,베네수엘라,열대기후,연수,★★★★★,남성,57,여행가이드,복합성,35°C (체감),80%,"저자극 선크림, 진정 스프레이, 수분 시트마스크",색조보다는 톤업 선크림 위주로 산뜻하게 마무리하는 것을 권장합니다.,피지 분비가 많아지는 시기이므로 클레이 마스크로 주 1~2회 관리해 주는 것을 추천합니다.,습도가 정말 높아서 화장이 금방 무너졌어요. 저자극 선크림 없이는 하루도 버티기 힘들었어요.
yoona99,북아메리카,파나마,열대기후,연수,★★★☆☆,여성,34,수의사,복합성,30°C (체감),85%,"가벼운 수분 선크림, 쿠션, 미스트",워터프루프 아이라이너와 마스카라로 땀과 습기에 대비하는 것이 좋습니다.,저녁에 이중세안을 꼭 하고 산뜻한 젤 타입 제품으로 유수분 밸런스를 유지하세요.,생각보다 더 더워서 땀 때문에 끈적임이 심했는데 가벼운 수분 선크림이 정말 큰 도움이 됐습니다.
glowygirl_diary,북아메리카,파나마,열대기후,연수,★★★☆☆,남성,41,영업직,복합성,32°C (체감),88%,"워터프루프 아이라이너, 피지 흡수 패드, 쿨링 젤",얇은 베이스에 워터프루프 제품 위주로 메이크업하고 픽싱 스프레이로 마무리하는 것을 추천합니다.,외출 중 블로팅 페이퍼로 피지를 자주 관리하고 쿨링 토너로 진정시켜 주세요.,야외 일정이 많았는데 자외선이 강해서 워터프루프 아이라이너을 자주 덧발라야 했어요.
subin_vibe,북아메리카,파나마,열대기후,연수,★★★★☆,여성,48,대학생,복합성,34°C (체감),75%,"워터프루프 선크림, 피지 컨트롤 파우더, 픽싱 미스트",매트한 베이스로 유분과 땀을 컨트롤하며 색조는 최소화하는 것이 좋습니다.,자외선 노출 후에는 진정 스프레이와 수분 시트마스크로 피부를 달래주는 것이 좋습니다.,고온다습한 날씨 탓에 피부 트러블이 갑자기 올라와서 당황했어요.
jiyoung_note,북아메리카,파나마,열대기후,연수,★★★☆☆,남성,55,간호사,복합성,36°C (체감),78%,"매트 선크림, 블로팅 페이퍼, 쿨링 토너",촉촉한 쿠션으로 습기에도 밀리지 않게 가볍게 표현하는 것을 추천합니다.,실내외 온습도 차이가 크므로 미스트로 수시로 수분을 보충해 주세요.,에어컨 실내와 습한 실외를 오가다 보니 피부 컨디션이 계속 오락가락했어요.
chaewon_92,북아메리카,파나마,열대기후,연수,★★★★★,여성,22,사진작가,복합성,31°C (체감),81%,"저자극 선크림, 진정 스프레이, 수분 시트마스크",색조보다는 톤업 선크림 위주로 산뜻하게 마무리하는 것을 권장합니다.,피지 분비가 많아지는 시기이므로 클레이 마스크로 주 1~2회 관리해 주는 것을 추천합니다.,습도가 정말 높아서 화장이 금방 무너졌어요. 저자극 선크림 없이는 하루도 버티기 힘들었어요.
yeji01,북아메리카,파나마,열대기후,연수,★★★★★,남성,29,엔지니어,복합성,33°C (체감),84%,"가벼운 수분 선크림, 쿠션, 미스트",워터프루프 아이라이너와 마스카라로 땀과 습기에 대비하는 것이 좋습니다.,저녁에 이중세안을 꼭 하고 산뜻한 젤 타입 제품으로 유수분 밸런스를 유지하세요.,생각보다 더 더워서 땀 때문에 끈적임이 심했는데 가벼운 수분 선크림이 정말 큰 도움이 됐습니다.
yeji_official,북아메리카,파나마,열대기후,연수,★★★★★,여성,36,약사,복합성,35°C (체감),87%,"워터프루프 아이라이너, 피지 흡수 패드, 쿨링 젤",얇은 베이스에 워터프루프 제품 위주로 메이크업하고 픽싱 스프레이로 마무리하는 것을 추천합니다.,외출 중 블로팅 페이퍼로 피지를 자주 관리하고 쿨링 토너로 진정시켜 주세요.,야외 일정이 많았는데 자외선이 강해서 워터프루프 아이라이너을 자주 덧발라야 했어요.
glowup_story,북아메리카,파나마,열대기후,연수,★★★★★,남성,43,트레이너,복합성,30°C (체감),90%,"워터프루프 선크림, 피지 컨트롤 파우더, 픽싱 미스트",매트한 베이스로 유분과 땀을 컨트롤하며 색조는 최소화하는 것이 좋습니다.,자외선 노출 후에는 진정 스프레이와 수분 시트마스크로 피부를 달래주는 것이 좋습니다.,고온다습한 날씨 탓에 피부 트러블이 갑자기 올라와서 당황했어요.
urbanexplorer_note,북아메리카,파나마,열대기후,연수,★★★☆☆,여성,50,건축가,복합성,32°C (체감),77%,"매트 선크림, 블로팅 페이퍼, 쿨링 토너",촉촉한 쿠션으로 습기에도 밀리지 않게 가볍게 표현하는 것을 추천합니다.,실내외 온습도 차이가 크므로 미스트로 수시로 수분을 보충해 주세요.,에어컨 실내와 습한 실외를 오가다 보니 피부 컨디션이 계속 오락가락했어요.
mountainhiker_ing,북아메리카,파나마,열대기후,연수,★★★☆☆,남성,57,일러스트레이터,복합성,34°C (체감),80%,"저자극 선크림, 진정 스프레이, 수분 시트마스크",색조보다는 톤업 선크림 위주로 산뜻하게 마무리하는 것을 권장합니다.,피지 분비가 많아지는 시기이므로 클레이 마스크로 주 1~2회 관리해 주는 것을 추천합니다.,습도가 정말 높아서 화장이 금방 무너졌어요. 저자극 선크림 없이는 하루도 버티기 힘들었어요.
dryskin88,북아메리카,니카라과,열대기후,연수,★★★★★,여성,36,여행가이드,건성,36°C (체감),87%,"워터프루프 선크림, 피지 컨트롤 파우더, 픽싱 미스트",매트한 베이스로 유분과 땀을 컨트롤하며 색조는 최소화하는 것이 좋습니다.,자외선 노출 후에는 진정 스프레이와 수분 시트마스크로 피부를 달래주는 것이 좋습니다.,고온다습한 날씨 탓에 피부 트러블이 갑자기 올라와서 당황했어요.
beautyaddict_note,북아메리카,니카라과,열대기후,연수,★★★★★,남성,43,작가,지성,31°C (체감),90%,"매트 선크림, 블로팅 페이퍼, 쿨링 토너",촉촉한 쿠션으로 습기에도 밀리지 않게 가볍게 표현하는 것을 추천합니다.,실내외 온습도 차이가 크므로 미스트로 수시로 수분을 보충해 주세요.,에어컨 실내와 습한 실외를 오가다 보니 피부 컨디션이 계속 오락가락했어요.
backpacklife_life,북아메리카,니카라과,열대기후,연수,★★★★★,여성,50,연구원,복합성,33°C (체감),77%,"저자극 선크림, 진정 스프레이, 수분 시트마스크",색조보다는 톤업 선크림 위주로 산뜻하게 마무리하는 것을 권장합니다.,피지 분비가 많아지는 시기이므로 클레이 마스크로 주 1~2회 관리해 주는 것을 추천합니다.,습도가 정말 높아서 화장이 금방 무너졌어요. 저자극 선크림 없이는 하루도 버티기 힘들었어요.
paul_ing,북아메리카,니카라과,열대기후,연수,★★★☆☆,남성,57,바리스타,민감성,35°C (체감),80%,"가벼운 수분 선크림, 쿠션, 미스트",워터프루프 아이라이너와 마스카라로 땀과 습기에 대비하는 것이 좋습니다.,저녁에 이중세안을 꼭 하고 산뜻한 젤 타입 제품으로 유수분 밸런스를 유지하세요.,생각보다 더 더워서 땀 때문에 끈적임이 심했는데 가벼운 수분 선크림이 정말 큰 도움이 됐습니다.
subin_daily,북아메리카,니카라과,열대기후,연수,★★★★☆,여성,24,프로그래머,건성,30°C (체감),83%,"워터프루프 아이라이너, 피지 흡수 패드, 쿨링 젤",얇은 베이스에 워터프루프 제품 위주로 메이크업하고 픽싱 스프레이로 마무리하는 것을 추천합니다.,외출 중 블로팅 페이퍼로 피지를 자주 관리하고 쿨링 토너로 진정시켜 주세요.,야외 일정이 많았는데 자외선이 강해서 워터프루프 아이라이너을 자주 덧발라야 했어요.
eunwoo99,북아메리카,니카라과,열대기후,연수,★★★★★,남성,31,프리랜서,지성,32°C (체감),86%,"워터프루프 선크림, 피지 컨트롤 파우더, 픽싱 미스트",매트한 베이스로 유분과 땀을 컨트롤하며 색조는 최소화하는 것이 좋습니다.,자외선 노출 후에는 진정 스프레이와 수분 시트마스크로 피부를 달래주는 것이 좋습니다.,고온다습한 날씨 탓에 피부 트러블이 갑자기 올라와서 당황했어요.
haeun_diary,북아메리카,니카라과,열대기후,연수,★★★★☆,여성,38,디자이너,복합성,34°C (체감),89%,"매트 선크림, 블로팅 페이퍼, 쿨링 토너",촉촉한 쿠션으로 습기에도 밀리지 않게 가볍게 표현하는 것을 추천합니다.,실내외 온습도 차이가 크므로 미스트로 수시로 수분을 보충해 주세요.,에어컨 실내와 습한 실외를 오가다 보니 피부 컨디션이 계속 오락가락했어요.
mountainhiker_log,북아메리카,니카라과,열대기후,연수,★★☆☆☆,남성,45,승무원,민감성,36°C (체감),76%,"저자극 선크림, 진정 스프레이, 수분 시트마스크",색조보다는 톤업 선크림 위주로 산뜻하게 마무리하는 것을 권장합니다.,피지 분비가 많아지는 시기이므로 클레이 마스크로 주 1~2회 관리해 주는 것을 추천합니다.,습도가 정말 높아서 화장이 금방 무너졌어요. 저자극 선크림 없이는 하루도 버티기 힘들었어요.
hyunwoo_diary,북아메리카,니카라과,열대기후,연수,★★★★☆,여성,52,마케터,건성,31°C (체감),79%,"가벼운 수분 선크림, 쿠션, 미스트",워터프루프 아이라이너와 마스카라로 땀과 습기에 대비하는 것이 좋습니다.,저녁에 이중세안을 꼭 하고 산뜻한 젤 타입 제품으로 유수분 밸런스를 유지하세요.,생각보다 더 더워서 땀 때문에 끈적임이 심했는데 가벼운 수분 선크림이 정말 큰 도움이 됐습니다.
sunny_mode,북아메리카,니카라과,열대기후,연수,★★★☆☆,남성,59,공무원,지성,33°C (체감),82%,"워터프루프 아이라이너, 피지 흡수 패드, 쿨링 젤",얇은 베이스에 워터프루프 제품 위주로 메이크업하고 픽싱 스프레이로 마무리하는 것을 추천합니다.,외출 중 블로팅 페이퍼로 피지를 자주 관리하고 쿨링 토너로 진정시켜 주세요.,야외 일정이 많았는데 자외선이 강해서 워터프루프 아이라이너을 자주 덧발라야 했어요.
beautyaddict_world,북아메리카,과테말라,열대기후,연수,★★★★☆,여성,22,영업직,건성,33°C (체감),89%,"매트 선크림, 블로팅 페이퍼, 쿨링 토너",촉촉한 쿠션으로 습기에도 밀리지 않게 가볍게 표현하는 것을 추천합니다.,실내외 온습도 차이가 크므로 미스트로 수시로 수분을 보충해 주세요.,에어컨 실내와 습한 실외를 오가다 보니 피부 컨디션이 계속 오락가락했어요.
hana_92,북아메리카,과테말라,열대기후,연수,★★★★☆,남성,29,대학생,건성,35°C (체감),76%,"저자극 선크림, 진정 스프레이, 수분 시트마스크",색조보다는 톤업 선크림 위주로 산뜻하게 마무리하는 것을 권장합니다.,피지 분비가 많아지는 시기이므로 클레이 마스크로 주 1~2회 관리해 주는 것을 추천합니다.,습도가 정말 높아서 화장이 금방 무너졌어요. 저자극 선크림 없이는 하루도 버티기 힘들었어요.
seungmin_92,북아메리카,과테말라,열대기후,연수,★★★★☆,여성,36,간호사,건성,30°C (체감),79%,"가벼운 수분 선크림, 쿠션, 미스트",워터프루프 아이라이너와 마스카라로 땀과 습기에 대비하는 것이 좋습니다.,저녁에 이중세안을 꼭 하고 산뜻한 젤 타입 제품으로 유수분 밸런스를 유지하세요.,생각보다 더 더워서 땀 때문에 끈적임이 심했는데 가벼운 수분 선크림이 정말 큰 도움이 됐습니다.
hydrationqueen_92,북아메리카,과테말라,열대기후,연수,★★★★☆,남성,43,사진작가,건성,32°C (체감),82%,"워터프루프 아이라이너, 피지 흡수 패드, 쿨링 젤",얇은 베이스에 워터프루프 제품 위주로 메이크업하고 픽싱 스프레이로 마무리하는 것을 추천합니다.,외출 중 블로팅 페이퍼로 피지를 자주 관리하고 쿨링 토너로 진정시켜 주세요.,야외 일정이 많았는데 자외선이 강해서 워터프루프 아이라이너을 자주 덧발라야 했어요.
nomakeupdays_daily,북아메리카,과테말라,열대기후,연수,★★★★★,여성,50,엔지니어,건성,34°C (체감),85%,"워터프루프 선크림, 피지 컨트롤 파우더, 픽싱 미스트",매트한 베이스로 유분과 땀을 컨트롤하며 색조는 최소화하는 것이 좋습니다.,자외선 노출 후에는 진정 스프레이와 수분 시트마스크로 피부를 달래주는 것이 좋습니다.,고온다습한 날씨 탓에 피부 트러블이 갑자기 올라와서 당황했어요.
wanderlust01,북아메리카,과테말라,열대기후,연수,★★★★☆,남성,57,약사,건성,36°C (체감),88%,"매트 선크림, 블로팅 페이퍼, 쿨링 토너",촉촉한 쿠션으로 습기에도 밀리지 않게 가볍게 표현하는 것을 추천합니다.,실내외 온습도 차이가 크므로 미스트로 수시로 수분을 보충해 주세요.,에어컨 실내와 습한 실외를 오가다 보니 피부 컨디션이 계속 오락가락했어요.
jieun07,북아메리카,과테말라,열대기후,연수,★★★★★,여성,24,트레이너,건성,31°C (체감),75%,"저자극 선크림, 진정 스프레이, 수분 시트마스크",색조보다는 톤업 선크림 위주로 산뜻하게 마무리하는 것을 권장합니다.,피지 분비가 많아지는 시기이므로 클레이 마스크로 주 1~2회 관리해 주는 것을 추천합니다.,습도가 정말 높아서 화장이 금방 무너졌어요. 저자극 선크림 없이는 하루도 버티기 힘들었어요.
eunwoo_k,북아메리카,과테말라,열대기후,연수,★★★★★,남성,31,건축가,건성,33°C (체감),78%,"가벼운 수분 선크림, 쿠션, 미스트",워터프루프 아이라이너와 마스카라로 땀과 습기에 대비하는 것이 좋습니다.,저녁에 이중세안을 꼭 하고 산뜻한 젤 타입 제품으로 유수분 밸런스를 유지하세요.,생각보다 더 더워서 땀 때문에 끈적임이 심했는데 가벼운 수분 선크림이 정말 큰 도움이 됐습니다.
yoonseo07,북아메리카,과테말라,열대기후,연수,★★★★★,여성,38,일러스트레이터,건성,35°C (체감),81%,"워터프루프 아이라이너, 피지 흡수 패드, 쿨링 젤",얇은 베이스에 워터프루프 제품 위주로 메이크업하고 픽싱 스프레이로 마무리하는 것을 추천합니다.,외출 중 블로팅 페이퍼로 피지를 자주 관리하고 쿨링 토너로 진정시켜 주세요.,야외 일정이 많았는데 자외선이 강해서 워터프루프 아이라이너을 자주 덧발라야 했어요.
humidmood88,북아메리카,과테말라,열대기후,연수,★★☆☆☆,남성,45,회사원,건성,30°C (체감),84%,"워터프루프 선크림, 피지 컨트롤 파우더, 픽싱 미스트",매트한 베이스로 유분과 땀을 컨트롤하며 색조는 최소화하는 것이 좋습니다.,자외선 노출 후에는 진정 스프레이와 수분 시트마스크로 피부를 달래주는 것이 좋습니다.,고온다습한 날씨 탓에 피부 트러블이 갑자기 올라와서 당황했어요.
eunji_life,북아메리카,온두라스,열대기후,연수,★★★★☆,남성,29,수의사,복합성,31°C (체감),88%,"가벼운 수분 선크림, 쿠션, 미스트",워터프루프 아이라이너와 마스카라로 땀과 습기에 대비하는 것이 좋습니다.,저녁에 이중세안을 꼭 하고 산뜻한 젤 타입 제품으로 유수분 밸런스를 유지하세요.,생각보다 더 더워서 땀 때문에 끈적임이 심했는데 가벼운 수분 선크림이 정말 큰 도움이 됐습니다.
glowup_mode,북아메리카,온두라스,열대기후,연수,★★★★★,여성,36,영업직,복합성,33°C (체감),75%,"워터프루프 아이라이너, 피지 흡수 패드, 쿨링 젤",얇은 베이스에 워터프루프 제품 위주로 메이크업하고 픽싱 스프레이로 마무리하는 것을 추천합니다.,외출 중 블로팅 페이퍼로 피지를 자주 관리하고 쿨링 토너로 진정시켜 주세요.,야외 일정이 많았는데 자외선이 강해서 워터프루프 아이라이너을 자주 덧발라야 했어요.
roadtripper_mode,북아메리카,온두라스,열대기후,연수,★★★★★,남성,43,대학생,복합성,35°C (체감),78%,"워터프루프 선크림, 피지 컨트롤 파우더, 픽싱 미스트",매트한 베이스로 유분과 땀을 컨트롤하며 색조는 최소화하는 것이 좋습니다.,자외선 노출 후에는 진정 스프레이와 수분 시트마스크로 피부를 달래주는 것이 좋습니다.,고온다습한 날씨 탓에 피부 트러블이 갑자기 올라와서 당황했어요.
minji88,북아메리카,온두라스,열대기후,연수,★★★★★,여성,50,간호사,복합성,30°C (체감),81%,"매트 선크림, 블로팅 페이퍼, 쿨링 토너",촉촉한 쿠션으로 습기에도 밀리지 않게 가볍게 표현하는 것을 추천합니다.,실내외 온습도 차이가 크므로 미스트로 수시로 수분을 보충해 주세요.,에어컨 실내와 습한 실외를 오가다 보니 피부 컨디션이 계속 오락가락했어요.
subin_life,북아메리카,온두라스,열대기후,연수,★★☆☆☆,남성,57,사진작가,복합성,32°C (체감),84%,"저자극 선크림, 진정 스프레이, 수분 시트마스크",색조보다는 톤업 선크림 위주로 산뜻하게 마무리하는 것을 권장합니다.,피지 분비가 많아지는 시기이므로 클레이 마스크로 주 1~2회 관리해 주는 것을 추천합니다.,습도가 정말 높아서 화장이 금방 무너졌어요. 저자극 선크림 없이는 하루도 버티기 힘들었어요.
cushionfan_ing,북아메리카,온두라스,열대기후,연수,★★★★★,여성,24,엔지니어,복합성,34°C (체감),87%,"가벼운 수분 선크림, 쿠션, 미스트",워터프루프 아이라이너와 마스카라로 땀과 습기에 대비하는 것이 좋습니다.,저녁에 이중세안을 꼭 하고 산뜻한 젤 타입 제품으로 유수분 밸런스를 유지하세요.,생각보다 더 더워서 땀 때문에 끈적임이 심했는데 가벼운 수분 선크림이 정말 큰 도움이 됐습니다.
fiona_ing,북아메리카,온두라스,열대기후,연수,★★★☆☆,남성,31,약사,복합성,36°C (체감),90%,"워터프루프 아이라이너, 피지 흡수 패드, 쿨링 젤",얇은 베이스에 워터프루프 제품 위주로 메이크업하고 픽싱 스프레이로 마무리하는 것을 추천합니다.,외출 중 블로팅 페이퍼로 피지를 자주 관리하고 쿨링 토너로 진정시켜 주세요.,야외 일정이 많았는데 자외선이 강해서 워터프루프 아이라이너을 자주 덧발라야 했어요.
skincarelover07,북아메리카,온두라스,열대기후,연수,★★★★★,여성,38,트레이너,복합성,31°C (체감),77%,"워터프루프 선크림, 피지 컨트롤 파우더, 픽싱 미스트",매트한 베이스로 유분과 땀을 컨트롤하며 색조는 최소화하는 것이 좋습니다.,자외선 노출 후에는 진정 스프레이와 수분 시트마스크로 피부를 달래주는 것이 좋습니다.,고온다습한 날씨 탓에 피부 트러블이 갑자기 올라와서 당황했어요.
serumfan_mode,북아메리카,온두라스,열대기후,연수,★★★☆☆,남성,45,건축가,복합성,33°C (체감),80%,"매트 선크림, 블로팅 페이퍼, 쿨링 토너",촉촉한 쿠션으로 습기에도 밀리지 않게 가볍게 표현하는 것을 추천합니다.,실내외 온습도 차이가 크므로 미스트로 수시로 수분을 보충해 주세요.,에어컨 실내와 습한 실외를 오가다 보니 피부 컨디션이 계속 오락가락했어요.
jetsetter07,북아메리카,온두라스,열대기후,연수,★★★★☆,여성,52,일러스트레이터,복합성,35°C (체감),83%,"저자극 선크림, 진정 스프레이, 수분 시트마스크",색조보다는 톤업 선크림 위주로 산뜻하게 마무리하는 것을 권장합니다.,피지 분비가 많아지는 시기이므로 클레이 마스크로 주 1~2회 관리해 주는 것을 추천합니다.,습도가 정말 높아서 화장이 금방 무너졌어요. 저자극 선크림 없이는 하루도 버티기 힘들었어요.
jihoon_k,북아메리카,아이티,열대기후,경수,★★★☆☆,여성,56,일러스트레이터,복합성,36°C (체감),83%,"워터프루프 선크림, 피지 컨트롤 파우더, 픽싱 미스트",매트한 베이스로 유분과 땀을 컨트롤하며 색조는 최소화하는 것이 좋습니다.,자외선 노출 후에는 진정 스프레이와 수분 시트마스크로 피부를 달래주는 것이 좋습니다.,고온다습한 날씨 탓에 피부 트러블이 갑자기 올라와서 당황했어요.
seungmin_log,북아메리카,아이티,열대기후,경수,★★★★☆,남성,23,회사원,민감성,31°C (체감),86%,"매트 선크림, 블로팅 페이퍼, 쿨링 토너",촉촉한 쿠션으로 습기에도 밀리지 않게 가볍게 표현하는 것을 추천합니다.,실내외 온습도 차이가 크므로 미스트로 수시로 수분을 보충해 주세요.,에어컨 실내와 습한 실외를 오가다 보니 피부 컨디션이 계속 오락가락했어요.
hayoung88,북아메리카,아이티,열대기후,경수,★★★★☆,여성,30,교사,건성,33°C (체감),89%,"저자극 선크림, 진정 스프레이, 수분 시트마스크",색조보다는 톤업 선크림 위주로 산뜻하게 마무리하는 것을 권장합니다.,피지 분비가 많아지는 시기이므로 클레이 마스크로 주 1~2회 관리해 주는 것을 추천합니다.,습도가 정말 높아서 화장이 금방 무너졌어요. 저자극 선크림 없이는 하루도 버티기 힘들었어요.
spflover88,북아메리카,아이티,열대기후,경수,★★★★★,남성,37,요리사,지성,35°C (체감),76%,"가벼운 수분 선크림, 쿠션, 미스트",워터프루프 아이라이너와 마스카라로 땀과 습기에 대비하는 것이 좋습니다.,저녁에 이중세안을 꼭 하고 산뜻한 젤 타입 제품으로 유수분 밸런스를 유지하세요.,생각보다 더 더워서 땀 때문에 끈적임이 심했는데 가벼운 수분 선크림이 정말 큰 도움이 됐습니다.
subin88,북아메리카,아이티,열대기후,경수,★★★★☆,여성,44,자영업,복합성,30°C (체감),79%,"워터프루프 아이라이너, 피지 흡수 패드, 쿨링 젤",얇은 베이스에 워터프루프 제품 위주로 메이크업하고 픽싱 스프레이로 마무리하는 것을 추천합니다.,외출 중 블로팅 페이퍼로 피지를 자주 관리하고 쿨링 토너로 진정시켜 주세요.,야외 일정이 많았는데 자외선이 강해서 워터프루프 아이라이너을 자주 덧발라야 했어요.
jiyeon88,북아메리카,아이티,열대기후,경수,★★★☆☆,남성,51,여행가이드,민감성,32°C (체감),82%,"워터프루프 선크림, 피지 컨트롤 파우더, 픽싱 미스트",매트한 베이스로 유분과 땀을 컨트롤하며 색조는 최소화하는 것이 좋습니다.,자외선 노출 후에는 진정 스프레이와 수분 시트마스크로 피부를 달래주는 것이 좋습니다.,고온다습한 날씨 탓에 피부 트러블이 갑자기 올라와서 당황했어요.
minjun_story,북아메리카,아이티,열대기후,경수,★★★☆☆,여성,58,작가,건성,34°C (체감),85%,"매트 선크림, 블로팅 페이퍼, 쿨링 토너",촉촉한 쿠션으로 습기에도 밀리지 않게 가볍게 표현하는 것을 추천합니다.,실내외 온습도 차이가 크므로 미스트로 수시로 수분을 보충해 주세요.,에어컨 실내와 습한 실외를 오가다 보니 피부 컨디션이 계속 오락가락했어요.
packlight01,북아메리카,아이티,열대기후,경수,★★★★☆,남성,25,연구원,지성,36°C (체감),88%,"저자극 선크림, 진정 스프레이, 수분 시트마스크",색조보다는 톤업 선크림 위주로 산뜻하게 마무리하는 것을 권장합니다.,피지 분비가 많아지는 시기이므로 클레이 마스크로 주 1~2회 관리해 주는 것을 추천합니다.,습도가 정말 높아서 화장이 금방 무너졌어요. 저자극 선크림 없이는 하루도 버티기 힘들었어요.
humidmood_92,북아메리카,아이티,열대기후,경수,★★★★★,여성,32,바리스타,복합성,31°C (체감),75%,"가벼운 수분 선크림, 쿠션, 미스트",워터프루프 아이라이너와 마스카라로 땀과 습기에 대비하는 것이 좋습니다.,저녁에 이중세안을 꼭 하고 산뜻한 젤 타입 제품으로 유수분 밸런스를 유지하세요.,생각보다 더 더워서 땀 때문에 끈적임이 심했는데 가벼운 수분 선크림이 정말 큰 도움이 됐습니다.
tropicalgirl_daily,북아메리카,아이티,열대기후,경수,★★☆☆☆,남성,39,프로그래머,민감성,33°C (체감),78%,"워터프루프 아이라이너, 피지 흡수 패드, 쿨링 젤",얇은 베이스에 워터프루프 제품 위주로 메이크업하고 픽싱 스프레이로 마무리하는 것을 추천합니다.,외출 중 블로팅 페이퍼로 피지를 자주 관리하고 쿨링 토너로 진정시켜 주세요.,야외 일정이 많았는데 자외선이 강해서 워터프루프 아이라이너을 자주 덧발라야 했어요.
clearskin_note,북아메리카,도미니카공화국,열대기후,경수,★★★☆☆,남성,55,요리사,민감성,31°C (체감),82%,"워터프루프 아이라이너, 피지 흡수 패드, 쿨링 젤",얇은 베이스에 워터프루프 제품 위주로 메이크업하고 픽싱 스프레이로 마무리하는 것을 추천합니다.,외출 중 블로팅 페이퍼로 피지를 자주 관리하고 쿨링 토너로 진정시켜 주세요.,야외 일정이 많았는데 자외선이 강해서 워터프루프 아이라이너을 자주 덧발라야 했어요.
seojun_zone,북아메리카,도미니카공화국,열대기후,경수,★★★★★,여성,22,자영업,민감성,33°C (체감),85%,"워터프루프 선크림, 피지 컨트롤 파우더, 픽싱 미스트",매트한 베이스로 유분과 땀을 컨트롤하며 색조는 최소화하는 것이 좋습니다.,자외선 노출 후에는 진정 스프레이와 수분 시트마스크로 피부를 달래주는 것이 좋습니다.,고온다습한 날씨 탓에 피부 트러블이 갑자기 올라와서 당황했어요.
suji_official,북아메리카,도미니카공화국,열대기후,경수,★★★☆☆,남성,29,여행가이드,민감성,35°C (체감),88%,"매트 선크림, 블로팅 페이퍼, 쿨링 토너",촉촉한 쿠션으로 습기에도 밀리지 않게 가볍게 표현하는 것을 추천합니다.,실내외 온습도 차이가 크므로 미스트로 수시로 수분을 보충해 주세요.,에어컨 실내와 습한 실외를 오가다 보니 피부 컨디션이 계속 오락가락했어요.
seoyeon23,북아메리카,도미니카공화국,열대기후,경수,★★★☆☆,여성,36,작가,민감성,30°C (체감),75%,"저자극 선크림, 진정 스프레이, 수분 시트마스크",색조보다는 톤업 선크림 위주로 산뜻하게 마무리하는 것을 권장합니다.,피지 분비가 많아지는 시기이므로 클레이 마스크로 주 1~2회 관리해 주는 것을 추천합니다.,습도가 정말 높아서 화장이 금방 무너졌어요. 저자극 선크림 없이는 하루도 버티기 힘들었어요.
freshface_love,북아메리카,도미니카공화국,열대기후,경수,★★★☆☆,남성,43,연구원,민감성,32°C (체감),78%,"가벼운 수분 선크림, 쿠션, 미스트",워터프루프 아이라이너와 마스카라로 땀과 습기에 대비하는 것이 좋습니다.,저녁에 이중세안을 꼭 하고 산뜻한 젤 타입 제품으로 유수분 밸런스를 유지하세요.,생각보다 더 더워서 땀 때문에 끈적임이 심했는데 가벼운 수분 선크림이 정말 큰 도움이 됐습니다.
jaewon99,북아메리카,도미니카공화국,열대기후,경수,★☆☆☆☆,여성,50,바리스타,민감성,34°C (체감),81%,"워터프루프 아이라이너, 피지 흡수 패드, 쿨링 젤",얇은 베이스에 워터프루프 제품 위주로 메이크업하고 픽싱 스프레이로 마무리하는 것을 추천합니다.,외출 중 블로팅 페이퍼로 피지를 자주 관리하고 쿨링 토너로 진정시켜 주세요.,야외 일정이 많았는데 자외선이 강해서 워터프루프 아이라이너을 자주 덧발라야 했어요.
dryskin23,북아메리카,도미니카공화국,열대기후,경수,★★☆☆☆,남성,57,프로그래머,민감성,36°C (체감),84%,"워터프루프 선크림, 피지 컨트롤 파우더, 픽싱 미스트",매트한 베이스로 유분과 땀을 컨트롤하며 색조는 최소화하는 것이 좋습니다.,자외선 노출 후에는 진정 스프레이와 수분 시트마스크로 피부를 달래주는 것이 좋습니다.,고온다습한 날씨 탓에 피부 트러블이 갑자기 올라와서 당황했어요.
combiskin_official,북아메리카,도미니카공화국,열대기후,경수,★★★★★,여성,24,프리랜서,민감성,31°C (체감),87%,"매트 선크림, 블로팅 페이퍼, 쿨링 토너",촉촉한 쿠션으로 습기에도 밀리지 않게 가볍게 표현하는 것을 추천합니다.,실내외 온습도 차이가 크므로 미스트로 수시로 수분을 보충해 주세요.,에어컨 실내와 습한 실외를 오가다 보니 피부 컨디션이 계속 오락가락했어요.
skincarelover99,북아메리카,도미니카공화국,열대기후,경수,★☆☆☆☆,남성,31,디자이너,민감성,33°C (체감),90%,"저자극 선크림, 진정 스프레이, 수분 시트마스크",색조보다는 톤업 선크림 위주로 산뜻하게 마무리하는 것을 권장합니다.,피지 분비가 많아지는 시기이므로 클레이 마스크로 주 1~2회 관리해 주는 것을 추천합니다.,습도가 정말 높아서 화장이 금방 무너졌어요. 저자극 선크림 없이는 하루도 버티기 힘들었어요.
soojin_world,북아메리카,도미니카공화국,열대기후,경수,★★★★★,여성,38,승무원,민감성,35°C (체감),77%,"가벼운 수분 선크림, 쿠션, 미스트",워터프루프 아이라이너와 마스카라로 땀과 습기에 대비하는 것이 좋습니다.,저녁에 이중세안을 꼭 하고 산뜻한 젤 타입 제품으로 유수분 밸런스를 유지하세요.,생각보다 더 더워서 땀 때문에 끈적임이 심했는데 가벼운 수분 선크림이 정말 큰 도움이 됐습니다.
hyerin_official,오세아니아,파푸아뉴기니,열대기후,연수,★★★★☆,남성,55,대학생,민감성,35°C (체감),82%,"워터프루프 아이라이너, 피지 흡수 패드, 쿨링 젤",얇은 베이스에 워터프루프 제품 위주로 메이크업하고 픽싱 스프레이로 마무리하는 것을 추천합니다.,외출 중 블로팅 페이퍼로 피지를 자주 관리하고 쿨링 토너로 진정시켜 주세요.,야외 일정이 많았는데 자외선이 강해서 워터프루프 아이라이너을 자주 덧발라야 했어요.
weekendtrip_log,오세아니아,파푸아뉴기니,열대기후,연수,★☆☆☆☆,여성,22,간호사,민감성,30°C (체감),85%,"워터프루프 선크림, 피지 컨트롤 파우더, 픽싱 미스트",매트한 베이스로 유분과 땀을 컨트롤하며 색조는 최소화하는 것이 좋습니다.,자외선 노출 후에는 진정 스프레이와 수분 시트마스크로 피부를 달래주는 것이 좋습니다.,고온다습한 날씨 탓에 피부 트러블이 갑자기 올라와서 당황했어요.
haeun01,오세아니아,파푸아뉴기니,열대기후,연수,★★★★★,남성,29,사진작가,민감성,32°C (체감),88%,"매트 선크림, 블로팅 페이퍼, 쿨링 토너",촉촉한 쿠션으로 습기에도 밀리지 않게 가볍게 표현하는 것을 추천합니다.,실내외 온습도 차이가 크므로 미스트로 수시로 수분을 보충해 주세요.,에어컨 실내와 습한 실외를 오가다 보니 피부 컨디션이 계속 오락가락했어요.
citywalker99,오세아니아,파푸아뉴기니,열대기후,연수,★★★★☆,여성,36,엔지니어,민감성,34°C (체감),75%,"저자극 선크림, 진정 스프레이, 수분 시트마스크",색조보다는 톤업 선크림 위주로 산뜻하게 마무리하는 것을 권장합니다.,피지 분비가 많아지는 시기이므로 클레이 마스크로 주 1~2회 관리해 주는 것을 추천합니다.,습도가 정말 높아서 화장이 금방 무너졌어요. 저자극 선크림 없이는 하루도 버티기 힘들었어요.
minji23,오세아니아,파푸아뉴기니,열대기후,연수,★★★★☆,남성,43,약사,민감성,36°C (체감),78%,"가벼운 수분 선크림, 쿠션, 미스트",워터프루프 아이라이너와 마스카라로 땀과 습기에 대비하는 것이 좋습니다.,저녁에 이중세안을 꼭 하고 산뜻한 젤 타입 제품으로 유수분 밸런스를 유지하세요.,생각보다 더 더워서 땀 때문에 끈적임이 심했는데 가벼운 수분 선크림이 정말 큰 도움이 됐습니다.
haeun88,오세아니아,파푸아뉴기니,열대기후,연수,★★★★★,여성,50,트레이너,민감성,31°C (체감),81%,"워터프루프 아이라이너, 피지 흡수 패드, 쿨링 젤",얇은 베이스에 워터프루프 제품 위주로 메이크업하고 픽싱 스프레이로 마무리하는 것을 추천합니다.,외출 중 블로팅 페이퍼로 피지를 자주 관리하고 쿨링 토너로 진정시켜 주세요.,야외 일정이 많았는데 자외선이 강해서 워터프루프 아이라이너을 자주 덧발라야 했어요.
weekendtrip23,오세아니아,파푸아뉴기니,열대기후,연수,★★★★★,남성,57,건축가,민감성,33°C (체감),84%,"워터프루프 선크림, 피지 컨트롤 파우더, 픽싱 미스트",매트한 베이스로 유분과 땀을 컨트롤하며 색조는 최소화하는 것이 좋습니다.,자외선 노출 후에는 진정 스프레이와 수분 시트마스크로 피부를 달래주는 것이 좋습니다.,고온다습한 날씨 탓에 피부 트러블이 갑자기 올라와서 당황했어요.
haeun_k,오세아니아,파푸아뉴기니,열대기후,연수,★★★☆☆,여성,24,일러스트레이터,민감성,35°C (체감),87%,"매트 선크림, 블로팅 페이퍼, 쿨링 토너",촉촉한 쿠션으로 습기에도 밀리지 않게 가볍게 표현하는 것을 추천합니다.,실내외 온습도 차이가 크므로 미스트로 수시로 수분을 보충해 주세요.,에어컨 실내와 습한 실외를 오가다 보니 피부 컨디션이 계속 오락가락했어요.
balmaddict_daily,오세아니아,파푸아뉴기니,열대기후,연수,★★★★☆,남성,31,회사원,민감성,30°C (체감),90%,"저자극 선크림, 진정 스프레이, 수분 시트마스크",색조보다는 톤업 선크림 위주로 산뜻하게 마무리하는 것을 권장합니다.,피지 분비가 많아지는 시기이므로 클레이 마스크로 주 1~2회 관리해 주는 것을 추천합니다.,습도가 정말 높아서 화장이 금방 무너졌어요. 저자극 선크림 없이는 하루도 버티기 힘들었어요.
dewyskin88,오세아니아,파푸아뉴기니,열대기후,연수,★★★☆☆,여성,38,교사,민감성,32°C (체감),77%,"가벼운 수분 선크림, 쿠션, 미스트",워터프루프 아이라이너와 마스카라로 땀과 습기에 대비하는 것이 좋습니다.,저녁에 이중세안을 꼭 하고 산뜻한 젤 타입 제품으로 유수분 밸런스를 유지하세요.,생각보다 더 더워서 땀 때문에 끈적임이 심했는데 가벼운 수분 선크림이 정말 큰 도움이 됐습니다.
fiona_life,오세아니아,피지,열대기후,연수,★★★☆☆,남성,35,대학생,민감성,31°C (체감),86%,"워터프루프 아이라이너, 피지 흡수 패드, 쿨링 젤",얇은 베이스에 워터프루프 제품 위주로 메이크업하고 픽싱 스프레이로 마무리하는 것을 추천합니다.,외출 중 블로팅 페이퍼로 피지를 자주 관리하고 쿨링 토너로 진정시켜 주세요.,야외 일정이 많았는데 자외선이 강해서 워터프루프 아이라이너을 자주 덧발라야 했어요.
areum_diary,오세아니아,피지,열대기후,연수,★★☆☆☆,여성,42,간호사,민감성,33°C (체감),89%,"워터프루프 선크림, 피지 컨트롤 파우더, 픽싱 미스트",매트한 베이스로 유분과 땀을 컨트롤하며 색조는 최소화하는 것이 좋습니다.,자외선 노출 후에는 진정 스프레이와 수분 시트마스크로 피부를 달래주는 것이 좋습니다.,고온다습한 날씨 탓에 피부 트러블이 갑자기 올라와서 당황했어요.
chillmode_official,오세아니아,피지,열대기후,연수,★★☆☆☆,남성,49,사진작가,민감성,35°C (체감),76%,"매트 선크림, 블로팅 페이퍼, 쿨링 토너",촉촉한 쿠션으로 습기에도 밀리지 않게 가볍게 표현하는 것을 추천합니다.,실내외 온습도 차이가 크므로 미스트로 수시로 수분을 보충해 주세요.,에어컨 실내와 습한 실외를 오가다 보니 피부 컨디션이 계속 오락가락했어요.
humidmood_diary,오세아니아,피지,열대기후,연수,★★★☆☆,여성,56,엔지니어,민감성,30°C (체감),79%,"저자극 선크림, 진정 스프레이, 수분 시트마스크",색조보다는 톤업 선크림 위주로 산뜻하게 마무리하는 것을 권장합니다.,피지 분비가 많아지는 시기이므로 클레이 마스크로 주 1~2회 관리해 주는 것을 추천합니다.,습도가 정말 높아서 화장이 금방 무너졌어요. 저자극 선크림 없이는 하루도 버티기 힘들었어요.
yuna_zone,오세아니아,피지,열대기후,연수,★☆☆☆☆,남성,23,약사,민감성,32°C (체감),82%,"가벼운 수분 선크림, 쿠션, 미스트",워터프루프 아이라이너와 마스카라로 땀과 습기에 대비하는 것이 좋습니다.,저녁에 이중세안을 꼭 하고 산뜻한 젤 타입 제품으로 유수분 밸런스를 유지하세요.,생각보다 더 더워서 땀 때문에 끈적임이 심했는데 가벼운 수분 선크림이 정말 큰 도움이 됐습니다.
softskin07,오세아니아,피지,열대기후,연수,★★★★☆,여성,30,트레이너,민감성,34°C (체감),85%,"워터프루프 아이라이너, 피지 흡수 패드, 쿨링 젤",얇은 베이스에 워터프루프 제품 위주로 메이크업하고 픽싱 스프레이로 마무리하는 것을 추천합니다.,외출 중 블로팅 페이퍼로 피지를 자주 관리하고 쿨링 토너로 진정시켜 주세요.,야외 일정이 많았는데 자외선이 강해서 워터프루프 아이라이너을 자주 덧발라야 했어요.
jiho_official,오세아니아,피지,열대기후,연수,★★★☆☆,남성,37,건축가,민감성,36°C (체감),88%,"워터프루프 선크림, 피지 컨트롤 파우더, 픽싱 미스트",매트한 베이스로 유분과 땀을 컨트롤하며 색조는 최소화하는 것이 좋습니다.,자외선 노출 후에는 진정 스프레이와 수분 시트마스크로 피부를 달래주는 것이 좋습니다.,고온다습한 날씨 탓에 피부 트러블이 갑자기 올라와서 당황했어요.
cushionfan_92,오세아니아,피지,열대기후,연수,★★★★☆,여성,44,일러스트레이터,민감성,31°C (체감),75%,"매트 선크림, 블로팅 페이퍼, 쿨링 토너",촉촉한 쿠션으로 습기에도 밀리지 않게 가볍게 표현하는 것을 추천합니다.,실내외 온습도 차이가 크므로 미스트로 수시로 수분을 보충해 주세요.,에어컨 실내와 습한 실외를 오가다 보니 피부 컨디션이 계속 오락가락했어요.
citywalker_world,오세아니아,피지,열대기후,연수,★☆☆☆☆,남성,51,회사원,민감성,33°C (체감),78%,"저자극 선크림, 진정 스프레이, 수분 시트마스크",색조보다는 톤업 선크림 위주로 산뜻하게 마무리하는 것을 권장합니다.,피지 분비가 많아지는 시기이므로 클레이 마스크로 주 1~2회 관리해 주는 것을 추천합니다.,습도가 정말 높아서 화장이 금방 무너졌어요. 저자극 선크림 없이는 하루도 버티기 힘들었어요.
hyerin_life,오세아니아,피지,열대기후,연수,★★★☆☆,여성,58,교사,민감성,35°C (체감),81%,"가벼운 수분 선크림, 쿠션, 미스트",워터프루프 아이라이너와 마스카라로 땀과 습기에 대비하는 것이 좋습니다.,저녁에 이중세안을 꼭 하고 산뜻한 젤 타입 제품으로 유수분 밸런스를 유지하세요.,생각보다 더 더워서 땀 때문에 끈적임이 심했는데 가벼운 수분 선크림이 정말 큰 도움이 됐습니다.
jieun_92,아시아,몰디브,열대기후,연수,★★★★☆,남성,23,건축가,지성,33°C (체감),82%,"저자극 선크림, 진정 스프레이, 수분 시트마스크",색조보다는 톤업 선크림 위주로 산뜻하게 마무리하는 것을 권장합니다.,피지 분비가 많아지는 시기이므로 클레이 마스크로 주 1~2회 관리해 주는 것을 추천합니다.,습도가 정말 높아서 화장이 금방 무너졌어요. 저자극 선크림 없이는 하루도 버티기 힘들었어요.
passportready_daily,아시아,몰디브,열대기후,연수,★★★☆☆,여성,30,일러스트레이터,지성,35°C (체감),85%,"가벼운 수분 선크림, 쿠션, 미스트",워터프루프 아이라이너와 마스카라로 땀과 습기에 대비하는 것이 좋습니다.,저녁에 이중세안을 꼭 하고 산뜻한 젤 타입 제품으로 유수분 밸런스를 유지하세요.,생각보다 더 더워서 땀 때문에 끈적임이 심했는데 가벼운 수분 선크림이 정말 큰 도움이 됐습니다.
areum_daily,아시아,몰디브,열대기후,연수,★★★★★,남성,37,회사원,지성,30°C (체감),88%,"워터프루프 아이라이너, 피지 흡수 패드, 쿨링 젤",얇은 베이스에 워터프루프 제품 위주로 메이크업하고 픽싱 스프레이로 마무리하는 것을 추천합니다.,외출 중 블로팅 페이퍼로 피지를 자주 관리하고 쿨링 토너로 진정시켜 주세요.,야외 일정이 많았는데 자외선이 강해서 워터프루프 아이라이너을 자주 덧발라야 했어요.
glowygirl_vibe,아시아,몰디브,열대기후,연수,★★★★★,여성,44,교사,지성,32°C (체감),75%,"워터프루프 선크림, 피지 컨트롤 파우더, 픽싱 미스트",매트한 베이스로 유분과 땀을 컨트롤하며 색조는 최소화하는 것이 좋습니다.,자외선 노출 후에는 진정 스프레이와 수분 시트마스크로 피부를 달래주는 것이 좋습니다.,고온다습한 날씨 탓에 피부 트러블이 갑자기 올라와서 당황했어요.
minho_love,아시아,몰디브,열대기후,연수,★★★★☆,남성,51,요리사,지성,34°C (체감),78%,"매트 선크림, 블로팅 페이퍼, 쿨링 토너",촉촉한 쿠션으로 습기에도 밀리지 않게 가볍게 표현하는 것을 추천합니다.,실내외 온습도 차이가 크므로 미스트로 수시로 수분을 보충해 주세요.,에어컨 실내와 습한 실외를 오가다 보니 피부 컨디션이 계속 오락가락했어요.
globetrotter_love,아시아,몰디브,열대기후,연수,★★★★★,여성,58,자영업,지성,36°C (체감),81%,"저자극 선크림, 진정 스프레이, 수분 시트마스크",색조보다는 톤업 선크림 위주로 산뜻하게 마무리하는 것을 권장합니다.,피지 분비가 많아지는 시기이므로 클레이 마스크로 주 1~2회 관리해 주는 것을 추천합니다.,습도가 정말 높아서 화장이 금방 무너졌어요. 저자극 선크림 없이는 하루도 버티기 힘들었어요.
jiho_ing,아시아,몰디브,열대기후,연수,★★★★★,남성,25,여행가이드,지성,31°C (체감),84%,"가벼운 수분 선크림, 쿠션, 미스트",워터프루프 아이라이너와 마스카라로 땀과 습기에 대비하는 것이 좋습니다.,저녁에 이중세안을 꼭 하고 산뜻한 젤 타입 제품으로 유수분 밸런스를 유지하세요.,생각보다 더 더워서 땀 때문에 끈적임이 심했는데 가벼운 수분 선크림이 정말 큰 도움이 됐습니다.
dahye_daily,아시아,몰디브,열대기후,연수,★★★★★,여성,32,작가,지성,33°C (체감),87%,"워터프루프 아이라이너, 피지 흡수 패드, 쿨링 젤",얇은 베이스에 워터프루프 제품 위주로 메이크업하고 픽싱 스프레이로 마무리하는 것을 추천합니다.,외출 중 블로팅 페이퍼로 피지를 자주 관리하고 쿨링 토너로 진정시켜 주세요.,야외 일정이 많았는데 자외선이 강해서 워터프루프 아이라이너을 자주 덧발라야 했어요.
weekendtrip_daily,아시아,몰디브,열대기후,연수,★★★★☆,남성,39,연구원,지성,35°C (체감),90%,"워터프루프 선크림, 피지 컨트롤 파우더, 픽싱 미스트",매트한 베이스로 유분과 땀을 컨트롤하며 색조는 최소화하는 것이 좋습니다.,자외선 노출 후에는 진정 스프레이와 수분 시트마스크로 피부를 달래주는 것이 좋습니다.,고온다습한 날씨 탓에 피부 트러블이 갑자기 올라와서 당황했어요.
olivia88,아시아,몰디브,열대기후,연수,★★★☆☆,여성,46,바리스타,지성,30°C (체감),77%,"매트 선크림, 블로팅 페이퍼, 쿨링 토너",촉촉한 쿠션으로 습기에도 밀리지 않게 가볍게 표현하는 것을 추천합니다.,실내외 온습도 차이가 크므로 미스트로 수시로 수분을 보충해 주세요.,에어컨 실내와 습한 실외를 오가다 보니 피부 컨디션이 계속 오락가락했어요.
spflover_diary,아시아,미얀마,열대기후,연수,★★★★★,남성,33,간호사,지성,31°C (체감),76%,"저자극 선크림, 진정 스프레이, 수분 시트마스크",색조보다는 톤업 선크림 위주로 산뜻하게 마무리하는 것을 권장합니다.,피지 분비가 많아지는 시기이므로 클레이 마스크로 주 1~2회 관리해 주는 것을 추천합니다.,습도가 정말 높아서 화장이 금방 무너졌어요. 저자극 선크림 없이는 하루도 버티기 힘들었어요.
minjun_ing,아시아,미얀마,열대기후,연수,★★★★☆,여성,40,사진작가,지성,33°C (체감),79%,"가벼운 수분 선크림, 쿠션, 미스트",워터프루프 아이라이너와 마스카라로 땀과 습기에 대비하는 것이 좋습니다.,저녁에 이중세안을 꼭 하고 산뜻한 젤 타입 제품으로 유수분 밸런스를 유지하세요.,생각보다 더 더워서 땀 때문에 끈적임이 심했는데 가벼운 수분 선크림이 정말 큰 도움이 됐습니다.
iseul99,아시아,미얀마,열대기후,연수,★★★★★,남성,47,엔지니어,지성,35°C (체감),82%,"워터프루프 아이라이너, 피지 흡수 패드, 쿨링 젤",얇은 베이스에 워터프루프 제품 위주로 메이크업하고 픽싱 스프레이로 마무리하는 것을 추천합니다.,외출 중 블로팅 페이퍼로 피지를 자주 관리하고 쿨링 토너로 진정시켜 주세요.,야외 일정이 많았는데 자외선이 강해서 워터프루프 아이라이너을 자주 덧발라야 했어요.
areum07,아시아,미얀마,열대기후,연수,★★★★☆,여성,54,약사,지성,30°C (체감),85%,"워터프루프 선크림, 피지 컨트롤 파우더, 픽싱 미스트",매트한 베이스로 유분과 땀을 컨트롤하며 색조는 최소화하는 것이 좋습니다.,자외선 노출 후에는 진정 스프레이와 수분 시트마스크로 피부를 달래주는 것이 좋습니다.,고온다습한 날씨 탓에 피부 트러블이 갑자기 올라와서 당황했어요.
gina_k,아시아,미얀마,열대기후,연수,★★★★★,남성,21,트레이너,지성,32°C (체감),88%,"매트 선크림, 블로팅 페이퍼, 쿨링 토너",촉촉한 쿠션으로 습기에도 밀리지 않게 가볍게 표현하는 것을 추천합니다.,실내외 온습도 차이가 크므로 미스트로 수시로 수분을 보충해 주세요.,에어컨 실내와 습한 실외를 오가다 보니 피부 컨디션이 계속 오락가락했어요.
backpacklife_vibe,아시아,미얀마,열대기후,연수,★★★★☆,여성,28,건축가,지성,34°C (체감),75%,"저자극 선크림, 진정 스프레이, 수분 시트마스크",색조보다는 톤업 선크림 위주로 산뜻하게 마무리하는 것을 권장합니다.,피지 분비가 많아지는 시기이므로 클레이 마스크로 주 1~2회 관리해 주는 것을 추천합니다.,습도가 정말 높아서 화장이 금방 무너졌어요. 저자극 선크림 없이는 하루도 버티기 힘들었어요.
cloudnine_official,아시아,미얀마,열대기후,연수,★★★☆☆,남성,35,일러스트레이터,지성,36°C (체감),78%,"가벼운 수분 선크림, 쿠션, 미스트",워터프루프 아이라이너와 마스카라로 땀과 습기에 대비하는 것이 좋습니다.,저녁에 이중세안을 꼭 하고 산뜻한 젤 타입 제품으로 유수분 밸런스를 유지하세요.,생각보다 더 더워서 땀 때문에 끈적임이 심했는데 가벼운 수분 선크림이 정말 큰 도움이 됐습니다.
moisturemax_k,아시아,미얀마,열대기후,연수,★★★★☆,여성,42,회사원,지성,31°C (체감),81%,"워터프루프 아이라이너, 피지 흡수 패드, 쿨링 젤",얇은 베이스에 워터프루프 제품 위주로 메이크업하고 픽싱 스프레이로 마무리하는 것을 추천합니다.,외출 중 블로팅 페이퍼로 피지를 자주 관리하고 쿨링 토너로 진정시켜 주세요.,야외 일정이 많았는데 자외선이 강해서 워터프루프 아이라이너을 자주 덧발라야 했어요.
dohyun23,아시아,미얀마,열대기후,연수,★★★★☆,남성,49,교사,지성,33°C (체감),84%,"워터프루프 선크림, 피지 컨트롤 파우더, 픽싱 미스트",매트한 베이스로 유분과 땀을 컨트롤하며 색조는 최소화하는 것이 좋습니다.,자외선 노출 후에는 진정 스프레이와 수분 시트마스크로 피부를 달래주는 것이 좋습니다.,고온다습한 날씨 탓에 피부 트러블이 갑자기 올라와서 당황했어요.
dahye_zone,아시아,미얀마,열대기후,연수,★★★☆☆,여성,56,요리사,지성,35°C (체감),87%,"매트 선크림, 블로팅 페이퍼, 쿨링 토너",촉촉한 쿠션으로 습기에도 밀리지 않게 가볍게 표현하는 것을 추천합니다.,실내외 온습도 차이가 크므로 미스트로 수시로 수분을 보충해 주세요.,에어컨 실내와 습한 실외를 오가다 보니 피부 컨디션이 계속 오락가락했어요.
seoyeon_ing,아시아,방글라데시,열대기후,연수,★★★★★,여성,26,일러스트레이터,건성,32°C (체감),77%,"워터프루프 선크림, 피지 컨트롤 파우더, 픽싱 미스트",매트한 베이스로 유분과 땀을 컨트롤하며 색조는 최소화하는 것이 좋습니다.,자외선 노출 후에는 진정 스프레이와 수분 시트마스크로 피부를 달래주는 것이 좋습니다.,고온다습한 날씨 탓에 피부 트러블이 갑자기 올라와서 당황했어요.
skinfirst_k,아시아,방글라데시,열대기후,연수,★★★★★,남성,33,회사원,지성,34°C (체감),80%,"매트 선크림, 블로팅 페이퍼, 쿨링 토너",촉촉한 쿠션으로 습기에도 밀리지 않게 가볍게 표현하는 것을 추천합니다.,실내외 온습도 차이가 크므로 미스트로 수시로 수분을 보충해 주세요.,에어컨 실내와 습한 실외를 오가다 보니 피부 컨디션이 계속 오락가락했어요.
calmnface07,아시아,방글라데시,열대기후,연수,★★★☆☆,여성,40,교사,복합성,36°C (체감),83%,"저자극 선크림, 진정 스프레이, 수분 시트마스크",색조보다는 톤업 선크림 위주로 산뜻하게 마무리하는 것을 권장합니다.,피지 분비가 많아지는 시기이므로 클레이 마스크로 주 1~2회 관리해 주는 것을 추천합니다.,습도가 정말 높아서 화장이 금방 무너졌어요. 저자극 선크림 없이는 하루도 버티기 힘들었어요.
coolbreeze_mode,아시아,방글라데시,열대기후,연수,★★★☆☆,남성,47,요리사,민감성,31°C (체감),86%,"가벼운 수분 선크림, 쿠션, 미스트",워터프루프 아이라이너와 마스카라로 땀과 습기에 대비하는 것이 좋습니다.,저녁에 이중세안을 꼭 하고 산뜻한 젤 타입 제품으로 유수분 밸런스를 유지하세요.,생각보다 더 더워서 땀 때문에 끈적임이 심했는데 가벼운 수분 선크림이 정말 큰 도움이 됐습니다.
mattefinish_love,아시아,방글라데시,열대기후,연수,★☆☆☆☆,여성,54,자영업,건성,33°C (체감),89%,"워터프루프 아이라이너, 피지 흡수 패드, 쿨링 젤",얇은 베이스에 워터프루프 제품 위주로 메이크업하고 픽싱 스프레이로 마무리하는 것을 추천합니다.,외출 중 블로팅 페이퍼로 피지를 자주 관리하고 쿨링 토너로 진정시켜 주세요.,야외 일정이 많았는데 자외선이 강해서 워터프루프 아이라이너을 자주 덧발라야 했어요.
tropicalgirl88,아시아,방글라데시,열대기후,연수,★★★★★,남성,21,여행가이드,지성,35°C (체감),76%,"워터프루프 선크림, 피지 컨트롤 파우더, 픽싱 미스트",매트한 베이스로 유분과 땀을 컨트롤하며 색조는 최소화하는 것이 좋습니다.,자외선 노출 후에는 진정 스프레이와 수분 시트마스크로 피부를 달래주는 것이 좋습니다.,고온다습한 날씨 탓에 피부 트러블이 갑자기 올라와서 당황했어요.
taeyang_world,아시아,방글라데시,열대기후,연수,★★★★☆,여성,28,작가,복합성,30°C (체감),79%,"매트 선크림, 블로팅 페이퍼, 쿨링 토너",촉촉한 쿠션으로 습기에도 밀리지 않게 가볍게 표현하는 것을 추천합니다.,실내외 온습도 차이가 크므로 미스트로 수시로 수분을 보충해 주세요.,에어컨 실내와 습한 실외를 오가다 보니 피부 컨디션이 계속 오락가락했어요.
seoyeon_love,아시아,방글라데시,열대기후,연수,★★★★★,남성,35,연구원,민감성,32°C (체감),82%,"저자극 선크림, 진정 스프레이, 수분 시트마스크",색조보다는 톤업 선크림 위주로 산뜻하게 마무리하는 것을 권장합니다.,피지 분비가 많아지는 시기이므로 클레이 마스크로 주 1~2회 관리해 주는 것을 추천합니다.,습도가 정말 높아서 화장이 금방 무너졌어요. 저자극 선크림 없이는 하루도 버티기 힘들었어요.
beautyaddict_official,아시아,방글라데시,열대기후,연수,★★★☆☆,여성,42,바리스타,건성,34°C (체감),85%,"가벼운 수분 선크림, 쿠션, 미스트",워터프루프 아이라이너와 마스카라로 땀과 습기에 대비하는 것이 좋습니다.,저녁에 이중세안을 꼭 하고 산뜻한 젤 타입 제품으로 유수분 밸런스를 유지하세요.,생각보다 더 더워서 땀 때문에 끈적임이 심했는데 가벼운 수분 선크림이 정말 큰 도움이 됐습니다.
jetsetter_92,아시아,방글라데시,열대기후,연수,★★★☆☆,남성,49,프로그래머,지성,36°C (체감),88%,"워터프루프 아이라이너, 피지 흡수 패드, 쿨링 젤",얇은 베이스에 워터프루프 제품 위주로 메이크업하고 픽싱 스프레이로 마무리하는 것을 추천합니다.,외출 중 블로팅 페이퍼로 피지를 자주 관리하고 쿨링 토너로 진정시켜 주세요.,야외 일정이 많았는데 자외선이 강해서 워터프루프 아이라이너을 자주 덧발라야 했어요.
beautyaddict_zone,아시아,라오스,열대기후,연수,★★★★★,남성,49,작가,복합성,31°C (체감),76%,"가벼운 수분 선크림, 쿠션, 미스트",워터프루프 아이라이너와 마스카라로 땀과 습기에 대비하는 것이 좋습니다.,저녁에 이중세안을 꼭 하고 산뜻한 젤 타입 제품으로 유수분 밸런스를 유지하세요.,생각보다 더 더워서 땀 때문에 끈적임이 심했는데 가벼운 수분 선크림이 정말 큰 도움이 됐습니다.
chillmode23,아시아,라오스,열대기후,연수,★★★★★,여성,56,연구원,복합성,33°C (체감),79%,"워터프루프 아이라이너, 피지 흡수 패드, 쿨링 젤",얇은 베이스에 워터프루프 제품 위주로 메이크업하고 픽싱 스프레이로 마무리하는 것을 추천합니다.,외출 중 블로팅 페이퍼로 피지를 자주 관리하고 쿨링 토너로 진정시켜 주세요.,야외 일정이 많았는데 자외선이 강해서 워터프루프 아이라이너을 자주 덧발라야 했어요.
hyunwoo_92,아시아,라오스,열대기후,연수,★★☆☆☆,남성,23,바리스타,복합성,35°C (체감),82%,"워터프루프 선크림, 피지 컨트롤 파우더, 픽싱 미스트",매트한 베이스로 유분과 땀을 컨트롤하며 색조는 최소화하는 것이 좋습니다.,자외선 노출 후에는 진정 스프레이와 수분 시트마스크로 피부를 달래주는 것이 좋습니다.,고온다습한 날씨 탓에 피부 트러블이 갑자기 올라와서 당황했어요.
freshface_ing,아시아,라오스,열대기후,연수,★★★★☆,여성,30,프로그래머,복합성,30°C (체감),85%,"매트 선크림, 블로팅 페이퍼, 쿨링 토너",촉촉한 쿠션으로 습기에도 밀리지 않게 가볍게 표현하는 것을 추천합니다.,실내외 온습도 차이가 크므로 미스트로 수시로 수분을 보충해 주세요.,에어컨 실내와 습한 실외를 오가다 보니 피부 컨디션이 계속 오락가락했어요.
urbanexplorer01,아시아,라오스,열대기후,연수,★★★★☆,남성,37,프리랜서,복합성,32°C (체감),88%,"저자극 선크림, 진정 스프레이, 수분 시트마스크",색조보다는 톤업 선크림 위주로 산뜻하게 마무리하는 것을 권장합니다.,피지 분비가 많아지는 시기이므로 클레이 마스크로 주 1~2회 관리해 주는 것을 추천합니다.,습도가 정말 높아서 화장이 금방 무너졌어요. 저자극 선크림 없이는 하루도 버티기 힘들었어요.
oilyskin_mode,아시아,라오스,열대기후,연수,★★★☆☆,여성,44,디자이너,복합성,34°C (체감),75%,"가벼운 수분 선크림, 쿠션, 미스트",워터프루프 아이라이너와 마스카라로 땀과 습기에 대비하는 것이 좋습니다.,저녁에 이중세안을 꼭 하고 산뜻한 젤 타입 제품으로 유수분 밸런스를 유지하세요.,생각보다 더 더워서 땀 때문에 끈적임이 심했는데 가벼운 수분 선크림이 정말 큰 도움이 됐습니다.
makeupfan_92,아시아,라오스,열대기후,연수,★★★★★,남성,51,승무원,복합성,36°C (체감),78%,"워터프루프 아이라이너, 피지 흡수 패드, 쿨링 젤",얇은 베이스에 워터프루프 제품 위주로 메이크업하고 픽싱 스프레이로 마무리하는 것을 추천합니다.,외출 중 블로팅 페이퍼로 피지를 자주 관리하고 쿨링 토너로 진정시켜 주세요.,야외 일정이 많았는데 자외선이 강해서 워터프루프 아이라이너을 자주 덧발라야 했어요.
yeji_ing,아시아,라오스,열대기후,연수,★★★☆☆,여성,58,마케터,복합성,31°C (체감),81%,"워터프루프 선크림, 피지 컨트롤 파우더, 픽싱 미스트",매트한 베이스로 유분과 땀을 컨트롤하며 색조는 최소화하는 것이 좋습니다.,자외선 노출 후에는 진정 스프레이와 수분 시트마스크로 피부를 달래주는 것이 좋습니다.,고온다습한 날씨 탓에 피부 트러블이 갑자기 올라와서 당황했어요.
oilyskin88,아시아,라오스,열대기후,연수,★★★★★,남성,25,공무원,복합성,33°C (체감),84%,"매트 선크림, 블로팅 페이퍼, 쿨링 토너",촉촉한 쿠션으로 습기에도 밀리지 않게 가볍게 표현하는 것을 추천합니다.,실내외 온습도 차이가 크므로 미스트로 수시로 수분을 보충해 주세요.,에어컨 실내와 습한 실외를 오가다 보니 피부 컨디션이 계속 오락가락했어요.
quinn_official,아시아,라오스,열대기후,연수,★★★★★,여성,32,회계사,복합성,35°C (체감),87%,"저자극 선크림, 진정 스프레이, 수분 시트마스크",색조보다는 톤업 선크림 위주로 산뜻하게 마무리하는 것을 권장합니다.,피지 분비가 많아지는 시기이므로 클레이 마스크로 주 1~2회 관리해 주는 것을 추천합니다.,습도가 정말 높아서 화장이 금방 무너졌어요. 저자극 선크림 없이는 하루도 버티기 힘들었어요.
humidmood_k,아프리카,가나,열대기후,연수,★★★★★,남성,33,건축가,지성,34°C (체감),84%,"저자극 선크림, 진정 스프레이, 수분 시트마스크",색조보다는 톤업 선크림 위주로 산뜻하게 마무리하는 것을 권장합니다.,피지 분비가 많아지는 시기이므로 클레이 마스크로 주 1~2회 관리해 주는 것을 추천합니다.,습도가 정말 높아서 화장이 금방 무너졌어요. 저자극 선크림 없이는 하루도 버티기 힘들었어요.
hyejin88,아프리카,가나,열대기후,연수,★★★★★,여성,40,일러스트레이터,지성,36°C (체감),87%,"가벼운 수분 선크림, 쿠션, 미스트",워터프루프 아이라이너와 마스카라로 땀과 습기에 대비하는 것이 좋습니다.,저녁에 이중세안을 꼭 하고 산뜻한 젤 타입 제품으로 유수분 밸런스를 유지하세요.,생각보다 더 더워서 땀 때문에 끈적임이 심했는데 가벼운 수분 선크림이 정말 큰 도움이 됐습니다.
daon88,아프리카,가나,열대기후,연수,★★★★★,남성,47,회사원,지성,31°C (체감),90%,"워터프루프 아이라이너, 피지 흡수 패드, 쿨링 젤",얇은 베이스에 워터프루프 제품 위주로 메이크업하고 픽싱 스프레이로 마무리하는 것을 추천합니다.,외출 중 블로팅 페이퍼로 피지를 자주 관리하고 쿨링 토너로 진정시켜 주세요.,야외 일정이 많았는데 자외선이 강해서 워터프루프 아이라이너을 자주 덧발라야 했어요.
gina_92,아프리카,가나,열대기후,연수,★★★★★,여성,54,교사,지성,33°C (체감),77%,"워터프루프 선크림, 피지 컨트롤 파우더, 픽싱 미스트",매트한 베이스로 유분과 땀을 컨트롤하며 색조는 최소화하는 것이 좋습니다.,자외선 노출 후에는 진정 스프레이와 수분 시트마스크로 피부를 달래주는 것이 좋습니다.,고온다습한 날씨 탓에 피부 트러블이 갑자기 올라와서 당황했어요.
dewyskin_note,아프리카,가나,열대기후,연수,★★★☆☆,남성,21,요리사,지성,35°C (체감),80%,"매트 선크림, 블로팅 페이퍼, 쿨링 토너",촉촉한 쿠션으로 습기에도 밀리지 않게 가볍게 표현하는 것을 추천합니다.,실내외 온습도 차이가 크므로 미스트로 수시로 수분을 보충해 주세요.,에어컨 실내와 습한 실외를 오가다 보니 피부 컨디션이 계속 오락가락했어요.
humidmood99,아프리카,가나,열대기후,연수,★★★★★,여성,28,자영업,지성,30°C (체감),83%,"저자극 선크림, 진정 스프레이, 수분 시트마스크",색조보다는 톤업 선크림 위주로 산뜻하게 마무리하는 것을 권장합니다.,피지 분비가 많아지는 시기이므로 클레이 마스크로 주 1~2회 관리해 주는 것을 추천합니다.,습도가 정말 높아서 화장이 금방 무너졌어요. 저자극 선크림 없이는 하루도 버티기 힘들었어요.
iseul_zone,아프리카,가나,열대기후,연수,★★★★☆,남성,35,여행가이드,지성,32°C (체감),86%,"가벼운 수분 선크림, 쿠션, 미스트",워터프루프 아이라이너와 마스카라로 땀과 습기에 대비하는 것이 좋습니다.,저녁에 이중세안을 꼭 하고 산뜻한 젤 타입 제품으로 유수분 밸런스를 유지하세요.,생각보다 더 더워서 땀 때문에 끈적임이 심했는데 가벼운 수분 선크림이 정말 큰 도움이 됐습니다.
hyejin_diary,아프리카,가나,열대기후,연수,★★★★☆,여성,42,작가,지성,34°C (체감),89%,"워터프루프 아이라이너, 피지 흡수 패드, 쿨링 젤",얇은 베이스에 워터프루프 제품 위주로 메이크업하고 픽싱 스프레이로 마무리하는 것을 추천합니다.,외출 중 블로팅 페이퍼로 피지를 자주 관리하고 쿨링 토너로 진정시켜 주세요.,야외 일정이 많았는데 자외선이 강해서 워터프루프 아이라이너을 자주 덧발라야 했어요.
chorong_world,아프리카,가나,열대기후,연수,★★★☆☆,남성,49,연구원,지성,36°C (체감),76%,"워터프루프 선크림, 피지 컨트롤 파우더, 픽싱 미스트",매트한 베이스로 유분과 땀을 컨트롤하며 색조는 최소화하는 것이 좋습니다.,자외선 노출 후에는 진정 스프레이와 수분 시트마스크로 피부를 달래주는 것이 좋습니다.,고온다습한 날씨 탓에 피부 트러블이 갑자기 올라와서 당황했어요.
jiyeon_92,아프리카,가나,열대기후,연수,★★★☆☆,여성,56,바리스타,지성,31°C (체감),79%,"매트 선크림, 블로팅 페이퍼, 쿨링 토너",촉촉한 쿠션으로 습기에도 밀리지 않게 가볍게 표현하는 것을 추천합니다.,실내외 온습도 차이가 크므로 미스트로 수시로 수분을 보충해 주세요.,에어컨 실내와 습한 실외를 오가다 보니 피부 컨디션이 계속 오락가락했어요.
jieun_official,아프리카,탄자니아,열대기후,연수,★★★★☆,여성,32,승무원,건성,31°C (체감),83%,"매트 선크림, 블로팅 페이퍼, 쿨링 토너",촉촉한 쿠션으로 습기에도 밀리지 않게 가볍게 표현하는 것을 추천합니다.,실내외 온습도 차이가 크므로 미스트로 수시로 수분을 보충해 주세요.,에어컨 실내와 습한 실외를 오가다 보니 피부 컨디션이 계속 오락가락했어요.
jina_note,아프리카,탄자니아,열대기후,연수,★★★★★,남성,39,마케터,건성,33°C (체감),86%,"저자극 선크림, 진정 스프레이, 수분 시트마스크",색조보다는 톤업 선크림 위주로 산뜻하게 마무리하는 것을 권장합니다.,피지 분비가 많아지는 시기이므로 클레이 마스크로 주 1~2회 관리해 주는 것을 추천합니다.,습도가 정말 높아서 화장이 금방 무너졌어요. 저자극 선크림 없이는 하루도 버티기 힘들었어요.
luna23,아프리카,탄자니아,열대기후,연수,★★★☆☆,여성,46,공무원,건성,35°C (체감),89%,"가벼운 수분 선크림, 쿠션, 미스트",워터프루프 아이라이너와 마스카라로 땀과 습기에 대비하는 것이 좋습니다.,저녁에 이중세안을 꼭 하고 산뜻한 젤 타입 제품으로 유수분 밸런스를 유지하세요.,생각보다 더 더워서 땀 때문에 끈적임이 심했는데 가벼운 수분 선크림이 정말 큰 도움이 됐습니다.
sunkissed_log,아프리카,탄자니아,열대기후,연수,★★★★★,남성,53,회계사,건성,30°C (체감),76%,"워터프루프 아이라이너, 피지 흡수 패드, 쿨링 젤",얇은 베이스에 워터프루프 제품 위주로 메이크업하고 픽싱 스프레이로 마무리하는 것을 추천합니다.,외출 중 블로팅 페이퍼로 피지를 자주 관리하고 쿨링 토너로 진정시켜 주세요.,야외 일정이 많았는데 자외선이 강해서 워터프루프 아이라이너을 자주 덧발라야 했어요.
hydrated01,아프리카,탄자니아,열대기후,연수,★★☆☆☆,여성,20,수의사,건성,32°C (체감),79%,"워터프루프 선크림, 피지 컨트롤 파우더, 픽싱 미스트",매트한 베이스로 유분과 땀을 컨트롤하며 색조는 최소화하는 것이 좋습니다.,자외선 노출 후에는 진정 스프레이와 수분 시트마스크로 피부를 달래주는 것이 좋습니다.,고온다습한 날씨 탓에 피부 트러블이 갑자기 올라와서 당황했어요.
oilyskin_vibe,아프리카,탄자니아,열대기후,연수,★★★★★,남성,27,영업직,건성,34°C (체감),82%,"매트 선크림, 블로팅 페이퍼, 쿨링 토너",촉촉한 쿠션으로 습기에도 밀리지 않게 가볍게 표현하는 것을 추천합니다.,실내외 온습도 차이가 크므로 미스트로 수시로 수분을 보충해 주세요.,에어컨 실내와 습한 실외를 오가다 보니 피부 컨디션이 계속 오락가락했어요.
wanderlust99,아프리카,탄자니아,열대기후,연수,★★★★★,여성,34,대학생,건성,36°C (체감),85%,"저자극 선크림, 진정 스프레이, 수분 시트마스크",색조보다는 톤업 선크림 위주로 산뜻하게 마무리하는 것을 권장합니다.,피지 분비가 많아지는 시기이므로 클레이 마스크로 주 1~2회 관리해 주는 것을 추천합니다.,습도가 정말 높아서 화장이 금방 무너졌어요. 저자극 선크림 없이는 하루도 버티기 힘들었어요.
sunkissed_92,아프리카,탄자니아,열대기후,연수,★★★★★,남성,41,간호사,건성,31°C (체감),88%,"가벼운 수분 선크림, 쿠션, 미스트",워터프루프 아이라이너와 마스카라로 땀과 습기에 대비하는 것이 좋습니다.,저녁에 이중세안을 꼭 하고 산뜻한 젤 타입 제품으로 유수분 밸런스를 유지하세요.,생각보다 더 더워서 땀 때문에 끈적임이 심했는데 가벼운 수분 선크림이 정말 큰 도움이 됐습니다.
haeun_daily,아프리카,탄자니아,열대기후,연수,★★★★☆,여성,48,사진작가,건성,33°C (체감),75%,"워터프루프 아이라이너, 피지 흡수 패드, 쿨링 젤",얇은 베이스에 워터프루프 제품 위주로 메이크업하고 픽싱 스프레이로 마무리하는 것을 추천합니다.,외출 중 블로팅 페이퍼로 피지를 자주 관리하고 쿨링 토너로 진정시켜 주세요.,야외 일정이 많았는데 자외선이 강해서 워터프루프 아이라이너을 자주 덧발라야 했어요.
rina_story,아프리카,탄자니아,열대기후,연수,★★★☆☆,남성,55,엔지니어,건성,35°C (체감),78%,"워터프루프 선크림, 피지 컨트롤 파우더, 픽싱 미스트",매트한 베이스로 유분과 땀을 컨트롤하며 색조는 최소화하는 것이 좋습니다.,자외선 노출 후에는 진정 스프레이와 수분 시트마스크로 피부를 달래주는 것이 좋습니다.,고온다습한 날씨 탓에 피부 트러블이 갑자기 올라와서 당황했어요.
hayoung_zone,아시아,아프가니스탄,건조기후,경수,★★☆☆☆,남성,35,대학생,민감성,38°C (체감),26%,"수분 크림, 선쿠션, 진정 스프레이",촉촉한 베이스에 크림 타입 블러셔로 생기를 더하는 메이크업을 추천합니다.,강한 햇빛 대비 SPF 높은 제품을 사용하고 쿨링 미스트로 열감을 진정시켜 주세요.,건조한 바람 때문에 입술과 볼이 자주 텄어요. 수분 크림 없이는 힘들었을 것 같아요.
coolbreeze_log,아시아,아프가니스탄,건조기후,경수,★★★☆☆,여성,42,간호사,민감성,40°C (체감),29%,"고보습 선크림, 미스트, 영양 크림",메이크업은 최소화하고 톤업 선크림으로 자연스럽게 마무리하는 것을 권장합니다.,자외선 노출 후 진정 젤로 쿨다운하고 세럼으로 수분을 채워주는 것을 추천합니다.,햇빛이 강렬해서 선크림을 2~3시간마다 덧발라야 했어요.
subin_ing,아시아,아프가니스탄,건조기후,경수,★★★☆☆,남성,49,사진작가,민감성,28°C (체감),32%,"저자극 선크림, 진정 젤, 수분 세럼",가벼운 수분 쿠션으로 건조함을 커버하며 자연스러운 룩을 연출하세요.,낮은 습도로 인한 수분 손실을 막기 위해 고보습 크림을 겹겹이 발라주세요.,사막성 기후라 그런지 평소보다 피부가 훨씬 건조해지는 걸 느꼈어요.
toneuplife_life,아시아,아프가니스탄,건조기후,경수,★★★★★,여성,56,엔지니어,민감성,30°C (체감),15%,"수분 로션, 선크림, 핸드크림",고보습 베이스 제품으로 들뜸 없이 매끈한 피부 표현이 가능합니다.,입술과 손이 트기 쉬우므로 립밤과 핸드크림을 항상 휴대하는 것이 좋습니다.,낮은 습도 때문에 피부가 계속 당기고 화장이 들떴어요. 수분 로션이 필수였습니다.
eden_mode,아시아,아프가니스탄,건조기후,경수,★★★★★,남성,23,약사,민감성,32°C (체감),18%,"고SPF 선크림, 쿨링 미스트, 립밤",립 제품은 보습 밤 타입을 선택해 건조함으로 인한 각질을 예방하세요.,건조한 기후이므로 미스트를 수시로 뿌려 수분을 보충하는 것이 중요합니다.,일교차가 커서 낮에는 덥고 밤에는 쌀쌀해 피부가 예민해졌어요.
minjun_mode,아시아,아프가니스탄,건조기후,경수,★★★★★,여성,30,트레이너,민감성,34°C (체감),21%,"수분 크림, 선쿠션, 진정 스프레이",촉촉한 베이스에 크림 타입 블러셔로 생기를 더하는 메이크업을 추천합니다.,강한 햇빛 대비 SPF 높은 제품을 사용하고 쿨링 미스트로 열감을 진정시켜 주세요.,건조한 바람 때문에 입술과 볼이 자주 텄어요. 수분 크림 없이는 힘들었을 것 같아요.
mia_world,아시아,아프가니스탄,건조기후,경수,★★★★☆,남성,37,건축가,민감성,36°C (체감),24%,"고보습 선크림, 미스트, 영양 크림",메이크업은 최소화하고 톤업 선크림으로 자연스럽게 마무리하는 것을 권장합니다.,자외선 노출 후 진정 젤로 쿨다운하고 세럼으로 수분을 채워주는 것을 추천합니다.,햇빛이 강렬해서 선크림을 2~3시간마다 덧발라야 했어요.
haru_daily,아시아,아프가니스탄,건조기후,경수,★★☆☆☆,여성,44,일러스트레이터,민감성,38°C (체감),27%,"저자극 선크림, 진정 젤, 수분 세럼",가벼운 수분 쿠션으로 건조함을 커버하며 자연스러운 룩을 연출하세요.,낮은 습도로 인한 수분 손실을 막기 위해 고보습 크림을 겹겹이 발라주세요.,사막성 기후라 그런지 평소보다 피부가 훨씬 건조해지는 걸 느꼈어요.
sora23,아시아,아프가니스탄,건조기후,경수,★☆☆☆☆,남성,51,회사원,민감성,40°C (체감),30%,"수분 로션, 선크림, 핸드크림",고보습 베이스 제품으로 들뜸 없이 매끈한 피부 표현이 가능합니다.,입술과 손이 트기 쉬우므로 립밤과 핸드크림을 항상 휴대하는 것이 좋습니다.,낮은 습도 때문에 피부가 계속 당기고 화장이 들떴어요. 수분 로션이 필수였습니다.
fiona_k,아시아,아프가니스탄,건조기후,경수,★★★★★,여성,58,교사,민감성,28°C (체감),33%,"고SPF 선크림, 쿨링 미스트, 립밤",립 제품은 보습 밤 타입을 선택해 건조함으로 인한 각질을 예방하세요.,건조한 기후이므로 미스트를 수시로 뿌려 수분을 보충하는 것이 중요합니다.,일교차가 커서 낮에는 덥고 밤에는 쌀쌀해 피부가 예민해졌어요.
seojun_love,아프리카,알제리,건조기후,경수,★☆☆☆☆,여성,20,요리사,민감성,31°C (체감),31%,"수분 크림, 선쿠션, 진정 스프레이",촉촉한 베이스에 크림 타입 블러셔로 생기를 더하는 메이크업을 추천합니다.,강한 햇빛 대비 SPF 높은 제품을 사용하고 쿨링 미스트로 열감을 진정시켜 주세요.,건조한 바람 때문에 입술과 볼이 자주 텄어요. 수분 크림 없이는 힘들었을 것 같아요.
travelbug88,아프리카,알제리,건조기후,경수,★★☆☆☆,남성,27,자영업,민감성,33°C (체감),34%,"고보습 선크림, 미스트, 영양 크림",메이크업은 최소화하고 톤업 선크림으로 자연스럽게 마무리하는 것을 권장합니다.,자외선 노출 후 진정 젤로 쿨다운하고 세럼으로 수분을 채워주는 것을 추천합니다.,햇빛이 강렬해서 선크림을 2~3시간마다 덧발라야 했어요.
haeri01,아프리카,알제리,건조기후,경수,★★★★☆,여성,34,여행가이드,민감성,35°C (체감),17%,"저자극 선크림, 진정 젤, 수분 세럼",가벼운 수분 쿠션으로 건조함을 커버하며 자연스러운 룩을 연출하세요.,낮은 습도로 인한 수분 손실을 막기 위해 고보습 크림을 겹겹이 발라주세요.,사막성 기후라 그런지 평소보다 피부가 훨씬 건조해지는 걸 느꼈어요.
suji_zone,아프리카,알제리,건조기후,경수,★★★☆☆,남성,41,작가,민감성,37°C (체감),20%,"수분 로션, 선크림, 핸드크림",고보습 베이스 제품으로 들뜸 없이 매끈한 피부 표현이 가능합니다.,입술과 손이 트기 쉬우므로 립밤과 핸드크림을 항상 휴대하는 것이 좋습니다.,낮은 습도 때문에 피부가 계속 당기고 화장이 들떴어요. 수분 로션이 필수였습니다.
bomi_official,아프리카,알제리,건조기후,경수,★★★☆☆,여성,48,연구원,민감성,39°C (체감),23%,"고SPF 선크림, 쿨링 미스트, 립밤",립 제품은 보습 밤 타입을 선택해 건조함으로 인한 각질을 예방하세요.,건조한 기후이므로 미스트를 수시로 뿌려 수분을 보충하는 것이 중요합니다.,일교차가 커서 낮에는 덥고 밤에는 쌀쌀해 피부가 예민해졌어요.
nari_diary,아프리카,알제리,건조기후,경수,★★★★★,남성,55,바리스타,민감성,41°C (체감),26%,"수분 크림, 선쿠션, 진정 스프레이",촉촉한 베이스에 크림 타입 블러셔로 생기를 더하는 메이크업을 추천합니다.,강한 햇빛 대비 SPF 높은 제품을 사용하고 쿨링 미스트로 열감을 진정시켜 주세요.,건조한 바람 때문에 입술과 볼이 자주 텄어요. 수분 크림 없이는 힘들었을 것 같아요.
citywalker_story,아프리카,알제리,건조기후,경수,★★★★☆,여성,22,프로그래머,민감성,29°C (체감),29%,"고보습 선크림, 미스트, 영양 크림",메이크업은 최소화하고 톤업 선크림으로 자연스럽게 마무리하는 것을 권장합니다.,자외선 노출 후 진정 젤로 쿨다운하고 세럼으로 수분을 채워주는 것을 추천합니다.,햇빛이 강렬해서 선크림을 2~3시간마다 덧발라야 했어요.
hydrationqueen_note,아프리카,알제리,건조기후,경수,★☆☆☆☆,남성,29,프리랜서,민감성,31°C (체감),32%,"저자극 선크림, 진정 젤, 수분 세럼",가벼운 수분 쿠션으로 건조함을 커버하며 자연스러운 룩을 연출하세요.,낮은 습도로 인한 수분 손실을 막기 위해 고보습 크림을 겹겹이 발라주세요.,사막성 기후라 그런지 평소보다 피부가 훨씬 건조해지는 걸 느꼈어요.
suncareguru_official,아프리카,알제리,건조기후,경수,★★☆☆☆,여성,36,디자이너,민감성,33°C (체감),15%,"수분 로션, 선크림, 핸드크림",고보습 베이스 제품으로 들뜸 없이 매끈한 피부 표현이 가능합니다.,입술과 손이 트기 쉬우므로 립밤과 핸드크림을 항상 휴대하는 것이 좋습니다.,낮은 습도 때문에 피부가 계속 당기고 화장이 들떴어요. 수분 로션이 필수였습니다.
jisoo_note,아프리카,알제리,건조기후,경수,★★☆☆☆,남성,43,승무원,민감성,35°C (체감),18%,"고SPF 선크림, 쿨링 미스트, 립밤",립 제품은 보습 밤 타입을 선택해 건조함으로 인한 각질을 예방하세요.,건조한 기후이므로 미스트를 수시로 뿌려 수분을 보충하는 것이 중요합니다.,일교차가 커서 낮에는 덥고 밤에는 쌀쌀해 피부가 예민해졌어요.
globetrotter_ing,아프리카,리비아,건조기후,경수,★★★★★,남성,29,회사원,복합성,36°C (체감),20%,"고SPF 선크림, 쿨링 미스트, 립밤",립 제품은 보습 밤 타입을 선택해 건조함으로 인한 각질을 예방하세요.,건조한 기후이므로 미스트를 수시로 뿌려 수분을 보충하는 것이 중요합니다.,일교차가 커서 낮에는 덥고 밤에는 쌀쌀해 피부가 예민해졌어요.
dryskin_92,아프리카,리비아,건조기후,경수,★★★☆☆,여성,36,교사,복합성,38°C (체감),23%,"수분 크림, 선쿠션, 진정 스프레이",촉촉한 베이스에 크림 타입 블러셔로 생기를 더하는 메이크업을 추천합니다.,강한 햇빛 대비 SPF 높은 제품을 사용하고 쿨링 미스트로 열감을 진정시켜 주세요.,건조한 바람 때문에 입술과 볼이 자주 텄어요. 수분 크림 없이는 힘들었을 것 같아요.
yerin88,아프리카,리비아,건조기후,경수,★★★★☆,남성,43,요리사,복합성,40°C (체감),26%,"고보습 선크림, 미스트, 영양 크림",메이크업은 최소화하고 톤업 선크림으로 자연스럽게 마무리하는 것을 권장합니다.,자외선 노출 후 진정 젤로 쿨다운하고 세럼으로 수분을 채워주는 것을 추천합니다.,햇빛이 강렬해서 선크림을 2~3시간마다 덧발라야 했어요.
mountainhiker_official,아프리카,리비아,건조기후,경수,★★☆☆☆,여성,50,자영업,복합성,28°C (체감),29%,"저자극 선크림, 진정 젤, 수분 세럼",가벼운 수분 쿠션으로 건조함을 커버하며 자연스러운 룩을 연출하세요.,낮은 습도로 인한 수분 손실을 막기 위해 고보습 크림을 겹겹이 발라주세요.,사막성 기후라 그런지 평소보다 피부가 훨씬 건조해지는 걸 느꼈어요.
softskin_log,아프리카,리비아,건조기후,경수,★★★★★,남성,57,여행가이드,복합성,30°C (체감),32%,"수분 로션, 선크림, 핸드크림",고보습 베이스 제품으로 들뜸 없이 매끈한 피부 표현이 가능합니다.,입술과 손이 트기 쉬우므로 립밤과 핸드크림을 항상 휴대하는 것이 좋습니다.,낮은 습도 때문에 피부가 계속 당기고 화장이 들떴어요. 수분 로션이 필수였습니다.
wanderlust_mode,아프리카,리비아,건조기후,경수,★★★★☆,여성,24,작가,복합성,32°C (체감),15%,"고SPF 선크림, 쿨링 미스트, 립밤",립 제품은 보습 밤 타입을 선택해 건조함으로 인한 각질을 예방하세요.,건조한 기후이므로 미스트를 수시로 뿌려 수분을 보충하는 것이 중요합니다.,일교차가 커서 낮에는 덥고 밤에는 쌀쌀해 피부가 예민해졌어요.
eunwoo01,아프리카,리비아,건조기후,경수,★★★★★,남성,31,연구원,복합성,34°C (체감),18%,"수분 크림, 선쿠션, 진정 스프레이",촉촉한 베이스에 크림 타입 블러셔로 생기를 더하는 메이크업을 추천합니다.,강한 햇빛 대비 SPF 높은 제품을 사용하고 쿨링 미스트로 열감을 진정시켜 주세요.,건조한 바람 때문에 입술과 볼이 자주 텄어요. 수분 크림 없이는 힘들었을 것 같아요.
hana_diary,아프리카,리비아,건조기후,경수,★★★☆☆,여성,38,바리스타,복합성,36°C (체감),21%,"고보습 선크림, 미스트, 영양 크림",메이크업은 최소화하고 톤업 선크림으로 자연스럽게 마무리하는 것을 권장합니다.,자외선 노출 후 진정 젤로 쿨다운하고 세럼으로 수분을 채워주는 것을 추천합니다.,햇빛이 강렬해서 선크림을 2~3시간마다 덧발라야 했어요.
tintedlips_mode,아프리카,리비아,건조기후,경수,★★★☆☆,남성,45,프로그래머,복합성,38°C (체감),24%,"저자극 선크림, 진정 젤, 수분 세럼",가벼운 수분 쿠션으로 건조함을 커버하며 자연스러운 룩을 연출하세요.,낮은 습도로 인한 수분 손실을 막기 위해 고보습 크림을 겹겹이 발라주세요.,사막성 기후라 그런지 평소보다 피부가 훨씬 건조해지는 걸 느꼈어요.
sunkissed_k,아프리카,리비아,건조기후,경수,★★★★★,여성,52,프리랜서,복합성,40°C (체감),27%,"수분 로션, 선크림, 핸드크림",고보습 베이스 제품으로 들뜸 없이 매끈한 피부 표현이 가능합니다.,입술과 손이 트기 쉬우므로 립밤과 핸드크림을 항상 휴대하는 것이 좋습니다.,낮은 습도 때문에 피부가 계속 당기고 화장이 들떴어요. 수분 로션이 필수였습니다.
radiantme_92,아시아,요르단,건조기후,경수,★★★★★,여성,26,일러스트레이터,복합성,29°C (체감),17%,"고보습 선크림, 미스트, 영양 크림",메이크업은 최소화하고 톤업 선크림으로 자연스럽게 마무리하는 것을 권장합니다.,자외선 노출 후 진정 젤로 쿨다운하고 세럼으로 수분을 채워주는 것을 추천합니다.,햇빛이 강렬해서 선크림을 2~3시간마다 덧발라야 했어요.
hyunwoo_vibe,아시아,요르단,건조기후,경수,★★★★★,남성,33,회사원,민감성,31°C (체감),20%,"저자극 선크림, 진정 젤, 수분 세럼",가벼운 수분 쿠션으로 건조함을 커버하며 자연스러운 룩을 연출하세요.,낮은 습도로 인한 수분 손실을 막기 위해 고보습 크림을 겹겹이 발라주세요.,사막성 기후라 그런지 평소보다 피부가 훨씬 건조해지는 걸 느꼈어요.
hydrationqueen_log,아시아,요르단,건조기후,경수,★★★★☆,여성,40,교사,건성,33°C (체감),23%,"수분 로션, 선크림, 핸드크림",고보습 베이스 제품으로 들뜸 없이 매끈한 피부 표현이 가능합니다.,입술과 손이 트기 쉬우므로 립밤과 핸드크림을 항상 휴대하는 것이 좋습니다.,낮은 습도 때문에 피부가 계속 당기고 화장이 들떴어요. 수분 로션이 필수였습니다.
funtraveler_story,아시아,요르단,건조기후,경수,★★★★☆,남성,47,요리사,지성,35°C (체감),26%,"고SPF 선크림, 쿨링 미스트, 립밤",립 제품은 보습 밤 타입을 선택해 건조함으로 인한 각질을 예방하세요.,건조한 기후이므로 미스트를 수시로 뿌려 수분을 보충하는 것이 중요합니다.,일교차가 커서 낮에는 덥고 밤에는 쌀쌀해 피부가 예민해졌어요.
citywalker_k,아시아,요르단,건조기후,경수,★★★★★,여성,54,자영업,복합성,37°C (체감),29%,"수분 크림, 선쿠션, 진정 스프레이",촉촉한 베이스에 크림 타입 블러셔로 생기를 더하는 메이크업을 추천합니다.,강한 햇빛 대비 SPF 높은 제품을 사용하고 쿨링 미스트로 열감을 진정시켜 주세요.,건조한 바람 때문에 입술과 볼이 자주 텄어요. 수분 크림 없이는 힘들었을 것 같아요.
areum_ing,아시아,요르단,건조기후,경수,★☆☆☆☆,남성,21,여행가이드,민감성,39°C (체감),32%,"고보습 선크림, 미스트, 영양 크림",메이크업은 최소화하고 톤업 선크림으로 자연스럽게 마무리하는 것을 권장합니다.,자외선 노출 후 진정 젤로 쿨다운하고 세럼으로 수분을 채워주는 것을 추천합니다.,햇빛이 강렬해서 선크림을 2~3시간마다 덧발라야 했어요.
beachbum_mode,아시아,요르단,건조기후,경수,★☆☆☆☆,여성,28,작가,건성,41°C (체감),15%,"저자극 선크림, 진정 젤, 수분 세럼",가벼운 수분 쿠션으로 건조함을 커버하며 자연스러운 룩을 연출하세요.,낮은 습도로 인한 수분 손실을 막기 위해 고보습 크림을 겹겹이 발라주세요.,사막성 기후라 그런지 평소보다 피부가 훨씬 건조해지는 걸 느꼈어요.
jihoon99,아시아,요르단,건조기후,경수,★★★★☆,남성,35,연구원,지성,29°C (체감),18%,"수분 로션, 선크림, 핸드크림",고보습 베이스 제품으로 들뜸 없이 매끈한 피부 표현이 가능합니다.,입술과 손이 트기 쉬우므로 립밤과 핸드크림을 항상 휴대하는 것이 좋습니다.,낮은 습도 때문에 피부가 계속 당기고 화장이 들떴어요. 수분 로션이 필수였습니다.
quinn23,아시아,요르단,건조기후,경수,★★★★☆,여성,42,바리스타,복합성,31°C (체감),21%,"고SPF 선크림, 쿨링 미스트, 립밤",립 제품은 보습 밤 타입을 선택해 건조함으로 인한 각질을 예방하세요.,건조한 기후이므로 미스트를 수시로 뿌려 수분을 보충하는 것이 중요합니다.,일교차가 커서 낮에는 덥고 밤에는 쌀쌀해 피부가 예민해졌어요.
minseo_92,아시아,요르단,건조기후,경수,★★★★☆,남성,49,프로그래머,민감성,33°C (체감),24%,"수분 크림, 선쿠션, 진정 스프레이",촉촉한 베이스에 크림 타입 블러셔로 생기를 더하는 메이크업을 추천합니다.,강한 햇빛 대비 SPF 높은 제품을 사용하고 쿨링 미스트로 열감을 진정시켜 주세요.,건조한 바람 때문에 입술과 볼이 자주 텄어요. 수분 크림 없이는 힘들었을 것 같아요.
oilyskin23,아시아,쿠웨이트,건조기후,경수,★★★★☆,남성,51,여행가이드,건성,40°C (체감),22%,"고보습 선크림, 미스트, 영양 크림",메이크업은 최소화하고 톤업 선크림으로 자연스럽게 마무리하는 것을 권장합니다.,자외선 노출 후 진정 젤로 쿨다운하고 세럼으로 수분을 채워주는 것을 추천합니다.,햇빛이 강렬해서 선크림을 2~3시간마다 덧발라야 했어요.
toneuplife88,아시아,쿠웨이트,건조기후,경수,★★★★☆,여성,58,작가,지성,28°C (체감),25%,"저자극 선크림, 진정 젤, 수분 세럼",가벼운 수분 쿠션으로 건조함을 커버하며 자연스러운 룩을 연출하세요.,낮은 습도로 인한 수분 손실을 막기 위해 고보습 크림을 겹겹이 발라주세요.,사막성 기후라 그런지 평소보다 피부가 훨씬 건조해지는 걸 느꼈어요.
mountainhiker_diary,아시아,쿠웨이트,건조기후,경수,★★★★☆,남성,25,연구원,복합성,30°C (체감),28%,"수분 로션, 선크림, 핸드크림",고보습 베이스 제품으로 들뜸 없이 매끈한 피부 표현이 가능합니다.,입술과 손이 트기 쉬우므로 립밤과 핸드크림을 항상 휴대하는 것이 좋습니다.,낮은 습도 때문에 피부가 계속 당기고 화장이 들떴어요. 수분 로션이 필수였습니다.
hydrated_vibe,아시아,쿠웨이트,건조기후,경수,★★★☆☆,여성,32,바리스타,민감성,32°C (체감),31%,"고SPF 선크림, 쿨링 미스트, 립밤",립 제품은 보습 밤 타입을 선택해 건조함으로 인한 각질을 예방하세요.,건조한 기후이므로 미스트를 수시로 뿌려 수분을 보충하는 것이 중요합니다.,일교차가 커서 낮에는 덥고 밤에는 쌀쌀해 피부가 예민해졌어요.
daon99,아시아,쿠웨이트,건조기후,경수,★★★★★,남성,39,프로그래머,건성,34°C (체감),34%,"수분 크림, 선쿠션, 진정 스프레이",촉촉한 베이스에 크림 타입 블러셔로 생기를 더하는 메이크업을 추천합니다.,강한 햇빛 대비 SPF 높은 제품을 사용하고 쿨링 미스트로 열감을 진정시켜 주세요.,건조한 바람 때문에 입술과 볼이 자주 텄어요. 수분 크림 없이는 힘들었을 것 같아요.
jieun_story,아시아,쿠웨이트,건조기후,경수,★★★★★,여성,46,프리랜서,지성,36°C (체감),17%,"고보습 선크림, 미스트, 영양 크림",메이크업은 최소화하고 톤업 선크림으로 자연스럽게 마무리하는 것을 권장합니다.,자외선 노출 후 진정 젤로 쿨다운하고 세럼으로 수분을 채워주는 것을 추천합니다.,햇빛이 강렬해서 선크림을 2~3시간마다 덧발라야 했어요.
toneuplife_zone,아시아,쿠웨이트,건조기후,경수,★★★☆☆,남성,53,디자이너,복합성,38°C (체감),20%,"저자극 선크림, 진정 젤, 수분 세럼",가벼운 수분 쿠션으로 건조함을 커버하며 자연스러운 룩을 연출하세요.,낮은 습도로 인한 수분 손실을 막기 위해 고보습 크림을 겹겹이 발라주세요.,사막성 기후라 그런지 평소보다 피부가 훨씬 건조해지는 걸 느꼈어요.
jina_ing,아시아,쿠웨이트,건조기후,경수,★★★★★,여성,20,승무원,민감성,40°C (체감),23%,"수분 로션, 선크림, 핸드크림",고보습 베이스 제품으로 들뜸 없이 매끈한 피부 표현이 가능합니다.,입술과 손이 트기 쉬우므로 립밤과 핸드크림을 항상 휴대하는 것이 좋습니다.,낮은 습도 때문에 피부가 계속 당기고 화장이 들떴어요. 수분 로션이 필수였습니다.
jaewon_story,아시아,쿠웨이트,건조기후,경수,★★★★★,남성,27,마케터,건성,28°C (체감),26%,"고SPF 선크림, 쿨링 미스트, 립밤",립 제품은 보습 밤 타입을 선택해 건조함으로 인한 각질을 예방하세요.,건조한 기후이므로 미스트를 수시로 뿌려 수분을 보충하는 것이 중요합니다.,일교차가 커서 낮에는 덥고 밤에는 쌀쌀해 피부가 예민해졌어요.
chorong_k,아시아,쿠웨이트,건조기후,경수,★★☆☆☆,여성,34,공무원,지성,30°C (체감),29%,"수분 크림, 선쿠션, 진정 스프레이",촉촉한 베이스에 크림 타입 블러셔로 생기를 더하는 메이크업을 추천합니다.,강한 햇빛 대비 SPF 높은 제품을 사용하고 쿨링 미스트로 열감을 진정시켜 주세요.,건조한 바람 때문에 입술과 볼이 자주 텄어요. 수분 크림 없이는 힘들었을 것 같아요.
somin_log,아시아,이라크,건조기후,경수,★★★★★,남성,57,교사,건성,32°C (체감),28%,"저자극 선크림, 진정 젤, 수분 세럼",가벼운 수분 쿠션으로 건조함을 커버하며 자연스러운 룩을 연출하세요.,낮은 습도로 인한 수분 손실을 막기 위해 고보습 크림을 겹겹이 발라주세요.,사막성 기후라 그런지 평소보다 피부가 훨씬 건조해지는 걸 느꼈어요.
wanderlust23,아시아,이라크,건조기후,경수,★★★★☆,여성,24,요리사,건성,34°C (체감),31%,"수분 로션, 선크림, 핸드크림",고보습 베이스 제품으로 들뜸 없이 매끈한 피부 표현이 가능합니다.,입술과 손이 트기 쉬우므로 립밤과 핸드크림을 항상 휴대하는 것이 좋습니다.,낮은 습도 때문에 피부가 계속 당기고 화장이 들떴어요. 수분 로션이 필수였습니다.
passportready01,아시아,이라크,건조기후,경수,★★★★★,남성,31,자영업,건성,36°C (체감),34%,"고SPF 선크림, 쿨링 미스트, 립밤",립 제품은 보습 밤 타입을 선택해 건조함으로 인한 각질을 예방하세요.,건조한 기후이므로 미스트를 수시로 뿌려 수분을 보충하는 것이 중요합니다.,일교차가 커서 낮에는 덥고 밤에는 쌀쌀해 피부가 예민해졌어요.
seoyeon99,아시아,이라크,건조기후,경수,★★★★★,여성,38,여행가이드,건성,38°C (체감),17%,"수분 크림, 선쿠션, 진정 스프레이",촉촉한 베이스에 크림 타입 블러셔로 생기를 더하는 메이크업을 추천합니다.,강한 햇빛 대비 SPF 높은 제품을 사용하고 쿨링 미스트로 열감을 진정시켜 주세요.,건조한 바람 때문에 입술과 볼이 자주 텄어요. 수분 크림 없이는 힘들었을 것 같아요.
hydrationqueen_ing,아시아,이라크,건조기후,경수,★★★★☆,남성,45,작가,건성,40°C (체감),20%,"고보습 선크림, 미스트, 영양 크림",메이크업은 최소화하고 톤업 선크림으로 자연스럽게 마무리하는 것을 권장합니다.,자외선 노출 후 진정 젤로 쿨다운하고 세럼으로 수분을 채워주는 것을 추천합니다.,햇빛이 강렬해서 선크림을 2~3시간마다 덧발라야 했어요.
humidmood_story,아시아,이라크,건조기후,경수,★★★★☆,여성,52,연구원,건성,28°C (체감),23%,"저자극 선크림, 진정 젤, 수분 세럼",가벼운 수분 쿠션으로 건조함을 커버하며 자연스러운 룩을 연출하세요.,낮은 습도로 인한 수분 손실을 막기 위해 고보습 크림을 겹겹이 발라주세요.,사막성 기후라 그런지 평소보다 피부가 훨씬 건조해지는 걸 느꼈어요.
toneuplife_love,아시아,이라크,건조기후,경수,★★★★★,남성,59,바리스타,건성,30°C (체감),26%,"수분 로션, 선크림, 핸드크림",고보습 베이스 제품으로 들뜸 없이 매끈한 피부 표현이 가능합니다.,입술과 손이 트기 쉬우므로 립밤과 핸드크림을 항상 휴대하는 것이 좋습니다.,낮은 습도 때문에 피부가 계속 당기고 화장이 들떴어요. 수분 로션이 필수였습니다.
yoonseo88,아시아,이라크,건조기후,경수,★★★★☆,여성,26,프로그래머,건성,32°C (체감),29%,"고SPF 선크림, 쿨링 미스트, 립밤",립 제품은 보습 밤 타입을 선택해 건조함으로 인한 각질을 예방하세요.,건조한 기후이므로 미스트를 수시로 뿌려 수분을 보충하는 것이 중요합니다.,일교차가 커서 낮에는 덥고 밤에는 쌀쌀해 피부가 예민해졌어요.
eden_note,아시아,이라크,건조기후,경수,★★★★★,남성,33,프리랜서,건성,34°C (체감),32%,"수분 크림, 선쿠션, 진정 스프레이",촉촉한 베이스에 크림 타입 블러셔로 생기를 더하는 메이크업을 추천합니다.,강한 햇빛 대비 SPF 높은 제품을 사용하고 쿨링 미스트로 열감을 진정시켜 주세요.,건조한 바람 때문에 입술과 볼이 자주 텄어요. 수분 크림 없이는 힘들었을 것 같아요.
mattefinish_log,아시아,이라크,건조기후,경수,★★★★★,여성,40,디자이너,건성,36°C (체감),15%,"고보습 선크림, 미스트, 영양 크림",메이크업은 최소화하고 톤업 선크림으로 자연스럽게 마무리하는 것을 권장합니다.,자외선 노출 후 진정 젤로 쿨다운하고 세럼으로 수분을 채워주는 것을 추천합니다.,햇빛이 강렬해서 선크림을 2~3시간마다 덧발라야 했어요.
eden_diary,아시아,이란,건조기후,경수,★★★★★,남성,47,승무원,건성,34°C (체감),18%,"저자극 선크림, 진정 젤, 수분 세럼",가벼운 수분 쿠션으로 건조함을 커버하며 자연스러운 룩을 연출하세요.,낮은 습도로 인한 수분 손실을 막기 위해 고보습 크림을 겹겹이 발라주세요.,사막성 기후라 그런지 평소보다 피부가 훨씬 건조해지는 걸 느꼈어요.
hayoung_vibe,아시아,이란,건조기후,경수,★★★★★,여성,54,마케터,건성,36°C (체감),21%,"수분 로션, 선크림, 핸드크림",고보습 베이스 제품으로 들뜸 없이 매끈한 피부 표현이 가능합니다.,입술과 손이 트기 쉬우므로 립밤과 핸드크림을 항상 휴대하는 것이 좋습니다.,낮은 습도 때문에 피부가 계속 당기고 화장이 들떴어요. 수분 로션이 필수였습니다.
hydrated_note,아시아,이란,건조기후,경수,★★★★★,남성,21,공무원,건성,38°C (체감),24%,"고SPF 선크림, 쿨링 미스트, 립밤",립 제품은 보습 밤 타입을 선택해 건조함으로 인한 각질을 예방하세요.,건조한 기후이므로 미스트를 수시로 뿌려 수분을 보충하는 것이 중요합니다.,일교차가 커서 낮에는 덥고 밤에는 쌀쌀해 피부가 예민해졌어요.
eunji_ing,아시아,이란,건조기후,경수,★★★★★,여성,28,회계사,건성,40°C (체감),27%,"수분 크림, 선쿠션, 진정 스프레이",촉촉한 베이스에 크림 타입 블러셔로 생기를 더하는 메이크업을 추천합니다.,강한 햇빛 대비 SPF 높은 제품을 사용하고 쿨링 미스트로 열감을 진정시켜 주세요.,건조한 바람 때문에 입술과 볼이 자주 텄어요. 수분 크림 없이는 힘들었을 것 같아요.
jieun_diary,아시아,이란,건조기후,경수,★★★☆☆,남성,35,수의사,건성,28°C (체감),30%,"고보습 선크림, 미스트, 영양 크림",메이크업은 최소화하고 톤업 선크림으로 자연스럽게 마무리하는 것을 권장합니다.,자외선 노출 후 진정 젤로 쿨다운하고 세럼으로 수분을 채워주는 것을 추천합니다.,햇빛이 강렬해서 선크림을 2~3시간마다 덧발라야 했어요.
barefaced_world,아시아,이란,건조기후,경수,★★★☆☆,여성,42,영업직,건성,30°C (체감),33%,"저자극 선크림, 진정 젤, 수분 세럼",가벼운 수분 쿠션으로 건조함을 커버하며 자연스러운 룩을 연출하세요.,낮은 습도로 인한 수분 손실을 막기 위해 고보습 크림을 겹겹이 발라주세요.,사막성 기후라 그런지 평소보다 피부가 훨씬 건조해지는 걸 느꼈어요.
bomi_daily,아시아,이란,건조기후,경수,★★★★☆,남성,49,대학생,건성,32°C (체감),16%,"수분 로션, 선크림, 핸드크림",고보습 베이스 제품으로 들뜸 없이 매끈한 피부 표현이 가능합니다.,입술과 손이 트기 쉬우므로 립밤과 핸드크림을 항상 휴대하는 것이 좋습니다.,낮은 습도 때문에 피부가 계속 당기고 화장이 들떴어요. 수분 로션이 필수였습니다.
tintedlips_world,아시아,이란,건조기후,경수,★★★☆☆,여성,56,간호사,건성,34°C (체감),19%,"고SPF 선크림, 쿨링 미스트, 립밤",립 제품은 보습 밤 타입을 선택해 건조함으로 인한 각질을 예방하세요.,건조한 기후이므로 미스트를 수시로 뿌려 수분을 보충하는 것이 중요합니다.,일교차가 커서 낮에는 덥고 밤에는 쌀쌀해 피부가 예민해졌어요.
travelbug_daily,아시아,이란,건조기후,경수,★★★☆☆,남성,23,사진작가,건성,36°C (체감),22%,"수분 크림, 선쿠션, 진정 스프레이",촉촉한 베이스에 크림 타입 블러셔로 생기를 더하는 메이크업을 추천합니다.,강한 햇빛 대비 SPF 높은 제품을 사용하고 쿨링 미스트로 열감을 진정시켜 주세요.,건조한 바람 때문에 입술과 볼이 자주 텄어요. 수분 크림 없이는 힘들었을 것 같아요.
moisturemax_official,아시아,이란,건조기후,경수,★★★★★,여성,30,엔지니어,건성,38°C (체감),25%,"고보습 선크림, 미스트, 영양 크림",메이크업은 최소화하고 톤업 선크림으로 자연스럽게 마무리하는 것을 권장합니다.,자외선 노출 후 진정 젤로 쿨다운하고 세럼으로 수분을 채워주는 것을 추천합니다.,햇빛이 강렬해서 선크림을 2~3시간마다 덧발라야 했어요.
glowup01,아시아,파키스탄,건조기후,경수,★★★★☆,여성,36,회계사,복합성,29°C (체감),27%,"고보습 선크림, 미스트, 영양 크림",메이크업은 최소화하고 톤업 선크림으로 자연스럽게 마무리하는 것을 권장합니다.,자외선 노출 후 진정 젤로 쿨다운하고 세럼으로 수분을 채워주는 것을 추천합니다.,햇빛이 강렬해서 선크림을 2~3시간마다 덧발라야 했어요.
eden_official,아시아,파키스탄,건조기후,경수,★★★☆☆,남성,43,수의사,민감성,31°C (체감),30%,"저자극 선크림, 진정 젤, 수분 세럼",가벼운 수분 쿠션으로 건조함을 커버하며 자연스러운 룩을 연출하세요.,낮은 습도로 인한 수분 손실을 막기 위해 고보습 크림을 겹겹이 발라주세요.,사막성 기후라 그런지 평소보다 피부가 훨씬 건조해지는 걸 느꼈어요.
dohyun_k,아시아,파키스탄,건조기후,경수,★★★★☆,여성,50,영업직,건성,33°C (체감),33%,"수분 로션, 선크림, 핸드크림",고보습 베이스 제품으로 들뜸 없이 매끈한 피부 표현이 가능합니다.,입술과 손이 트기 쉬우므로 립밤과 핸드크림을 항상 휴대하는 것이 좋습니다.,낮은 습도 때문에 피부가 계속 당기고 화장이 들떴어요. 수분 로션이 필수였습니다.
haeun_love,아시아,파키스탄,건조기후,경수,★★★☆☆,남성,57,대학생,지성,35°C (체감),16%,"고SPF 선크림, 쿨링 미스트, 립밤",립 제품은 보습 밤 타입을 선택해 건조함으로 인한 각질을 예방하세요.,건조한 기후이므로 미스트를 수시로 뿌려 수분을 보충하는 것이 중요합니다.,일교차가 커서 낮에는 덥고 밤에는 쌀쌀해 피부가 예민해졌어요.
hyunwoo_zone,아시아,파키스탄,건조기후,경수,★★★★☆,여성,24,간호사,복합성,37°C (체감),19%,"수분 크림, 선쿠션, 진정 스프레이",촉촉한 베이스에 크림 타입 블러셔로 생기를 더하는 메이크업을 추천합니다.,강한 햇빛 대비 SPF 높은 제품을 사용하고 쿨링 미스트로 열감을 진정시켜 주세요.,건조한 바람 때문에 입술과 볼이 자주 텄어요. 수분 크림 없이는 힘들었을 것 같아요.
hyerin_daily,아시아,파키스탄,건조기후,경수,★★☆☆☆,남성,31,사진작가,민감성,39°C (체감),22%,"고보습 선크림, 미스트, 영양 크림",메이크업은 최소화하고 톤업 선크림으로 자연스럽게 마무리하는 것을 권장합니다.,자외선 노출 후 진정 젤로 쿨다운하고 세럼으로 수분을 채워주는 것을 추천합니다.,햇빛이 강렬해서 선크림을 2~3시간마다 덧발라야 했어요.
humidmood_daily,아시아,파키스탄,건조기후,경수,★★★★★,여성,38,엔지니어,건성,41°C (체감),25%,"저자극 선크림, 진정 젤, 수분 세럼",가벼운 수분 쿠션으로 건조함을 커버하며 자연스러운 룩을 연출하세요.,낮은 습도로 인한 수분 손실을 막기 위해 고보습 크림을 겹겹이 발라주세요.,사막성 기후라 그런지 평소보다 피부가 훨씬 건조해지는 걸 느꼈어요.
dailyglow99,아시아,파키스탄,건조기후,경수,★★★☆☆,남성,45,약사,지성,29°C (체감),28%,"수분 로션, 선크림, 핸드크림",고보습 베이스 제품으로 들뜸 없이 매끈한 피부 표현이 가능합니다.,입술과 손이 트기 쉬우므로 립밤과 핸드크림을 항상 휴대하는 것이 좋습니다.,낮은 습도 때문에 피부가 계속 당기고 화장이 들떴어요. 수분 로션이 필수였습니다.
weekendtrip_zone,아시아,파키스탄,건조기후,경수,★☆☆☆☆,여성,52,트레이너,복합성,31°C (체감),31%,"고SPF 선크림, 쿨링 미스트, 립밤",립 제품은 보습 밤 타입을 선택해 건조함으로 인한 각질을 예방하세요.,건조한 기후이므로 미스트를 수시로 뿌려 수분을 보충하는 것이 중요합니다.,일교차가 커서 낮에는 덥고 밤에는 쌀쌀해 피부가 예민해졌어요.
chaewon_life,아시아,파키스탄,건조기후,경수,★★★★☆,남성,59,건축가,민감성,33°C (체감),34%,"수분 크림, 선쿠션, 진정 스프레이",촉촉한 베이스에 크림 타입 블러셔로 생기를 더하는 메이크업을 추천합니다.,강한 햇빛 대비 SPF 높은 제품을 사용하고 쿨링 미스트로 열감을 진정시켜 주세요.,건조한 바람 때문에 입술과 볼이 자주 텄어요. 수분 크림 없이는 힘들었을 것 같아요.
softskin_note,아시아,카자흐스탄,건조기후,경수,★★☆☆☆,여성,22,연구원,건성,37°C (체감),33%,"저자극 선크림, 진정 젤, 수분 세럼",가벼운 수분 쿠션으로 건조함을 커버하며 자연스러운 룩을 연출하세요.,낮은 습도로 인한 수분 손실을 막기 위해 고보습 크림을 겹겹이 발라주세요.,사막성 기후라 그런지 평소보다 피부가 훨씬 건조해지는 걸 느꼈어요.
tropicalgirl_92,아시아,카자흐스탄,건조기후,경수,★★★★★,남성,29,바리스타,건성,39°C (체감),16%,"수분 로션, 선크림, 핸드크림",고보습 베이스 제품으로 들뜸 없이 매끈한 피부 표현이 가능합니다.,입술과 손이 트기 쉬우므로 립밤과 핸드크림을 항상 휴대하는 것이 좋습니다.,낮은 습도 때문에 피부가 계속 당기고 화장이 들떴어요. 수분 로션이 필수였습니다.
serumfan_daily,아시아,카자흐스탄,건조기후,경수,★★★☆☆,여성,36,프로그래머,건성,41°C (체감),19%,"고SPF 선크림, 쿨링 미스트, 립밤",립 제품은 보습 밤 타입을 선택해 건조함으로 인한 각질을 예방하세요.,건조한 기후이므로 미스트를 수시로 뿌려 수분을 보충하는 것이 중요합니다.,일교차가 커서 낮에는 덥고 밤에는 쌀쌀해 피부가 예민해졌어요.
makeupfan01,아시아,카자흐스탄,건조기후,경수,★★★★★,남성,43,프리랜서,건성,29°C (체감),22%,"수분 크림, 선쿠션, 진정 스프레이",촉촉한 베이스에 크림 타입 블러셔로 생기를 더하는 메이크업을 추천합니다.,강한 햇빛 대비 SPF 높은 제품을 사용하고 쿨링 미스트로 열감을 진정시켜 주세요.,건조한 바람 때문에 입술과 볼이 자주 텄어요. 수분 크림 없이는 힘들었을 것 같아요.
travelbug_k,아시아,카자흐스탄,건조기후,경수,★★★☆☆,여성,50,디자이너,건성,31°C (체감),25%,"고보습 선크림, 미스트, 영양 크림",메이크업은 최소화하고 톤업 선크림으로 자연스럽게 마무리하는 것을 권장합니다.,자외선 노출 후 진정 젤로 쿨다운하고 세럼으로 수분을 채워주는 것을 추천합니다.,햇빛이 강렬해서 선크림을 2~3시간마다 덧발라야 했어요.
urbanexplorer_world,아시아,카자흐스탄,건조기후,경수,★★★★☆,남성,57,승무원,건성,33°C (체감),28%,"저자극 선크림, 진정 젤, 수분 세럼",가벼운 수분 쿠션으로 건조함을 커버하며 자연스러운 룩을 연출하세요.,낮은 습도로 인한 수분 손실을 막기 위해 고보습 크림을 겹겹이 발라주세요.,사막성 기후라 그런지 평소보다 피부가 훨씬 건조해지는 걸 느꼈어요.
sunny_diary,아시아,카자흐스탄,건조기후,경수,★★★★☆,여성,24,마케터,건성,35°C (체감),31%,"수분 로션, 선크림, 핸드크림",고보습 베이스 제품으로 들뜸 없이 매끈한 피부 표현이 가능합니다.,입술과 손이 트기 쉬우므로 립밤과 핸드크림을 항상 휴대하는 것이 좋습니다.,낮은 습도 때문에 피부가 계속 당기고 화장이 들떴어요. 수분 로션이 필수였습니다.
jihoon_story,아시아,카자흐스탄,건조기후,경수,★★★★★,남성,31,공무원,건성,37°C (체감),34%,"고SPF 선크림, 쿨링 미스트, 립밤",립 제품은 보습 밤 타입을 선택해 건조함으로 인한 각질을 예방하세요.,건조한 기후이므로 미스트를 수시로 뿌려 수분을 보충하는 것이 중요합니다.,일교차가 커서 낮에는 덥고 밤에는 쌀쌀해 피부가 예민해졌어요.
chaewon_diary,아시아,카자흐스탄,건조기후,경수,★★★★★,여성,38,회계사,건성,39°C (체감),17%,"수분 크림, 선쿠션, 진정 스프레이",촉촉한 베이스에 크림 타입 블러셔로 생기를 더하는 메이크업을 추천합니다.,강한 햇빛 대비 SPF 높은 제품을 사용하고 쿨링 미스트로 열감을 진정시켜 주세요.,건조한 바람 때문에 입술과 볼이 자주 텄어요. 수분 크림 없이는 힘들었을 것 같아요.
jiho01,아시아,카자흐스탄,건조기후,경수,★★☆☆☆,남성,45,수의사,건성,41°C (체감),20%,"고보습 선크림, 미스트, 영양 크림",메이크업은 최소화하고 톤업 선크림으로 자연스럽게 마무리하는 것을 권장합니다.,자외선 노출 후 진정 젤로 쿨다운하고 세럼으로 수분을 채워주는 것을 추천합니다.,햇빛이 강렬해서 선크림을 2~3시간마다 덧발라야 했어요.
fiona_official,아프리카,튀니지,건조기후,경수,★★★★☆,남성,45,요리사,민감성,28°C (체감),16%,"수분 크림, 선쿠션, 진정 스프레이",촉촉한 베이스에 크림 타입 블러셔로 생기를 더하는 메이크업을 추천합니다.,강한 햇빛 대비 SPF 높은 제품을 사용하고 쿨링 미스트로 열감을 진정시켜 주세요.,건조한 바람 때문에 입술과 볼이 자주 텄어요. 수분 크림 없이는 힘들었을 것 같아요.
glowup_note,아프리카,튀니지,건조기후,경수,★★★★☆,여성,52,자영업,민감성,30°C (체감),19%,"고보습 선크림, 미스트, 영양 크림",메이크업은 최소화하고 톤업 선크림으로 자연스럽게 마무리하는 것을 권장합니다.,자외선 노출 후 진정 젤로 쿨다운하고 세럼으로 수분을 채워주는 것을 추천합니다.,햇빛이 강렬해서 선크림을 2~3시간마다 덧발라야 했어요.
minho_log,아프리카,튀니지,건조기후,경수,★★★★★,남성,59,여행가이드,민감성,32°C (체감),22%,"저자극 선크림, 진정 젤, 수분 세럼",가벼운 수분 쿠션으로 건조함을 커버하며 자연스러운 룩을 연출하세요.,낮은 습도로 인한 수분 손실을 막기 위해 고보습 크림을 겹겹이 발라주세요.,사막성 기후라 그런지 평소보다 피부가 훨씬 건조해지는 걸 느꼈어요.
coolbreeze_love,아프리카,튀니지,건조기후,경수,★★★★★,여성,26,작가,민감성,34°C (체감),25%,"수분 로션, 선크림, 핸드크림",고보습 베이스 제품으로 들뜸 없이 매끈한 피부 표현이 가능합니다.,입술과 손이 트기 쉬우므로 립밤과 핸드크림을 항상 휴대하는 것이 좋습니다.,낮은 습도 때문에 피부가 계속 당기고 화장이 들떴어요. 수분 로션이 필수였습니다.
dewyskin_diary,아프리카,튀니지,건조기후,경수,★☆☆☆☆,남성,33,연구원,민감성,36°C (체감),28%,"고SPF 선크림, 쿨링 미스트, 립밤",립 제품은 보습 밤 타입을 선택해 건조함으로 인한 각질을 예방하세요.,건조한 기후이므로 미스트를 수시로 뿌려 수분을 보충하는 것이 중요합니다.,일교차가 커서 낮에는 덥고 밤에는 쌀쌀해 피부가 예민해졌어요.
taeyang_life,아프리카,튀니지,건조기후,경수,★★★★★,여성,40,바리스타,민감성,38°C (체감),31%,"수분 크림, 선쿠션, 진정 스프레이",촉촉한 베이스에 크림 타입 블러셔로 생기를 더하는 메이크업을 추천합니다.,강한 햇빛 대비 SPF 높은 제품을 사용하고 쿨링 미스트로 열감을 진정시켜 주세요.,건조한 바람 때문에 입술과 볼이 자주 텄어요. 수분 크림 없이는 힘들었을 것 같아요.
freshface_mode,아프리카,튀니지,건조기후,경수,★★★★☆,남성,47,프로그래머,민감성,40°C (체감),34%,"고보습 선크림, 미스트, 영양 크림",메이크업은 최소화하고 톤업 선크림으로 자연스럽게 마무리하는 것을 권장합니다.,자외선 노출 후 진정 젤로 쿨다운하고 세럼으로 수분을 채워주는 것을 추천합니다.,햇빛이 강렬해서 선크림을 2~3시간마다 덧발라야 했어요.
travelbug_note,아프리카,튀니지,건조기후,경수,★★★☆☆,여성,54,프리랜서,민감성,28°C (체감),17%,"저자극 선크림, 진정 젤, 수분 세럼",가벼운 수분 쿠션으로 건조함을 커버하며 자연스러운 룩을 연출하세요.,낮은 습도로 인한 수분 손실을 막기 위해 고보습 크림을 겹겹이 발라주세요.,사막성 기후라 그런지 평소보다 피부가 훨씬 건조해지는 걸 느꼈어요.
dohyun_zone,아프리카,튀니지,건조기후,경수,★★★★☆,남성,21,디자이너,민감성,30°C (체감),20%,"수분 로션, 선크림, 핸드크림",고보습 베이스 제품으로 들뜸 없이 매끈한 피부 표현이 가능합니다.,입술과 손이 트기 쉬우므로 립밤과 핸드크림을 항상 휴대하는 것이 좋습니다.,낮은 습도 때문에 피부가 계속 당기고 화장이 들떴어요. 수분 로션이 필수였습니다.
mia_note,아프리카,튀니지,건조기후,경수,★★★★☆,여성,28,승무원,민감성,32°C (체감),23%,"고SPF 선크림, 쿨링 미스트, 립밤",립 제품은 보습 밤 타입을 선택해 건조함으로 인한 각질을 예방하세요.,건조한 기후이므로 미스트를 수시로 뿌려 수분을 보충하는 것이 중요합니다.,일교차가 커서 낮에는 덥고 밤에는 쌀쌀해 피부가 예민해졌어요.
coolbreeze_story,아시아,오만,건조기후,경수,★☆☆☆☆,여성,54,회사원,복합성,29°C (체감),25%,"고SPF 선크림, 쿨링 미스트, 립밤",립 제품은 보습 밤 타입을 선택해 건조함으로 인한 각질을 예방하세요.,건조한 기후이므로 미스트를 수시로 뿌려 수분을 보충하는 것이 중요합니다.,일교차가 커서 낮에는 덥고 밤에는 쌀쌀해 피부가 예민해졌어요.
yuna_official,아시아,오만,건조기후,경수,★★★☆☆,남성,21,교사,복합성,31°C (체감),28%,"수분 크림, 선쿠션, 진정 스프레이",촉촉한 베이스에 크림 타입 블러셔로 생기를 더하는 메이크업을 추천합니다.,강한 햇빛 대비 SPF 높은 제품을 사용하고 쿨링 미스트로 열감을 진정시켜 주세요.,건조한 바람 때문에 입술과 볼이 자주 텄어요. 수분 크림 없이는 힘들었을 것 같아요.
hydrationqueen_world,아시아,오만,건조기후,경수,★★★★★,여성,28,요리사,복합성,33°C (체감),31%,"고보습 선크림, 미스트, 영양 크림",메이크업은 최소화하고 톤업 선크림으로 자연스럽게 마무리하는 것을 권장합니다.,자외선 노출 후 진정 젤로 쿨다운하고 세럼으로 수분을 채워주는 것을 추천합니다.,햇빛이 강렬해서 선크림을 2~3시간마다 덧발라야 했어요.
cushionfan01,아시아,오만,건조기후,경수,★★★★☆,남성,35,자영업,복합성,35°C (체감),34%,"저자극 선크림, 진정 젤, 수분 세럼",가벼운 수분 쿠션으로 건조함을 커버하며 자연스러운 룩을 연출하세요.,낮은 습도로 인한 수분 손실을 막기 위해 고보습 크림을 겹겹이 발라주세요.,사막성 기후라 그런지 평소보다 피부가 훨씬 건조해지는 걸 느꼈어요.
wanderlust_zone,아시아,오만,건조기후,경수,★★★★☆,여성,42,여행가이드,복합성,37°C (체감),17%,"수분 로션, 선크림, 핸드크림",고보습 베이스 제품으로 들뜸 없이 매끈한 피부 표현이 가능합니다.,입술과 손이 트기 쉬우므로 립밤과 핸드크림을 항상 휴대하는 것이 좋습니다.,낮은 습도 때문에 피부가 계속 당기고 화장이 들떴어요. 수분 로션이 필수였습니다.
jina_story,아시아,오만,건조기후,경수,★★★☆☆,남성,49,작가,복합성,39°C (체감),20%,"고SPF 선크림, 쿨링 미스트, 립밤",립 제품은 보습 밤 타입을 선택해 건조함으로 인한 각질을 예방하세요.,건조한 기후이므로 미스트를 수시로 뿌려 수분을 보충하는 것이 중요합니다.,일교차가 커서 낮에는 덥고 밤에는 쌀쌀해 피부가 예민해졌어요.
mountainhiker_vibe,아시아,오만,건조기후,경수,★★★☆☆,여성,56,연구원,복합성,41°C (체감),23%,"수분 크림, 선쿠션, 진정 스프레이",촉촉한 베이스에 크림 타입 블러셔로 생기를 더하는 메이크업을 추천합니다.,강한 햇빛 대비 SPF 높은 제품을 사용하고 쿨링 미스트로 열감을 진정시켜 주세요.,건조한 바람 때문에 입술과 볼이 자주 텄어요. 수분 크림 없이는 힘들었을 것 같아요.
hydrationqueen_k,아시아,오만,건조기후,경수,★★★★★,남성,23,바리스타,복합성,29°C (체감),26%,"고보습 선크림, 미스트, 영양 크림",메이크업은 최소화하고 톤업 선크림으로 자연스럽게 마무리하는 것을 권장합니다.,자외선 노출 후 진정 젤로 쿨다운하고 세럼으로 수분을 채워주는 것을 추천합니다.,햇빛이 강렬해서 선크림을 2~3시간마다 덧발라야 했어요.
mistyday_official,아시아,오만,건조기후,경수,★★★☆☆,여성,30,프로그래머,복합성,31°C (체감),29%,"저자극 선크림, 진정 젤, 수분 세럼",가벼운 수분 쿠션으로 건조함을 커버하며 자연스러운 룩을 연출하세요.,낮은 습도로 인한 수분 손실을 막기 위해 고보습 크림을 겹겹이 발라주세요.,사막성 기후라 그런지 평소보다 피부가 훨씬 건조해지는 걸 느꼈어요.
yerin07,아시아,오만,건조기후,경수,★★★★☆,남성,37,프리랜서,복합성,33°C (체감),32%,"수분 로션, 선크림, 핸드크림",고보습 베이스 제품으로 들뜸 없이 매끈한 피부 표현이 가능합니다.,입술과 손이 트기 쉬우므로 립밤과 핸드크림을 항상 휴대하는 것이 좋습니다.,낮은 습도 때문에 피부가 계속 당기고 화장이 들떴어요. 수분 로션이 필수였습니다.
desertrose_mode,유럽,벨기에,온대기후,경수,★★★★★,남성,51,여행가이드,건성,27°C (체감),52%,"수분 크림, 선크림, 립밤",가벼운 톤업로션 정도로 자연스럽게 표현하는 메이크업이 잘 어울립니다.,일교차로 예민해지기 쉬운 피부에는 저자극 진정 라인 사용을 권장합니다.,생각보다 자외선이 강해서 선크림을 안 쓰면 금방 붉어졌어요.
olivia_story,유럽,벨기에,온대기후,경수,★★★★★,여성,58,작가,지성,15°C (체감),55%,"올인원 로션, 선크림, 미스트",저자극 톤업크림 위주로 하고 색조는 최소화하는 것을 권장합니다.,실내 난방·냉방으로 건조해지기 쉬우니 블로팅 페이퍼와 미스트를 함께 챙기세요.,쾌적한 날씨였지만 건조해서 립밤과 수분크림을 자주 발라야 했어요.
hydrationqueen01,유럽,벨기에,온대기후,경수,★★★★☆,남성,25,연구원,복합성,17°C (체감),58%,"저자극 크림, 진정 토너, 수분 마스크팩",가벼운 산뜻한 로션 타입으로 유분이 적은 제품 위주로 사용하세요.,실내외 온도차가 큰 날에는 수분크림을 자주 덧발라 주는 것이 좋습니다.,일교차가 커서 아침저녁으로 피부 컨디션이 완전히 달랐어요. 저자극 크림이 도움이 됐어요.
soojin_92,유럽,벨기에,온대기후,경수,★★★★★,여성,32,바리스타,민감성,19°C (체감),61%,"산뜻한 로션, 선크림, 블로팅 페이퍼",촉촉한 선쿠션과 립틴트로 화사한 인상을 연출할 수 있습니다.,일교차가 크므로 수분 크림으로 아침저녁 보습을 꼼꼼히 챙겨주세요.,날씨는 선선했는데 실내 난방 때문에 오히려 피부가 건조하고 번들거렸어요.
kyla_zone,유럽,벨기에,온대기후,경수,★★★☆☆,남성,39,프로그래머,건성,21°C (체감),64%,"수분 크림, 립틴트, 선쿠션",촉촉한 쿠션과 크림 블러셔로 생기 있는 룩을 연출하는 것을 추천합니다.,환절기 피부 컨디션 변화에 대비해 올인원 로션으로 간편하게 보습을 유지하세요.,사계절이 뚜렷한 곳이라 그런지 여행 기간 내내 온도 변화에 신경 써야 했어요.
eden_life,유럽,벨기에,온대기후,경수,★☆☆☆☆,여성,46,프리랜서,지성,23°C (체감),47%,"수분 크림, 선크림, 립밤",가벼운 톤업로션 정도로 자연스럽게 표현하는 메이크업이 잘 어울립니다.,일교차로 예민해지기 쉬운 피부에는 저자극 진정 라인 사용을 권장합니다.,생각보다 자외선이 강해서 선크림을 안 쓰면 금방 붉어졌어요.
radiantme_zone,유럽,벨기에,온대기후,경수,★★☆☆☆,남성,53,디자이너,복합성,25°C (체감),50%,"올인원 로션, 선크림, 미스트",저자극 톤업크림 위주로 하고 색조는 최소화하는 것을 권장합니다.,실내 난방·냉방으로 건조해지기 쉬우니 블로팅 페이퍼와 미스트를 함께 챙기세요.,쾌적한 날씨였지만 건조해서 립밤과 수분크림을 자주 발라야 했어요.
globetrotter_daily,유럽,벨기에,온대기후,경수,★★★★☆,여성,20,승무원,민감성,27°C (체감),53%,"저자극 크림, 진정 토너, 수분 마스크팩",가벼운 산뜻한 로션 타입으로 유분이 적은 제품 위주로 사용하세요.,실내외 온도차가 큰 날에는 수분크림을 자주 덧발라 주는 것이 좋습니다.,일교차가 커서 아침저녁으로 피부 컨디션이 완전히 달랐어요. 저자극 크림이 도움이 됐어요.
jisoo23,유럽,벨기에,온대기후,경수,★★☆☆☆,남성,27,마케터,건성,15°C (체감),56%,"산뜻한 로션, 선크림, 블로팅 페이퍼",촉촉한 선쿠션과 립틴트로 화사한 인상을 연출할 수 있습니다.,일교차가 크므로 수분 크림으로 아침저녁 보습을 꼼꼼히 챙겨주세요.,날씨는 선선했는데 실내 난방 때문에 오히려 피부가 건조하고 번들거렸어요.
jetsetter99,유럽,벨기에,온대기후,경수,★★★★☆,여성,34,공무원,지성,17°C (체감),59%,"수분 크림, 립틴트, 선쿠션",촉촉한 쿠션과 크림 블러셔로 생기 있는 룩을 연출하는 것을 추천합니다.,환절기 피부 컨디션 변화에 대비해 올인원 로션으로 간편하게 보습을 유지하세요.,사계절이 뚜렷한 곳이라 그런지 여행 기간 내내 온도 변화에 신경 써야 했어요.
fiona88,유럽,덴마크,온대기후,경수,★★★★☆,여성,42,영업직,건성,22°C (체감),63%,"올인원 로션, 선크림, 미스트",저자극 톤업크림 위주로 하고 색조는 최소화하는 것을 권장합니다.,실내 난방·냉방으로 건조해지기 쉬우니 블로팅 페이퍼와 미스트를 함께 챙기세요.,쾌적한 날씨였지만 건조해서 립밤과 수분크림을 자주 발라야 했어요.
eden_daily,유럽,덴마크,온대기후,경수,★★☆☆☆,남성,49,대학생,건성,24°C (체감),46%,"저자극 크림, 진정 토너, 수분 마스크팩",가벼운 산뜻한 로션 타입으로 유분이 적은 제품 위주로 사용하세요.,실내외 온도차가 큰 날에는 수분크림을 자주 덧발라 주는 것이 좋습니다.,일교차가 커서 아침저녁으로 피부 컨디션이 완전히 달랐어요. 저자극 크림이 도움이 됐어요.
jieun23,유럽,덴마크,온대기후,경수,★★★★★,여성,56,간호사,건성,26°C (체감),49%,"산뜻한 로션, 선크림, 블로팅 페이퍼",촉촉한 선쿠션과 립틴트로 화사한 인상을 연출할 수 있습니다.,일교차가 크므로 수분 크림으로 아침저녁 보습을 꼼꼼히 챙겨주세요.,날씨는 선선했는데 실내 난방 때문에 오히려 피부가 건조하고 번들거렸어요.
jaewon_92,유럽,덴마크,온대기후,경수,★★★★☆,남성,23,사진작가,건성,28°C (체감),52%,"수분 크림, 립틴트, 선쿠션",촉촉한 쿠션과 크림 블러셔로 생기 있는 룩을 연출하는 것을 추천합니다.,환절기 피부 컨디션 변화에 대비해 올인원 로션으로 간편하게 보습을 유지하세요.,사계절이 뚜렷한 곳이라 그런지 여행 기간 내내 온도 변화에 신경 써야 했어요.
urbanexplorer_official,유럽,덴마크,온대기후,경수,★★★★☆,여성,30,엔지니어,건성,16°C (체감),55%,"수분 크림, 선크림, 립밤",가벼운 톤업로션 정도로 자연스럽게 표현하는 메이크업이 잘 어울립니다.,일교차로 예민해지기 쉬운 피부에는 저자극 진정 라인 사용을 권장합니다.,생각보다 자외선이 강해서 선크림을 안 쓰면 금방 붉어졌어요.
haeun_story,유럽,덴마크,온대기후,경수,★★★★★,남성,37,약사,건성,18°C (체감),58%,"올인원 로션, 선크림, 미스트",저자극 톤업크림 위주로 하고 색조는 최소화하는 것을 권장합니다.,실내 난방·냉방으로 건조해지기 쉬우니 블로팅 페이퍼와 미스트를 함께 챙기세요.,쾌적한 날씨였지만 건조해서 립밤과 수분크림을 자주 발라야 했어요.
hyunwoo23,유럽,덴마크,온대기후,경수,★★★★☆,여성,44,트레이너,건성,20°C (체감),61%,"저자극 크림, 진정 토너, 수분 마스크팩",가벼운 산뜻한 로션 타입으로 유분이 적은 제품 위주로 사용하세요.,실내외 온도차가 큰 날에는 수분크림을 자주 덧발라 주는 것이 좋습니다.,일교차가 커서 아침저녁으로 피부 컨디션이 완전히 달랐어요. 저자극 크림이 도움이 됐어요.
soojin23,유럽,덴마크,온대기후,경수,★★★★★,남성,51,건축가,건성,22°C (체감),64%,"산뜻한 로션, 선크림, 블로팅 페이퍼",촉촉한 선쿠션과 립틴트로 화사한 인상을 연출할 수 있습니다.,일교차가 크므로 수분 크림으로 아침저녁 보습을 꼼꼼히 챙겨주세요.,날씨는 선선했는데 실내 난방 때문에 오히려 피부가 건조하고 번들거렸어요.
nayeon23,유럽,덴마크,온대기후,경수,★★★☆☆,여성,58,일러스트레이터,건성,24°C (체감),47%,"수분 크림, 립틴트, 선쿠션",촉촉한 쿠션과 크림 블러셔로 생기 있는 룩을 연출하는 것을 추천합니다.,환절기 피부 컨디션 변화에 대비해 올인원 로션으로 간편하게 보습을 유지하세요.,사계절이 뚜렷한 곳이라 그런지 여행 기간 내내 온도 변화에 신경 써야 했어요.
cloudnine_world,유럽,덴마크,온대기후,경수,★☆☆☆☆,남성,25,회사원,건성,26°C (체감),50%,"수분 크림, 선크림, 립밤",가벼운 톤업로션 정도로 자연스럽게 표현하는 메이크업이 잘 어울립니다.,일교차로 예민해지기 쉬운 피부에는 저자극 진정 라인 사용을 권장합니다.,생각보다 자외선이 강해서 선크림을 안 쓰면 금방 붉어졌어요.
jaewon_note,유럽,아일랜드,온대기후,연수,★★★★★,남성,25,대학생,민감성,23°C (체감),46%,"수분 크림, 립틴트, 선쿠션",촉촉한 쿠션과 크림 블러셔로 생기 있는 룩을 연출하는 것을 추천합니다.,환절기 피부 컨디션 변화에 대비해 올인원 로션으로 간편하게 보습을 유지하세요.,사계절이 뚜렷한 곳이라 그런지 여행 기간 내내 온도 변화에 신경 써야 했어요.
sunnytraveler_note,유럽,아일랜드,온대기후,연수,★★★★★,여성,32,간호사,민감성,25°C (체감),49%,"수분 크림, 선크림, 립밤",가벼운 톤업로션 정도로 자연스럽게 표현하는 메이크업이 잘 어울립니다.,일교차로 예민해지기 쉬운 피부에는 저자극 진정 라인 사용을 권장합니다.,생각보다 자외선이 강해서 선크림을 안 쓰면 금방 붉어졌어요.
soojin_official,유럽,아일랜드,온대기후,연수,★★★★★,남성,39,사진작가,민감성,27°C (체감),52%,"올인원 로션, 선크림, 미스트",저자극 톤업크림 위주로 하고 색조는 최소화하는 것을 권장합니다.,실내 난방·냉방으로 건조해지기 쉬우니 블로팅 페이퍼와 미스트를 함께 챙기세요.,쾌적한 날씨였지만 건조해서 립밤과 수분크림을 자주 발라야 했어요.
hayoung_mode,유럽,아일랜드,온대기후,연수,★★★☆☆,여성,46,엔지니어,민감성,15°C (체감),55%,"저자극 크림, 진정 토너, 수분 마스크팩",가벼운 산뜻한 로션 타입으로 유분이 적은 제품 위주로 사용하세요.,실내외 온도차가 큰 날에는 수분크림을 자주 덧발라 주는 것이 좋습니다.,일교차가 커서 아침저녁으로 피부 컨디션이 완전히 달랐어요. 저자극 크림이 도움이 됐어요.
freshface_life,유럽,아일랜드,온대기후,연수,★★★★★,남성,53,약사,민감성,17°C (체감),58%,"산뜻한 로션, 선크림, 블로팅 페이퍼",촉촉한 선쿠션과 립틴트로 화사한 인상을 연출할 수 있습니다.,일교차가 크므로 수분 크림으로 아침저녁 보습을 꼼꼼히 챙겨주세요.,날씨는 선선했는데 실내 난방 때문에 오히려 피부가 건조하고 번들거렸어요.
jaewon_world,유럽,아일랜드,온대기후,연수,★★★☆☆,여성,20,트레이너,민감성,19°C (체감),61%,"수분 크림, 립틴트, 선쿠션",촉촉한 쿠션과 크림 블러셔로 생기 있는 룩을 연출하는 것을 추천합니다.,환절기 피부 컨디션 변화에 대비해 올인원 로션으로 간편하게 보습을 유지하세요.,사계절이 뚜렷한 곳이라 그런지 여행 기간 내내 온도 변화에 신경 써야 했어요.
jetsetter_official,유럽,아일랜드,온대기후,연수,★★★★★,남성,27,건축가,민감성,21°C (체감),64%,"수분 크림, 선크림, 립밤",가벼운 톤업로션 정도로 자연스럽게 표현하는 메이크업이 잘 어울립니다.,일교차로 예민해지기 쉬운 피부에는 저자극 진정 라인 사용을 권장합니다.,생각보다 자외선이 강해서 선크림을 안 쓰면 금방 붉어졌어요.
fiona_zone,유럽,아일랜드,온대기후,연수,★★★★☆,여성,34,일러스트레이터,민감성,23°C (체감),47%,"올인원 로션, 선크림, 미스트",저자극 톤업크림 위주로 하고 색조는 최소화하는 것을 권장합니다.,실내 난방·냉방으로 건조해지기 쉬우니 블로팅 페이퍼와 미스트를 함께 챙기세요.,쾌적한 날씨였지만 건조해서 립밤과 수분크림을 자주 발라야 했어요.
balmaddict_world,유럽,아일랜드,온대기후,연수,★★★☆☆,남성,41,회사원,민감성,25°C (체감),50%,"저자극 크림, 진정 토너, 수분 마스크팩",가벼운 산뜻한 로션 타입으로 유분이 적은 제품 위주로 사용하세요.,실내외 온도차가 큰 날에는 수분크림을 자주 덧발라 주는 것이 좋습니다.,일교차가 커서 아침저녁으로 피부 컨디션이 완전히 달랐어요. 저자극 크림이 도움이 됐어요.
hayoung_k,유럽,아일랜드,온대기후,연수,★★★☆☆,여성,48,교사,민감성,27°C (체감),53%,"산뜻한 로션, 선크림, 블로팅 페이퍼",촉촉한 선쿠션과 립틴트로 화사한 인상을 연출할 수 있습니다.,일교차가 크므로 수분 크림으로 아침저녁 보습을 꼼꼼히 챙겨주세요.,날씨는 선선했는데 실내 난방 때문에 오히려 피부가 건조하고 번들거렸어요.
chillmode_diary,유럽,몰타,온대기후,경수,★★★★★,여성,30,요리사,민감성,16°C (체감),51%,"수분 크림, 립틴트, 선쿠션",촉촉한 쿠션과 크림 블러셔로 생기 있는 룩을 연출하는 것을 추천합니다.,환절기 피부 컨디션 변화에 대비해 올인원 로션으로 간편하게 보습을 유지하세요.,사계절이 뚜렷한 곳이라 그런지 여행 기간 내내 온도 변화에 신경 써야 했어요.
minseo_story,유럽,몰타,온대기후,경수,★☆☆☆☆,남성,37,자영업,민감성,18°C (체감),54%,"수분 크림, 선크림, 립밤",가벼운 톤업로션 정도로 자연스럽게 표현하는 메이크업이 잘 어울립니다.,일교차로 예민해지기 쉬운 피부에는 저자극 진정 라인 사용을 권장합니다.,생각보다 자외선이 강해서 선크림을 안 쓰면 금방 붉어졌어요.
eunwoo_mode,유럽,몰타,온대기후,경수,★★★☆☆,여성,44,여행가이드,민감성,20°C (체감),57%,"올인원 로션, 선크림, 미스트",저자극 톤업크림 위주로 하고 색조는 최소화하는 것을 권장합니다.,실내 난방·냉방으로 건조해지기 쉬우니 블로팅 페이퍼와 미스트를 함께 챙기세요.,쾌적한 날씨였지만 건조해서 립밤과 수분크림을 자주 발라야 했어요.
globetrotter_92,유럽,몰타,온대기후,경수,★★★★☆,남성,51,작가,민감성,22°C (체감),60%,"저자극 크림, 진정 토너, 수분 마스크팩",가벼운 산뜻한 로션 타입으로 유분이 적은 제품 위주로 사용하세요.,실내외 온도차가 큰 날에는 수분크림을 자주 덧발라 주는 것이 좋습니다.,일교차가 커서 아침저녁으로 피부 컨디션이 완전히 달랐어요. 저자극 크림이 도움이 됐어요.
jisoo88,유럽,몰타,온대기후,경수,★★☆☆☆,여성,58,연구원,민감성,24°C (체감),63%,"산뜻한 로션, 선크림, 블로팅 페이퍼",촉촉한 선쿠션과 립틴트로 화사한 인상을 연출할 수 있습니다.,일교차가 크므로 수분 크림으로 아침저녁 보습을 꼼꼼히 챙겨주세요.,날씨는 선선했는데 실내 난방 때문에 오히려 피부가 건조하고 번들거렸어요.
softskin_k,유럽,몰타,온대기후,경수,★★★★☆,남성,25,바리스타,민감성,26°C (체감),46%,"수분 크림, 립틴트, 선쿠션",촉촉한 쿠션과 크림 블러셔로 생기 있는 룩을 연출하는 것을 추천합니다.,환절기 피부 컨디션 변화에 대비해 올인원 로션으로 간편하게 보습을 유지하세요.,사계절이 뚜렷한 곳이라 그런지 여행 기간 내내 온도 변화에 신경 써야 했어요.
bomi_love,유럽,몰타,온대기후,경수,★★★★★,여성,32,프로그래머,민감성,28°C (체감),49%,"수분 크림, 선크림, 립밤",가벼운 톤업로션 정도로 자연스럽게 표현하는 메이크업이 잘 어울립니다.,일교차로 예민해지기 쉬운 피부에는 저자극 진정 라인 사용을 권장합니다.,생각보다 자외선이 강해서 선크림을 안 쓰면 금방 붉어졌어요.
hydrated_story,유럽,몰타,온대기후,경수,★★★★☆,남성,39,프리랜서,민감성,16°C (체감),52%,"올인원 로션, 선크림, 미스트",저자극 톤업크림 위주로 하고 색조는 최소화하는 것을 권장합니다.,실내 난방·냉방으로 건조해지기 쉬우니 블로팅 페이퍼와 미스트를 함께 챙기세요.,쾌적한 날씨였지만 건조해서 립밤과 수분크림을 자주 발라야 했어요.
clearskin_life,유럽,몰타,온대기후,경수,★★★☆☆,여성,46,디자이너,민감성,18°C (체감),55%,"저자극 크림, 진정 토너, 수분 마스크팩",가벼운 산뜻한 로션 타입으로 유분이 적은 제품 위주로 사용하세요.,실내외 온도차가 큰 날에는 수분크림을 자주 덧발라 주는 것이 좋습니다.,일교차가 커서 아침저녁으로 피부 컨디션이 완전히 달랐어요. 저자극 크림이 도움이 됐어요.
islandhopper_note,유럽,몰타,온대기후,경수,★★★★☆,남성,53,승무원,민감성,20°C (체감),58%,"산뜻한 로션, 선크림, 블로팅 페이퍼",촉촉한 선쿠션과 립틴트로 화사한 인상을 연출할 수 있습니다.,일교차가 크므로 수분 크림으로 아침저녁 보습을 꼼꼼히 챙겨주세요.,날씨는 선선했는데 실내 난방 때문에 오히려 피부가 건조하고 번들거렸어요.
softskin_world,유럽,슬로바키아,온대기후,경수,★★★★★,여성,46,프리랜서,복합성,18°C (체감),47%,"수분 크림, 선크림, 립밤",가벼운 톤업로션 정도로 자연스럽게 표현하는 메이크업이 잘 어울립니다.,일교차로 예민해지기 쉬운 피부에는 저자극 진정 라인 사용을 권장합니다.,생각보다 자외선이 강해서 선크림을 안 쓰면 금방 붉어졌어요.
haeri_vibe,유럽,슬로바키아,온대기후,경수,★★★★★,남성,53,디자이너,민감성,20°C (체감),50%,"올인원 로션, 선크림, 미스트",저자극 톤업크림 위주로 하고 색조는 최소화하는 것을 권장합니다.,실내 난방·냉방으로 건조해지기 쉬우니 블로팅 페이퍼와 미스트를 함께 챙기세요.,쾌적한 날씨였지만 건조해서 립밤과 수분크림을 자주 발라야 했어요.
radiantme23,유럽,슬로바키아,온대기후,경수,★★★★★,여성,20,승무원,건성,22°C (체감),53%,"저자극 크림, 진정 토너, 수분 마스크팩",가벼운 산뜻한 로션 타입으로 유분이 적은 제품 위주로 사용하세요.,실내외 온도차가 큰 날에는 수분크림을 자주 덧발라 주는 것이 좋습니다.,일교차가 커서 아침저녁으로 피부 컨디션이 완전히 달랐어요. 저자극 크림이 도움이 됐어요.
sunkissed_official,유럽,슬로바키아,온대기후,경수,★★★★☆,남성,27,마케터,지성,24°C (체감),56%,"산뜻한 로션, 선크림, 블로팅 페이퍼",촉촉한 선쿠션과 립틴트로 화사한 인상을 연출할 수 있습니다.,일교차가 크므로 수분 크림으로 아침저녁 보습을 꼼꼼히 챙겨주세요.,날씨는 선선했는데 실내 난방 때문에 오히려 피부가 건조하고 번들거렸어요.
clearskin_diary,유럽,슬로바키아,온대기후,경수,★★★★☆,여성,34,공무원,복합성,26°C (체감),59%,"수분 크림, 립틴트, 선쿠션",촉촉한 쿠션과 크림 블러셔로 생기 있는 룩을 연출하는 것을 추천합니다.,환절기 피부 컨디션 변화에 대비해 올인원 로션으로 간편하게 보습을 유지하세요.,사계절이 뚜렷한 곳이라 그런지 여행 기간 내내 온도 변화에 신경 써야 했어요.
luna_life,유럽,슬로바키아,온대기후,경수,★★★★☆,남성,41,회계사,민감성,28°C (체감),62%,"수분 크림, 선크림, 립밤",가벼운 톤업로션 정도로 자연스럽게 표현하는 메이크업이 잘 어울립니다.,일교차로 예민해지기 쉬운 피부에는 저자극 진정 라인 사용을 권장합니다.,생각보다 자외선이 강해서 선크림을 안 쓰면 금방 붉어졌어요.
serumfan_vibe,유럽,슬로바키아,온대기후,경수,★★★★☆,여성,48,수의사,건성,16°C (체감),45%,"올인원 로션, 선크림, 미스트",저자극 톤업크림 위주로 하고 색조는 최소화하는 것을 권장합니다.,실내 난방·냉방으로 건조해지기 쉬우니 블로팅 페이퍼와 미스트를 함께 챙기세요.,쾌적한 날씨였지만 건조해서 립밤과 수분크림을 자주 발라야 했어요.
islandhopper99,유럽,슬로바키아,온대기후,경수,★☆☆☆☆,남성,55,영업직,지성,18°C (체감),48%,"저자극 크림, 진정 토너, 수분 마스크팩",가벼운 산뜻한 로션 타입으로 유분이 적은 제품 위주로 사용하세요.,실내외 온도차가 큰 날에는 수분크림을 자주 덧발라 주는 것이 좋습니다.,일교차가 커서 아침저녁으로 피부 컨디션이 완전히 달랐어요. 저자극 크림이 도움이 됐어요.
beautyaddict_log,유럽,슬로바키아,온대기후,경수,★★★★★,여성,22,대학생,복합성,20°C (체감),51%,"산뜻한 로션, 선크림, 블로팅 페이퍼",촉촉한 선쿠션과 립틴트로 화사한 인상을 연출할 수 있습니다.,일교차가 크므로 수분 크림으로 아침저녁 보습을 꼼꼼히 챙겨주세요.,날씨는 선선했는데 실내 난방 때문에 오히려 피부가 건조하고 번들거렸어요.
haru_diary,유럽,슬로바키아,온대기후,경수,★★★☆☆,남성,29,간호사,민감성,22°C (체감),54%,"수분 크림, 립틴트, 선쿠션",촉촉한 쿠션과 크림 블러셔로 생기 있는 룩을 연출하는 것을 추천합니다.,환절기 피부 컨디션 변화에 대비해 올인원 로션으로 간편하게 보습을 유지하세요.,사계절이 뚜렷한 곳이라 그런지 여행 기간 내내 온도 변화에 신경 써야 했어요.
roadtripper_zone,유럽,슬로베니아,온대기후,경수,★★★★★,여성,20,마케터,민감성,18°C (체감),61%,"수분 크림, 립틴트, 선쿠션",촉촉한 쿠션과 크림 블러셔로 생기 있는 룩을 연출하는 것을 추천합니다.,환절기 피부 컨디션 변화에 대비해 올인원 로션으로 간편하게 보습을 유지하세요.,사계절이 뚜렷한 곳이라 그런지 여행 기간 내내 온도 변화에 신경 써야 했어요.
dohyun_mode,유럽,슬로베니아,온대기후,경수,★★★★☆,남성,27,공무원,민감성,20°C (체감),64%,"수분 크림, 선크림, 립밤",가벼운 톤업로션 정도로 자연스럽게 표현하는 메이크업이 잘 어울립니다.,일교차로 예민해지기 쉬운 피부에는 저자극 진정 라인 사용을 권장합니다.,생각보다 자외선이 강해서 선크림을 안 쓰면 금방 붉어졌어요.
sunnytraveler_daily,유럽,슬로베니아,온대기후,경수,★★★★★,여성,34,회계사,민감성,22°C (체감),47%,"올인원 로션, 선크림, 미스트",저자극 톤업크림 위주로 하고 색조는 최소화하는 것을 권장합니다.,실내 난방·냉방으로 건조해지기 쉬우니 블로팅 페이퍼와 미스트를 함께 챙기세요.,쾌적한 날씨였지만 건조해서 립밤과 수분크림을 자주 발라야 했어요.
haeun_note,유럽,슬로베니아,온대기후,경수,★★★★★,남성,41,수의사,민감성,24°C (체감),50%,"저자극 크림, 진정 토너, 수분 마스크팩",가벼운 산뜻한 로션 타입으로 유분이 적은 제품 위주로 사용하세요.,실내외 온도차가 큰 날에는 수분크림을 자주 덧발라 주는 것이 좋습니다.,일교차가 커서 아침저녁으로 피부 컨디션이 완전히 달랐어요. 저자극 크림이 도움이 됐어요.
haeri_ing,유럽,슬로베니아,온대기후,경수,★★★★★,여성,48,영업직,민감성,26°C (체감),53%,"산뜻한 로션, 선크림, 블로팅 페이퍼",촉촉한 선쿠션과 립틴트로 화사한 인상을 연출할 수 있습니다.,일교차가 크므로 수분 크림으로 아침저녁 보습을 꼼꼼히 챙겨주세요.,날씨는 선선했는데 실내 난방 때문에 오히려 피부가 건조하고 번들거렸어요.
skinfirst_log,유럽,슬로베니아,온대기후,경수,★★★★★,남성,55,대학생,민감성,28°C (체감),56%,"수분 크림, 립틴트, 선쿠션",촉촉한 쿠션과 크림 블러셔로 생기 있는 룩을 연출하는 것을 추천합니다.,환절기 피부 컨디션 변화에 대비해 올인원 로션으로 간편하게 보습을 유지하세요.,사계절이 뚜렷한 곳이라 그런지 여행 기간 내내 온도 변화에 신경 써야 했어요.
beautyaddict_story,유럽,슬로베니아,온대기후,경수,★★★★☆,여성,22,간호사,민감성,16°C (체감),59%,"수분 크림, 선크림, 립밤",가벼운 톤업로션 정도로 자연스럽게 표현하는 메이크업이 잘 어울립니다.,일교차로 예민해지기 쉬운 피부에는 저자극 진정 라인 사용을 권장합니다.,생각보다 자외선이 강해서 선크림을 안 쓰면 금방 붉어졌어요.
chaewon01,유럽,슬로베니아,온대기후,경수,★★★☆☆,남성,29,사진작가,민감성,18°C (체감),62%,"올인원 로션, 선크림, 미스트",저자극 톤업크림 위주로 하고 색조는 최소화하는 것을 권장합니다.,실내 난방·냉방으로 건조해지기 쉬우니 블로팅 페이퍼와 미스트를 함께 챙기세요.,쾌적한 날씨였지만 건조해서 립밤과 수분크림을 자주 발라야 했어요.
nomakeupdays_k,유럽,슬로베니아,온대기후,경수,★★★★☆,여성,36,엔지니어,민감성,20°C (체감),45%,"저자극 크림, 진정 토너, 수분 마스크팩",가벼운 산뜻한 로션 타입으로 유분이 적은 제품 위주로 사용하세요.,실내외 온도차가 큰 날에는 수분크림을 자주 덧발라 주는 것이 좋습니다.,일교차가 커서 아침저녁으로 피부 컨디션이 완전히 달랐어요. 저자극 크림이 도움이 됐어요.
yerin_official,유럽,슬로베니아,온대기후,경수,★★★☆☆,남성,43,약사,민감성,22°C (체감),48%,"산뜻한 로션, 선크림, 블로팅 페이퍼",촉촉한 선쿠션과 립틴트로 화사한 인상을 연출할 수 있습니다.,일교차가 크므로 수분 크림으로 아침저녁 보습을 꼼꼼히 챙겨주세요.,날씨는 선선했는데 실내 난방 때문에 오히려 피부가 건조하고 번들거렸어요.
calmnface_world,유럽,세르비아,온대기후,경수,★★★★☆,남성,23,프로그래머,지성,15°C (체감),64%,"저자극 크림, 진정 토너, 수분 마스크팩",가벼운 산뜻한 로션 타입으로 유분이 적은 제품 위주로 사용하세요.,실내외 온도차가 큰 날에는 수분크림을 자주 덧발라 주는 것이 좋습니다.,일교차가 커서 아침저녁으로 피부 컨디션이 완전히 달랐어요. 저자극 크림이 도움이 됐어요.
yoona_story,유럽,세르비아,온대기후,경수,★★★★★,여성,30,프리랜서,지성,17°C (체감),47%,"산뜻한 로션, 선크림, 블로팅 페이퍼",촉촉한 선쿠션과 립틴트로 화사한 인상을 연출할 수 있습니다.,일교차가 크므로 수분 크림으로 아침저녁 보습을 꼼꼼히 챙겨주세요.,날씨는 선선했는데 실내 난방 때문에 오히려 피부가 건조하고 번들거렸어요.
olivia_zone,유럽,세르비아,온대기후,경수,★★★☆☆,남성,37,디자이너,지성,19°C (체감),50%,"수분 크림, 립틴트, 선쿠션",촉촉한 쿠션과 크림 블러셔로 생기 있는 룩을 연출하는 것을 추천합니다.,환절기 피부 컨디션 변화에 대비해 올인원 로션으로 간편하게 보습을 유지하세요.,사계절이 뚜렷한 곳이라 그런지 여행 기간 내내 온도 변화에 신경 써야 했어요.
fiona_daily,유럽,세르비아,온대기후,경수,★★★★☆,여성,44,승무원,지성,21°C (체감),53%,"수분 크림, 선크림, 립밤",가벼운 톤업로션 정도로 자연스럽게 표현하는 메이크업이 잘 어울립니다.,일교차로 예민해지기 쉬운 피부에는 저자극 진정 라인 사용을 권장합니다.,생각보다 자외선이 강해서 선크림을 안 쓰면 금방 붉어졌어요.
packlight_vibe,유럽,세르비아,온대기후,경수,★★★☆☆,남성,51,마케터,지성,23°C (체감),56%,"올인원 로션, 선크림, 미스트",저자극 톤업크림 위주로 하고 색조는 최소화하는 것을 권장합니다.,실내 난방·냉방으로 건조해지기 쉬우니 블로팅 페이퍼와 미스트를 함께 챙기세요.,쾌적한 날씨였지만 건조해서 립밤과 수분크림을 자주 발라야 했어요.
cloudnine_ing,유럽,세르비아,온대기후,경수,★☆☆☆☆,여성,58,공무원,지성,25°C (체감),59%,"저자극 크림, 진정 토너, 수분 마스크팩",가벼운 산뜻한 로션 타입으로 유분이 적은 제품 위주로 사용하세요.,실내외 온도차가 큰 날에는 수분크림을 자주 덧발라 주는 것이 좋습니다.,일교차가 커서 아침저녁으로 피부 컨디션이 완전히 달랐어요. 저자극 크림이 도움이 됐어요.
hana_note,유럽,세르비아,온대기후,경수,★★★★☆,남성,25,회계사,지성,27°C (체감),62%,"산뜻한 로션, 선크림, 블로팅 페이퍼",촉촉한 선쿠션과 립틴트로 화사한 인상을 연출할 수 있습니다.,일교차가 크므로 수분 크림으로 아침저녁 보습을 꼼꼼히 챙겨주세요.,날씨는 선선했는데 실내 난방 때문에 오히려 피부가 건조하고 번들거렸어요.
jisoo_daily,유럽,세르비아,온대기후,경수,★★★★★,여성,32,수의사,지성,15°C (체감),45%,"수분 크림, 립틴트, 선쿠션",촉촉한 쿠션과 크림 블러셔로 생기 있는 룩을 연출하는 것을 추천합니다.,환절기 피부 컨디션 변화에 대비해 올인원 로션으로 간편하게 보습을 유지하세요.,사계절이 뚜렷한 곳이라 그런지 여행 기간 내내 온도 변화에 신경 써야 했어요.
toneuplife99,유럽,세르비아,온대기후,경수,★★★★☆,남성,39,영업직,지성,17°C (체감),48%,"수분 크림, 선크림, 립밤",가벼운 톤업로션 정도로 자연스럽게 표현하는 메이크업이 잘 어울립니다.,일교차로 예민해지기 쉬운 피부에는 저자극 진정 라인 사용을 권장합니다.,생각보다 자외선이 강해서 선크림을 안 쓰면 금방 붉어졌어요.
minseo99,유럽,세르비아,온대기후,경수,★★★★☆,여성,46,대학생,지성,19°C (체감),51%,"올인원 로션, 선크림, 미스트",저자극 톤업크림 위주로 하고 색조는 최소화하는 것을 권장합니다.,실내 난방·냉방으로 건조해지기 쉬우니 블로팅 페이퍼와 미스트를 함께 챙기세요.,쾌적한 날씨였지만 건조해서 립밤과 수분크림을 자주 발라야 했어요.
sunny_official,유럽,루마니아,온대기후,경수,★★★★★,남성,43,간호사,지성,27°C (체감),64%,"저자극 크림, 진정 토너, 수분 마스크팩",가벼운 산뜻한 로션 타입으로 유분이 적은 제품 위주로 사용하세요.,실내외 온도차가 큰 날에는 수분크림을 자주 덧발라 주는 것이 좋습니다.,일교차가 커서 아침저녁으로 피부 컨디션이 완전히 달랐어요. 저자극 크림이 도움이 됐어요.
suncareguru_world,유럽,루마니아,온대기후,경수,★★★★★,여성,50,사진작가,지성,15°C (체감),47%,"산뜻한 로션, 선크림, 블로팅 페이퍼",촉촉한 선쿠션과 립틴트로 화사한 인상을 연출할 수 있습니다.,일교차가 크므로 수분 크림으로 아침저녁 보습을 꼼꼼히 챙겨주세요.,날씨는 선선했는데 실내 난방 때문에 오히려 피부가 건조하고 번들거렸어요.
jaewon_daily,유럽,루마니아,온대기후,경수,★★★★☆,남성,57,엔지니어,지성,17°C (체감),50%,"수분 크림, 립틴트, 선쿠션",촉촉한 쿠션과 크림 블러셔로 생기 있는 룩을 연출하는 것을 추천합니다.,환절기 피부 컨디션 변화에 대비해 올인원 로션으로 간편하게 보습을 유지하세요.,사계절이 뚜렷한 곳이라 그런지 여행 기간 내내 온도 변화에 신경 써야 했어요.
freshface88,유럽,루마니아,온대기후,경수,★★★☆☆,여성,24,약사,지성,19°C (체감),53%,"수분 크림, 선크림, 립밤",가벼운 톤업로션 정도로 자연스럽게 표현하는 메이크업이 잘 어울립니다.,일교차로 예민해지기 쉬운 피부에는 저자극 진정 라인 사용을 권장합니다.,생각보다 자외선이 강해서 선크림을 안 쓰면 금방 붉어졌어요.
soojin_log,유럽,루마니아,온대기후,경수,★★★☆☆,남성,31,트레이너,지성,21°C (체감),56%,"올인원 로션, 선크림, 미스트",저자극 톤업크림 위주로 하고 색조는 최소화하는 것을 권장합니다.,실내 난방·냉방으로 건조해지기 쉬우니 블로팅 페이퍼와 미스트를 함께 챙기세요.,쾌적한 날씨였지만 건조해서 립밤과 수분크림을 자주 발라야 했어요.
funtraveler_daily,유럽,루마니아,온대기후,경수,★★★☆☆,여성,38,건축가,지성,23°C (체감),59%,"저자극 크림, 진정 토너, 수분 마스크팩",가벼운 산뜻한 로션 타입으로 유분이 적은 제품 위주로 사용하세요.,실내외 온도차가 큰 날에는 수분크림을 자주 덧발라 주는 것이 좋습니다.,일교차가 커서 아침저녁으로 피부 컨디션이 완전히 달랐어요. 저자극 크림이 도움이 됐어요.
barefaced_log,유럽,루마니아,온대기후,경수,★★☆☆☆,남성,45,일러스트레이터,지성,25°C (체감),62%,"산뜻한 로션, 선크림, 블로팅 페이퍼",촉촉한 선쿠션과 립틴트로 화사한 인상을 연출할 수 있습니다.,일교차가 크므로 수분 크림으로 아침저녁 보습을 꼼꼼히 챙겨주세요.,날씨는 선선했는데 실내 난방 때문에 오히려 피부가 건조하고 번들거렸어요.
mountainhiker_world,유럽,루마니아,온대기후,경수,★★★☆☆,여성,52,회사원,지성,27°C (체감),45%,"수분 크림, 립틴트, 선쿠션",촉촉한 쿠션과 크림 블러셔로 생기 있는 룩을 연출하는 것을 추천합니다.,환절기 피부 컨디션 변화에 대비해 올인원 로션으로 간편하게 보습을 유지하세요.,사계절이 뚜렷한 곳이라 그런지 여행 기간 내내 온도 변화에 신경 써야 했어요.
minseo_love,유럽,루마니아,온대기후,경수,★★★★☆,남성,59,교사,지성,15°C (체감),48%,"수분 크림, 선크림, 립밤",가벼운 톤업로션 정도로 자연스럽게 표현하는 메이크업이 잘 어울립니다.,일교차로 예민해지기 쉬운 피부에는 저자극 진정 라인 사용을 권장합니다.,생각보다 자외선이 강해서 선크림을 안 쓰면 금방 붉어졌어요.
sensitiveskin_world,유럽,루마니아,온대기후,경수,★★★★☆,여성,26,요리사,지성,17°C (체감),51%,"올인원 로션, 선크림, 미스트",저자극 톤업크림 위주로 하고 색조는 최소화하는 것을 권장합니다.,실내 난방·냉방으로 건조해지기 쉬우니 블로팅 페이퍼와 미스트를 함께 챙기세요.,쾌적한 날씨였지만 건조해서 립밤과 수분크림을 자주 발라야 했어요.
makeupfan_love,유럽,불가리아,온대기후,경수,★★★★★,남성,21,일러스트레이터,건성,21°C (체감),62%,"수분 크림, 선크림, 립밤",가벼운 톤업로션 정도로 자연스럽게 표현하는 메이크업이 잘 어울립니다.,일교차로 예민해지기 쉬운 피부에는 저자극 진정 라인 사용을 권장합니다.,생각보다 자외선이 강해서 선크림을 안 쓰면 금방 붉어졌어요.
subin_mode,유럽,불가리아,온대기후,경수,★★★☆☆,여성,28,회사원,지성,23°C (체감),45%,"올인원 로션, 선크림, 미스트",저자극 톤업크림 위주로 하고 색조는 최소화하는 것을 권장합니다.,실내 난방·냉방으로 건조해지기 쉬우니 블로팅 페이퍼와 미스트를 함께 챙기세요.,쾌적한 날씨였지만 건조해서 립밤과 수분크림을 자주 발라야 했어요.
calmnface_zone,유럽,불가리아,온대기후,경수,★★★☆☆,남성,35,교사,복합성,25°C (체감),48%,"저자극 크림, 진정 토너, 수분 마스크팩",가벼운 산뜻한 로션 타입으로 유분이 적은 제품 위주로 사용하세요.,실내외 온도차가 큰 날에는 수분크림을 자주 덧발라 주는 것이 좋습니다.,일교차가 커서 아침저녁으로 피부 컨디션이 완전히 달랐어요. 저자극 크림이 도움이 됐어요.
jina_zone,유럽,불가리아,온대기후,경수,★★★★★,여성,42,요리사,민감성,27°C (체감),51%,"산뜻한 로션, 선크림, 블로팅 페이퍼",촉촉한 선쿠션과 립틴트로 화사한 인상을 연출할 수 있습니다.,일교차가 크므로 수분 크림으로 아침저녁 보습을 꼼꼼히 챙겨주세요.,날씨는 선선했는데 실내 난방 때문에 오히려 피부가 건조하고 번들거렸어요.
weekendtrip_vibe,유럽,불가리아,온대기후,경수,★★★★☆,남성,49,자영업,건성,15°C (체감),54%,"수분 크림, 립틴트, 선쿠션",촉촉한 쿠션과 크림 블러셔로 생기 있는 룩을 연출하는 것을 추천합니다.,환절기 피부 컨디션 변화에 대비해 올인원 로션으로 간편하게 보습을 유지하세요.,사계절이 뚜렷한 곳이라 그런지 여행 기간 내내 온도 변화에 신경 써야 했어요.
radiantme_ing,유럽,불가리아,온대기후,경수,★★★★★,여성,56,여행가이드,지성,17°C (체감),57%,"수분 크림, 선크림, 립밤",가벼운 톤업로션 정도로 자연스럽게 표현하는 메이크업이 잘 어울립니다.,일교차로 예민해지기 쉬운 피부에는 저자극 진정 라인 사용을 권장합니다.,생각보다 자외선이 강해서 선크림을 안 쓰면 금방 붉어졌어요.
mistyday_92,유럽,불가리아,온대기후,경수,★★★☆☆,남성,23,작가,복합성,19°C (체감),60%,"올인원 로션, 선크림, 미스트",저자극 톤업크림 위주로 하고 색조는 최소화하는 것을 권장합니다.,실내 난방·냉방으로 건조해지기 쉬우니 블로팅 페이퍼와 미스트를 함께 챙기세요.,쾌적한 날씨였지만 건조해서 립밤과 수분크림을 자주 발라야 했어요.
tintedlips07,유럽,불가리아,온대기후,경수,★★★★☆,여성,30,연구원,민감성,21°C (체감),63%,"저자극 크림, 진정 토너, 수분 마스크팩",가벼운 산뜻한 로션 타입으로 유분이 적은 제품 위주로 사용하세요.,실내외 온도차가 큰 날에는 수분크림을 자주 덧발라 주는 것이 좋습니다.,일교차가 커서 아침저녁으로 피부 컨디션이 완전히 달랐어요. 저자극 크림이 도움이 됐어요.
hyerin_log,유럽,불가리아,온대기후,경수,★★★☆☆,남성,37,바리스타,건성,23°C (체감),46%,"산뜻한 로션, 선크림, 블로팅 페이퍼",촉촉한 선쿠션과 립틴트로 화사한 인상을 연출할 수 있습니다.,일교차가 크므로 수분 크림으로 아침저녁 보습을 꼼꼼히 챙겨주세요.,날씨는 선선했는데 실내 난방 때문에 오히려 피부가 건조하고 번들거렸어요.
balmaddict_official,유럽,불가리아,온대기후,경수,★★☆☆☆,여성,44,프로그래머,지성,25°C (체감),49%,"수분 크림, 립틴트, 선쿠션",촉촉한 쿠션과 크림 블러셔로 생기 있는 룩을 연출하는 것을 추천합니다.,환절기 피부 컨디션 변화에 대비해 올인원 로션으로 간편하게 보습을 유지하세요.,사계절이 뚜렷한 곳이라 그런지 여행 기간 내내 온도 변화에 신경 써야 했어요.
gina_official,유럽,우크라이나,온대기후,경수,★★★☆☆,여성,26,프리랜서,복합성,28°C (체감),47%,"수분 크림, 선크림, 립밤",가벼운 톤업로션 정도로 자연스럽게 표현하는 메이크업이 잘 어울립니다.,일교차로 예민해지기 쉬운 피부에는 저자극 진정 라인 사용을 권장합니다.,생각보다 자외선이 강해서 선크림을 안 쓰면 금방 붉어졌어요.
moisturemax_life,유럽,우크라이나,온대기후,경수,★★★★☆,남성,33,디자이너,민감성,16°C (체감),50%,"올인원 로션, 선크림, 미스트",저자극 톤업크림 위주로 하고 색조는 최소화하는 것을 권장합니다.,실내 난방·냉방으로 건조해지기 쉬우니 블로팅 페이퍼와 미스트를 함께 챙기세요.,쾌적한 날씨였지만 건조해서 립밤과 수분크림을 자주 발라야 했어요.
nomakeupdays_world,유럽,우크라이나,온대기후,경수,★★★★★,여성,40,승무원,건성,18°C (체감),53%,"저자극 크림, 진정 토너, 수분 마스크팩",가벼운 산뜻한 로션 타입으로 유분이 적은 제품 위주로 사용하세요.,실내외 온도차가 큰 날에는 수분크림을 자주 덧발라 주는 것이 좋습니다.,일교차가 커서 아침저녁으로 피부 컨디션이 완전히 달랐어요. 저자극 크림이 도움이 됐어요.
minjun_daily,유럽,우크라이나,온대기후,경수,★★☆☆☆,남성,47,마케터,지성,20°C (체감),56%,"산뜻한 로션, 선크림, 블로팅 페이퍼",촉촉한 선쿠션과 립틴트로 화사한 인상을 연출할 수 있습니다.,일교차가 크므로 수분 크림으로 아침저녁 보습을 꼼꼼히 챙겨주세요.,날씨는 선선했는데 실내 난방 때문에 오히려 피부가 건조하고 번들거렸어요.
islandhopper_diary,유럽,우크라이나,온대기후,경수,★★☆☆☆,여성,54,공무원,복합성,22°C (체감),59%,"수분 크림, 립틴트, 선쿠션",촉촉한 쿠션과 크림 블러셔로 생기 있는 룩을 연출하는 것을 추천합니다.,환절기 피부 컨디션 변화에 대비해 올인원 로션으로 간편하게 보습을 유지하세요.,사계절이 뚜렷한 곳이라 그런지 여행 기간 내내 온도 변화에 신경 써야 했어요.
travelbug_mode,유럽,우크라이나,온대기후,경수,★★★★★,남성,21,회계사,민감성,24°C (체감),62%,"수분 크림, 선크림, 립밤",가벼운 톤업로션 정도로 자연스럽게 표현하는 메이크업이 잘 어울립니다.,일교차로 예민해지기 쉬운 피부에는 저자극 진정 라인 사용을 권장합니다.,생각보다 자외선이 강해서 선크림을 안 쓰면 금방 붉어졌어요.
weekendtrip_92,유럽,우크라이나,온대기후,경수,★★★★☆,여성,28,수의사,건성,26°C (체감),45%,"올인원 로션, 선크림, 미스트",저자극 톤업크림 위주로 하고 색조는 최소화하는 것을 권장합니다.,실내 난방·냉방으로 건조해지기 쉬우니 블로팅 페이퍼와 미스트를 함께 챙기세요.,쾌적한 날씨였지만 건조해서 립밤과 수분크림을 자주 발라야 했어요.
freshface_note,유럽,우크라이나,온대기후,경수,★★★☆☆,남성,35,영업직,지성,28°C (체감),48%,"저자극 크림, 진정 토너, 수분 마스크팩",가벼운 산뜻한 로션 타입으로 유분이 적은 제품 위주로 사용하세요.,실내외 온도차가 큰 날에는 수분크림을 자주 덧발라 주는 것이 좋습니다.,일교차가 커서 아침저녁으로 피부 컨디션이 완전히 달랐어요. 저자극 크림이 도움이 됐어요.
nari_zone,유럽,우크라이나,온대기후,경수,★★★☆☆,여성,42,대학생,복합성,16°C (체감),51%,"산뜻한 로션, 선크림, 블로팅 페이퍼",촉촉한 선쿠션과 립틴트로 화사한 인상을 연출할 수 있습니다.,일교차가 크므로 수분 크림으로 아침저녁 보습을 꼼꼼히 챙겨주세요.,날씨는 선선했는데 실내 난방 때문에 오히려 피부가 건조하고 번들거렸어요.
hyunwoo_k,유럽,우크라이나,온대기후,경수,★★★★★,남성,49,간호사,민감성,18°C (체감),54%,"수분 크림, 립틴트, 선쿠션",촉촉한 쿠션과 크림 블러셔로 생기 있는 룩을 연출하는 것을 추천합니다.,환절기 피부 컨디션 변화에 대비해 올인원 로션으로 간편하게 보습을 유지하세요.,사계절이 뚜렷한 곳이라 그런지 여행 기간 내내 온도 변화에 신경 써야 했어요.
nayeon_log,남아메리카,우루과이,온대기후,연수,★★★★☆,남성,53,건축가,지성,19°C (체감),54%,"저자극 크림, 진정 토너, 수분 마스크팩",가벼운 산뜻한 로션 타입으로 유분이 적은 제품 위주로 사용하세요.,실내외 온도차가 큰 날에는 수분크림을 자주 덧발라 주는 것이 좋습니다.,일교차가 커서 아침저녁으로 피부 컨디션이 완전히 달랐어요. 저자극 크림이 도움이 됐어요.
skinfirst_world,남아메리카,우루과이,온대기후,연수,★☆☆☆☆,여성,20,일러스트레이터,지성,21°C (체감),57%,"산뜻한 로션, 선크림, 블로팅 페이퍼",촉촉한 선쿠션과 립틴트로 화사한 인상을 연출할 수 있습니다.,일교차가 크므로 수분 크림으로 아침저녁 보습을 꼼꼼히 챙겨주세요.,날씨는 선선했는데 실내 난방 때문에 오히려 피부가 건조하고 번들거렸어요.
hyerin01,남아메리카,우루과이,온대기후,연수,★★★★★,남성,27,회사원,지성,23°C (체감),60%,"수분 크림, 립틴트, 선쿠션",촉촉한 쿠션과 크림 블러셔로 생기 있는 룩을 연출하는 것을 추천합니다.,환절기 피부 컨디션 변화에 대비해 올인원 로션으로 간편하게 보습을 유지하세요.,사계절이 뚜렷한 곳이라 그런지 여행 기간 내내 온도 변화에 신경 써야 했어요.
yerim_vibe,남아메리카,우루과이,온대기후,연수,★★★★★,여성,34,교사,지성,25°C (체감),63%,"수분 크림, 선크림, 립밤",가벼운 톤업로션 정도로 자연스럽게 표현하는 메이크업이 잘 어울립니다.,일교차로 예민해지기 쉬운 피부에는 저자극 진정 라인 사용을 권장합니다.,생각보다 자외선이 강해서 선크림을 안 쓰면 금방 붉어졌어요.
soojin01,남아메리카,우루과이,온대기후,연수,★★★☆☆,남성,41,요리사,지성,27°C (체감),46%,"올인원 로션, 선크림, 미스트",저자극 톤업크림 위주로 하고 색조는 최소화하는 것을 권장합니다.,실내 난방·냉방으로 건조해지기 쉬우니 블로팅 페이퍼와 미스트를 함께 챙기세요.,쾌적한 날씨였지만 건조해서 립밤과 수분크림을 자주 발라야 했어요.
jihoon_ing,남아메리카,우루과이,온대기후,연수,★★☆☆☆,여성,48,자영업,지성,15°C (체감),49%,"저자극 크림, 진정 토너, 수분 마스크팩",가벼운 산뜻한 로션 타입으로 유분이 적은 제품 위주로 사용하세요.,실내외 온도차가 큰 날에는 수분크림을 자주 덧발라 주는 것이 좋습니다.,일교차가 커서 아침저녁으로 피부 컨디션이 완전히 달랐어요. 저자극 크림이 도움이 됐어요.
funtraveler23,남아메리카,우루과이,온대기후,연수,★★☆☆☆,남성,55,여행가이드,지성,17°C (체감),52%,"산뜻한 로션, 선크림, 블로팅 페이퍼",촉촉한 선쿠션과 립틴트로 화사한 인상을 연출할 수 있습니다.,일교차가 크므로 수분 크림으로 아침저녁 보습을 꼼꼼히 챙겨주세요.,날씨는 선선했는데 실내 난방 때문에 오히려 피부가 건조하고 번들거렸어요.
softskin99,남아메리카,우루과이,온대기후,연수,★★★★☆,여성,22,작가,지성,19°C (체감),55%,"수분 크림, 립틴트, 선쿠션",촉촉한 쿠션과 크림 블러셔로 생기 있는 룩을 연출하는 것을 추천합니다.,환절기 피부 컨디션 변화에 대비해 올인원 로션으로 간편하게 보습을 유지하세요.,사계절이 뚜렷한 곳이라 그런지 여행 기간 내내 온도 변화에 신경 써야 했어요.
hana_zone,남아메리카,우루과이,온대기후,연수,★★★☆☆,남성,29,연구원,지성,21°C (체감),58%,"수분 크림, 선크림, 립밤",가벼운 톤업로션 정도로 자연스럽게 표현하는 메이크업이 잘 어울립니다.,일교차로 예민해지기 쉬운 피부에는 저자극 진정 라인 사용을 권장합니다.,생각보다 자외선이 강해서 선크림을 안 쓰면 금방 붉어졌어요.
fiona_love,남아메리카,우루과이,온대기후,연수,★☆☆☆☆,여성,36,바리스타,지성,23°C (체감),61%,"올인원 로션, 선크림, 미스트",저자극 톤업크림 위주로 하고 색조는 최소화하는 것을 권장합니다.,실내 난방·냉방으로 건조해지기 쉬우니 블로팅 페이퍼와 미스트를 함께 챙기세요.,쾌적한 날씨였지만 건조해서 립밤과 수분크림을 자주 발라야 했어요.
jiyeon_diary,남아메리카,파라과이,온대기후,연수,★★★★★,여성,24,엔지니어,복합성,28°C (체감),45%,"산뜻한 로션, 선크림, 블로팅 페이퍼",촉촉한 선쿠션과 립틴트로 화사한 인상을 연출할 수 있습니다.,일교차가 크므로 수분 크림으로 아침저녁 보습을 꼼꼼히 챙겨주세요.,날씨는 선선했는데 실내 난방 때문에 오히려 피부가 건조하고 번들거렸어요.
jaewon_ing,남아메리카,파라과이,온대기후,연수,★★★★★,남성,31,약사,복합성,16°C (체감),48%,"수분 크림, 립틴트, 선쿠션",촉촉한 쿠션과 크림 블러셔로 생기 있는 룩을 연출하는 것을 추천합니다.,환절기 피부 컨디션 변화에 대비해 올인원 로션으로 간편하게 보습을 유지하세요.,사계절이 뚜렷한 곳이라 그런지 여행 기간 내내 온도 변화에 신경 써야 했어요.
sunny_daily,남아메리카,파라과이,온대기후,연수,★★★★★,여성,38,트레이너,복합성,18°C (체감),51%,"수분 크림, 선크림, 립밤",가벼운 톤업로션 정도로 자연스럽게 표현하는 메이크업이 잘 어울립니다.,일교차로 예민해지기 쉬운 피부에는 저자극 진정 라인 사용을 권장합니다.,생각보다 자외선이 강해서 선크림을 안 쓰면 금방 붉어졌어요.
eden_world,남아메리카,파라과이,온대기후,연수,★★★☆☆,남성,45,건축가,복합성,20°C (체감),54%,"올인원 로션, 선크림, 미스트",저자극 톤업크림 위주로 하고 색조는 최소화하는 것을 권장합니다.,실내 난방·냉방으로 건조해지기 쉬우니 블로팅 페이퍼와 미스트를 함께 챙기세요.,쾌적한 날씨였지만 건조해서 립밤과 수분크림을 자주 발라야 했어요.
travelbug23,남아메리카,파라과이,온대기후,연수,★★★★★,여성,52,일러스트레이터,복합성,22°C (체감),57%,"저자극 크림, 진정 토너, 수분 마스크팩",가벼운 산뜻한 로션 타입으로 유분이 적은 제품 위주로 사용하세요.,실내외 온도차가 큰 날에는 수분크림을 자주 덧발라 주는 것이 좋습니다.,일교차가 커서 아침저녁으로 피부 컨디션이 완전히 달랐어요. 저자극 크림이 도움이 됐어요.
eunwoo_zone,남아메리카,파라과이,온대기후,연수,★★★★☆,남성,59,회사원,복합성,24°C (체감),60%,"산뜻한 로션, 선크림, 블로팅 페이퍼",촉촉한 선쿠션과 립틴트로 화사한 인상을 연출할 수 있습니다.,일교차가 크므로 수분 크림으로 아침저녁 보습을 꼼꼼히 챙겨주세요.,날씨는 선선했는데 실내 난방 때문에 오히려 피부가 건조하고 번들거렸어요.
yoona_life,남아메리카,파라과이,온대기후,연수,★★☆☆☆,여성,26,교사,복합성,26°C (체감),63%,"수분 크림, 립틴트, 선쿠션",촉촉한 쿠션과 크림 블러셔로 생기 있는 룩을 연출하는 것을 추천합니다.,환절기 피부 컨디션 변화에 대비해 올인원 로션으로 간편하게 보습을 유지하세요.,사계절이 뚜렷한 곳이라 그런지 여행 기간 내내 온도 변화에 신경 써야 했어요.
chorong99,남아메리카,파라과이,온대기후,연수,★★★★★,남성,33,요리사,복합성,28°C (체감),46%,"수분 크림, 선크림, 립밤",가벼운 톤업로션 정도로 자연스럽게 표현하는 메이크업이 잘 어울립니다.,일교차로 예민해지기 쉬운 피부에는 저자극 진정 라인 사용을 권장합니다.,생각보다 자외선이 강해서 선크림을 안 쓰면 금방 붉어졌어요.
freshface_92,남아메리카,파라과이,온대기후,연수,★★★★☆,여성,40,자영업,복합성,16°C (체감),49%,"올인원 로션, 선크림, 미스트",저자극 톤업크림 위주로 하고 색조는 최소화하는 것을 권장합니다.,실내 난방·냉방으로 건조해지기 쉬우니 블로팅 페이퍼와 미스트를 함께 챙기세요.,쾌적한 날씨였지만 건조해서 립밤과 수분크림을 자주 발라야 했어요.
mountainhiker_k,남아메리카,파라과이,온대기후,연수,★★★★☆,남성,47,여행가이드,복합성,18°C (체감),52%,"저자극 크림, 진정 토너, 수분 마스크팩",가벼운 산뜻한 로션 타입으로 유분이 적은 제품 위주로 사용하세요.,실내외 온도차가 큰 날에는 수분크림을 자주 덧발라 주는 것이 좋습니다.,일교차가 커서 아침저녁으로 피부 컨디션이 완전히 달랐어요. 저자극 크림이 도움이 됐어요.
daon01,유럽,몰도바,온대기후,경수,★☆☆☆☆,남성,45,바리스타,민감성,27°C (체감),46%,"수분 크림, 립틴트, 선쿠션",촉촉한 쿠션과 크림 블러셔로 생기 있는 룩을 연출하는 것을 추천합니다.,환절기 피부 컨디션 변화에 대비해 올인원 로션으로 간편하게 보습을 유지하세요.,사계절이 뚜렷한 곳이라 그런지 여행 기간 내내 온도 변화에 신경 써야 했어요.
packlight_k,유럽,몰도바,온대기후,경수,★★★★☆,여성,52,프로그래머,민감성,15°C (체감),49%,"수분 크림, 선크림, 립밤",가벼운 톤업로션 정도로 자연스럽게 표현하는 메이크업이 잘 어울립니다.,일교차로 예민해지기 쉬운 피부에는 저자극 진정 라인 사용을 권장합니다.,생각보다 자외선이 강해서 선크림을 안 쓰면 금방 붉어졌어요.
tintedlips_vibe,유럽,몰도바,온대기후,경수,★★★★☆,남성,59,프리랜서,민감성,17°C (체감),52%,"올인원 로션, 선크림, 미스트",저자극 톤업크림 위주로 하고 색조는 최소화하는 것을 권장합니다.,실내 난방·냉방으로 건조해지기 쉬우니 블로팅 페이퍼와 미스트를 함께 챙기세요.,쾌적한 날씨였지만 건조해서 립밤과 수분크림을 자주 발라야 했어요.
jiyoung_love,유럽,몰도바,온대기후,경수,★★☆☆☆,여성,26,디자이너,민감성,19°C (체감),55%,"저자극 크림, 진정 토너, 수분 마스크팩",가벼운 산뜻한 로션 타입으로 유분이 적은 제품 위주로 사용하세요.,실내외 온도차가 큰 날에는 수분크림을 자주 덧발라 주는 것이 좋습니다.,일교차가 커서 아침저녁으로 피부 컨디션이 완전히 달랐어요. 저자극 크림이 도움이 됐어요.
coolbreeze01,유럽,몰도바,온대기후,경수,★★★☆☆,남성,33,승무원,민감성,21°C (체감),58%,"산뜻한 로션, 선크림, 블로팅 페이퍼",촉촉한 선쿠션과 립틴트로 화사한 인상을 연출할 수 있습니다.,일교차가 크므로 수분 크림으로 아침저녁 보습을 꼼꼼히 챙겨주세요.,날씨는 선선했는데 실내 난방 때문에 오히려 피부가 건조하고 번들거렸어요.
daeun88,유럽,몰도바,온대기후,경수,★★★★★,여성,40,마케터,민감성,23°C (체감),61%,"수분 크림, 립틴트, 선쿠션",촉촉한 쿠션과 크림 블러셔로 생기 있는 룩을 연출하는 것을 추천합니다.,환절기 피부 컨디션 변화에 대비해 올인원 로션으로 간편하게 보습을 유지하세요.,사계절이 뚜렷한 곳이라 그런지 여행 기간 내내 온도 변화에 신경 써야 했어요.
sensitiveskin_diary,유럽,몰도바,온대기후,경수,★★★☆☆,남성,47,공무원,민감성,25°C (체감),64%,"수분 크림, 선크림, 립밤",가벼운 톤업로션 정도로 자연스럽게 표현하는 메이크업이 잘 어울립니다.,일교차로 예민해지기 쉬운 피부에는 저자극 진정 라인 사용을 권장합니다.,생각보다 자외선이 강해서 선크림을 안 쓰면 금방 붉어졌어요.
hyejin_life,유럽,몰도바,온대기후,경수,★★★★☆,여성,54,회계사,민감성,27°C (체감),47%,"올인원 로션, 선크림, 미스트",저자극 톤업크림 위주로 하고 색조는 최소화하는 것을 권장합니다.,실내 난방·냉방으로 건조해지기 쉬우니 블로팅 페이퍼와 미스트를 함께 챙기세요.,쾌적한 날씨였지만 건조해서 립밤과 수분크림을 자주 발라야 했어요.
yoonseo_world,유럽,몰도바,온대기후,경수,★☆☆☆☆,남성,21,수의사,민감성,15°C (체감),50%,"저자극 크림, 진정 토너, 수분 마스크팩",가벼운 산뜻한 로션 타입으로 유분이 적은 제품 위주로 사용하세요.,실내외 온도차가 큰 날에는 수분크림을 자주 덧발라 주는 것이 좋습니다.,일교차가 커서 아침저녁으로 피부 컨디션이 완전히 달랐어요. 저자극 크림이 도움이 됐어요.
yerin_ing,유럽,몰도바,온대기후,경수,★☆☆☆☆,여성,28,영업직,민감성,17°C (체감),53%,"산뜻한 로션, 선크림, 블로팅 페이퍼",촉촉한 선쿠션과 립틴트로 화사한 인상을 연출할 수 있습니다.,일교차가 크므로 수분 크림으로 아침저녁 보습을 꼼꼼히 챙겨주세요.,날씨는 선선했는데 실내 난방 때문에 오히려 피부가 건조하고 번들거렸어요.
yerim99,아시아,조지아,온대기후,경수,★★★★☆,여성,46,일러스트레이터,건성,18°C (체감),47%,"수분 크림, 선크림, 립밤",가벼운 톤업로션 정도로 자연스럽게 표현하는 메이크업이 잘 어울립니다.,일교차로 예민해지기 쉬운 피부에는 저자극 진정 라인 사용을 권장합니다.,생각보다 자외선이 강해서 선크림을 안 쓰면 금방 붉어졌어요.
packlight88,아시아,조지아,온대기후,경수,★★★★☆,남성,53,회사원,지성,20°C (체감),50%,"올인원 로션, 선크림, 미스트",저자극 톤업크림 위주로 하고 색조는 최소화하는 것을 권장합니다.,실내 난방·냉방으로 건조해지기 쉬우니 블로팅 페이퍼와 미스트를 함께 챙기세요.,쾌적한 날씨였지만 건조해서 립밤과 수분크림을 자주 발라야 했어요.
tintedlips_k,아시아,조지아,온대기후,경수,★★★★★,여성,20,교사,복합성,22°C (체감),53%,"저자극 크림, 진정 토너, 수분 마스크팩",가벼운 산뜻한 로션 타입으로 유분이 적은 제품 위주로 사용하세요.,실내외 온도차가 큰 날에는 수분크림을 자주 덧발라 주는 것이 좋습니다.,일교차가 커서 아침저녁으로 피부 컨디션이 완전히 달랐어요. 저자극 크림이 도움이 됐어요.
makeupfan99,아시아,조지아,온대기후,경수,★★★★★,남성,27,요리사,민감성,24°C (체감),56%,"산뜻한 로션, 선크림, 블로팅 페이퍼",촉촉한 선쿠션과 립틴트로 화사한 인상을 연출할 수 있습니다.,일교차가 크므로 수분 크림으로 아침저녁 보습을 꼼꼼히 챙겨주세요.,날씨는 선선했는데 실내 난방 때문에 오히려 피부가 건조하고 번들거렸어요.
minho_zone,아시아,조지아,온대기후,경수,★★★★★,여성,34,자영업,건성,26°C (체감),59%,"수분 크림, 립틴트, 선쿠션",촉촉한 쿠션과 크림 블러셔로 생기 있는 룩을 연출하는 것을 추천합니다.,환절기 피부 컨디션 변화에 대비해 올인원 로션으로 간편하게 보습을 유지하세요.,사계절이 뚜렷한 곳이라 그런지 여행 기간 내내 온도 변화에 신경 써야 했어요.
soojin99,아시아,조지아,온대기후,경수,★★★★★,남성,41,여행가이드,지성,28°C (체감),62%,"수분 크림, 선크림, 립밤",가벼운 톤업로션 정도로 자연스럽게 표현하는 메이크업이 잘 어울립니다.,일교차로 예민해지기 쉬운 피부에는 저자극 진정 라인 사용을 권장합니다.,생각보다 자외선이 강해서 선크림을 안 쓰면 금방 붉어졌어요.
taeyang_log,아시아,조지아,온대기후,경수,★★★☆☆,여성,48,작가,복합성,16°C (체감),45%,"올인원 로션, 선크림, 미스트",저자극 톤업크림 위주로 하고 색조는 최소화하는 것을 권장합니다.,실내 난방·냉방으로 건조해지기 쉬우니 블로팅 페이퍼와 미스트를 함께 챙기세요.,쾌적한 날씨였지만 건조해서 립밤과 수분크림을 자주 발라야 했어요.
yoona_mode,아시아,조지아,온대기후,경수,★★★★★,남성,55,연구원,민감성,18°C (체감),48%,"저자극 크림, 진정 토너, 수분 마스크팩",가벼운 산뜻한 로션 타입으로 유분이 적은 제품 위주로 사용하세요.,실내외 온도차가 큰 날에는 수분크림을 자주 덧발라 주는 것이 좋습니다.,일교차가 커서 아침저녁으로 피부 컨디션이 완전히 달랐어요. 저자극 크림이 도움이 됐어요.
yuna_life,아시아,조지아,온대기후,경수,★★★★☆,여성,22,바리스타,건성,20°C (체감),51%,"산뜻한 로션, 선크림, 블로팅 페이퍼",촉촉한 선쿠션과 립틴트로 화사한 인상을 연출할 수 있습니다.,일교차가 크므로 수분 크림으로 아침저녁 보습을 꼼꼼히 챙겨주세요.,날씨는 선선했는데 실내 난방 때문에 오히려 피부가 건조하고 번들거렸어요.
seungmin23,아시아,조지아,온대기후,경수,★★★★☆,남성,29,프로그래머,지성,22°C (체감),54%,"수분 크림, 립틴트, 선쿠션",촉촉한 쿠션과 크림 블러셔로 생기 있는 룩을 연출하는 것을 추천합니다.,환절기 피부 컨디션 변화에 대비해 올인원 로션으로 간편하게 보습을 유지하세요.,사계절이 뚜렷한 곳이라 그런지 여행 기간 내내 온도 변화에 신경 써야 했어요.
hydrated_zone,아시아,레바논,온대기후,경수,★★★☆☆,남성,35,요리사,민감성,21°C (체감),56%,"수분 크림, 립틴트, 선쿠션",촉촉한 쿠션과 크림 블러셔로 생기 있는 룩을 연출하는 것을 추천합니다.,환절기 피부 컨디션 변화에 대비해 올인원 로션으로 간편하게 보습을 유지하세요.,사계절이 뚜렷한 곳이라 그런지 여행 기간 내내 온도 변화에 신경 써야 했어요.
daon_log,아시아,레바논,온대기후,경수,★★★★☆,여성,42,자영업,민감성,23°C (체감),59%,"수분 크림, 선크림, 립밤",가벼운 톤업로션 정도로 자연스럽게 표현하는 메이크업이 잘 어울립니다.,일교차로 예민해지기 쉬운 피부에는 저자극 진정 라인 사용을 권장합니다.,생각보다 자외선이 강해서 선크림을 안 쓰면 금방 붉어졌어요.
combiskin_ing,아시아,레바논,온대기후,경수,★★☆☆☆,남성,49,여행가이드,민감성,25°C (체감),62%,"올인원 로션, 선크림, 미스트",저자극 톤업크림 위주로 하고 색조는 최소화하는 것을 권장합니다.,실내 난방·냉방으로 건조해지기 쉬우니 블로팅 페이퍼와 미스트를 함께 챙기세요.,쾌적한 날씨였지만 건조해서 립밤과 수분크림을 자주 발라야 했어요.
makeupfan_k,아시아,레바논,온대기후,경수,★★★★★,여성,56,작가,민감성,27°C (체감),45%,"저자극 크림, 진정 토너, 수분 마스크팩",가벼운 산뜻한 로션 타입으로 유분이 적은 제품 위주로 사용하세요.,실내외 온도차가 큰 날에는 수분크림을 자주 덧발라 주는 것이 좋습니다.,일교차가 커서 아침저녁으로 피부 컨디션이 완전히 달랐어요. 저자극 크림이 도움이 됐어요.
passportready88,아시아,레바논,온대기후,경수,★★★★★,남성,23,연구원,민감성,15°C (체감),48%,"산뜻한 로션, 선크림, 블로팅 페이퍼",촉촉한 선쿠션과 립틴트로 화사한 인상을 연출할 수 있습니다.,일교차가 크므로 수분 크림으로 아침저녁 보습을 꼼꼼히 챙겨주세요.,날씨는 선선했는데 실내 난방 때문에 오히려 피부가 건조하고 번들거렸어요.
jiwoo_love,아시아,레바논,온대기후,경수,★★★★☆,여성,30,바리스타,민감성,17°C (체감),51%,"수분 크림, 립틴트, 선쿠션",촉촉한 쿠션과 크림 블러셔로 생기 있는 룩을 연출하는 것을 추천합니다.,환절기 피부 컨디션 변화에 대비해 올인원 로션으로 간편하게 보습을 유지하세요.,사계절이 뚜렷한 곳이라 그런지 여행 기간 내내 온도 변화에 신경 써야 했어요.
skinfirst_mode,아시아,레바논,온대기후,경수,★★★★★,남성,37,프로그래머,민감성,19°C (체감),54%,"수분 크림, 선크림, 립밤",가벼운 톤업로션 정도로 자연스럽게 표현하는 메이크업이 잘 어울립니다.,일교차로 예민해지기 쉬운 피부에는 저자극 진정 라인 사용을 권장합니다.,생각보다 자외선이 강해서 선크림을 안 쓰면 금방 붉어졌어요.
makeupfan_story,아시아,레바논,온대기후,경수,★☆☆☆☆,여성,44,프리랜서,민감성,21°C (체감),57%,"올인원 로션, 선크림, 미스트",저자극 톤업크림 위주로 하고 색조는 최소화하는 것을 권장합니다.,실내 난방·냉방으로 건조해지기 쉬우니 블로팅 페이퍼와 미스트를 함께 챙기세요.,쾌적한 날씨였지만 건조해서 립밤과 수분크림을 자주 발라야 했어요.
nari_official,아시아,레바논,온대기후,경수,★★☆☆☆,남성,51,디자이너,민감성,23°C (체감),60%,"저자극 크림, 진정 토너, 수분 마스크팩",가벼운 산뜻한 로션 타입으로 유분이 적은 제품 위주로 사용하세요.,실내외 온도차가 큰 날에는 수분크림을 자주 덧발라 주는 것이 좋습니다.,일교차가 커서 아침저녁으로 피부 컨디션이 완전히 달랐어요. 저자극 크림이 도움이 됐어요.
dailyglow_life,아시아,레바논,온대기후,경수,★★★☆☆,여성,58,승무원,민감성,25°C (체감),63%,"산뜻한 로션, 선크림, 블로팅 페이퍼",촉촉한 선쿠션과 립틴트로 화사한 인상을 연출할 수 있습니다.,일교차가 크므로 수분 크림으로 아침저녁 보습을 꼼꼼히 챙겨주세요.,날씨는 선선했는데 실내 난방 때문에 오히려 피부가 건조하고 번들거렸어요.
jiwoo_zone,유럽,벨라루스,냉대기후,연수,★★★☆☆,남성,47,교사,건성,10°C (체감),33%,"수분 크림, 선크림, 핸드크림",색조는 생략하고 저자극 보습크림으로 피부 보호막을 만들어 주는 것이 좋습니다.,실내외 온도차가 크니 고보습 로션으로 수분 손실을 최소화하세요.,손이 다 트더라고요. 핸드크림을 수시로 발라야 했습니다.
chillmode_mode,유럽,벨라루스,냉대기후,연수,★★★★★,여성,54,요리사,건성,-10°C (체감),36%,"저자극 크림, 진정 밤, 립밤",가벼운 수분 로션 후 톤업크림으로 자연스럽게 마무리하세요.,손과 얼굴이 쉽게 트므로 핸드크림과 영양 크림을 자주 발라주는 것을 추천합니다.,너무 건조하고 추워서 얼굴이 갈라질 것 같았어요. 저자극 크림 없이는 힘들었어요.
subin_story,유럽,벨라루스,냉대기후,연수,★★★★☆,남성,21,자영업,건성,-8°C (체감),39%,"고보습 로션, 선크림, 미스트",입술과 볼이 트기 쉬우므로 유분감 있는 크림 타입 제품을 선택하세요.,매우 건조하고 추운 날씨이므로 영양 오일과 고보습 크림을 필수로 챙기세요.,찬바람이 강해서 볼과 입술이 계속 텄어요. 보습 제품을 몇 개는 챙겨가야 해요.
moisturemax23,유럽,벨라루스,냉대기후,연수,★★★★☆,여성,28,여행가이드,건성,-6°C (체감),42%,"영양 크림, 립밤, 핸드크림",메이크업보다는 보습 위주로 관리하고 톤업크림 정도만 가볍게 바르는 것을 추천합니다.,일교차와 자외선 모두 신경 써야 하므로 수분크림과 선크림을 함께 관리하세요.,낮과 밤의 기온차가 커서 피부가 계속 예민해졌어요.
luna88,유럽,벨라루스,냉대기후,연수,★★★★★,남성,35,작가,건성,-4°C (체감),45%,"고보습 크림, 립밤, 영양 오일",촉촉한 크림 베이스로 건조함을 커버하는 메이크업이 잘 어울립니다.,찬바람에 트러블이 생기기 쉬우므로 진정 밤으로 집중 케어해 주는 것이 좋습니다.,평소 지성 피부인데도 여기서는 피부가 당기고 건조해지는 걸 느꼈어요.
seungmin88,유럽,벨라루스,냉대기후,연수,★★★★☆,여성,42,연구원,건성,-2°C (체감),48%,"수분 크림, 선크림, 핸드크림",색조는 생략하고 저자극 보습크림으로 피부 보호막을 만들어 주는 것이 좋습니다.,실내외 온도차가 크니 고보습 로션으로 수분 손실을 최소화하세요.,손이 다 트더라고요. 핸드크림을 수시로 발라야 했습니다.
barefaced01,유럽,벨라루스,냉대기후,연수,★★★★☆,남성,49,바리스타,건성,0°C (체감),51%,"저자극 크림, 진정 밤, 립밤",가벼운 수분 로션 후 톤업크림으로 자연스럽게 마무리하세요.,손과 얼굴이 쉽게 트므로 핸드크림과 영양 크림을 자주 발라주는 것을 추천합니다.,너무 건조하고 추워서 얼굴이 갈라질 것 같았어요. 저자극 크림 없이는 힘들었어요.
chillmode_world,유럽,벨라루스,냉대기후,연수,★★★☆☆,여성,56,프로그래머,건성,2°C (체감),54%,"고보습 로션, 선크림, 미스트",입술과 볼이 트기 쉬우므로 유분감 있는 크림 타입 제품을 선택하세요.,매우 건조하고 추운 날씨이므로 영양 오일과 고보습 크림을 필수로 챙기세요.,찬바람이 강해서 볼과 입술이 계속 텄어요. 보습 제품을 몇 개는 챙겨가야 해요.
jiyoung01,유럽,벨라루스,냉대기후,연수,★★★★★,남성,23,프리랜서,건성,4°C (체감),32%,"영양 크림, 립밤, 핸드크림",메이크업보다는 보습 위주로 관리하고 톤업크림 정도만 가볍게 바르는 것을 추천합니다.,일교차와 자외선 모두 신경 써야 하므로 수분크림과 선크림을 함께 관리하세요.,낮과 밤의 기온차가 커서 피부가 계속 예민해졌어요.
serumfan99,유럽,벨라루스,냉대기후,연수,★★★★☆,여성,30,디자이너,건성,6°C (체감),35%,"고보습 크림, 립밤, 영양 오일",촉촉한 크림 베이스로 건조함을 커버하는 메이크업이 잘 어울립니다.,찬바람에 트러블이 생기기 쉬우므로 진정 밤으로 집중 케어해 주는 것이 좋습니다.,평소 지성 피부인데도 여기서는 피부가 당기고 건조해지는 걸 느꼈어요.
eunwoo_log,유럽,에스토니아,냉대기후,연수,★★★★★,여성,54,작가,복합성,11°C (체감),45%,"고보습 로션, 선크림, 미스트",입술과 볼이 트기 쉬우므로 유분감 있는 크림 타입 제품을 선택하세요.,매우 건조하고 추운 날씨이므로 영양 오일과 고보습 크림을 필수로 챙기세요.,찬바람이 강해서 볼과 입술이 계속 텄어요. 보습 제품을 몇 개는 챙겨가야 해요.
subin_note,유럽,에스토니아,냉대기후,연수,★☆☆☆☆,남성,21,연구원,복합성,-9°C (체감),48%,"영양 크림, 립밤, 핸드크림",메이크업보다는 보습 위주로 관리하고 톤업크림 정도만 가볍게 바르는 것을 추천합니다.,일교차와 자외선 모두 신경 써야 하므로 수분크림과 선크림을 함께 관리하세요.,낮과 밤의 기온차가 커서 피부가 계속 예민해졌어요.
subin23,유럽,에스토니아,냉대기후,연수,★★★★☆,여성,28,바리스타,복합성,-7°C (체감),51%,"고보습 크림, 립밤, 영양 오일",촉촉한 크림 베이스로 건조함을 커버하는 메이크업이 잘 어울립니다.,찬바람에 트러블이 생기기 쉬우므로 진정 밤으로 집중 케어해 주는 것이 좋습니다.,평소 지성 피부인데도 여기서는 피부가 당기고 건조해지는 걸 느꼈어요.
dahye_diary,유럽,에스토니아,냉대기후,연수,★★★★☆,남성,35,프로그래머,복합성,-5°C (체감),54%,"수분 크림, 선크림, 핸드크림",색조는 생략하고 저자극 보습크림으로 피부 보호막을 만들어 주는 것이 좋습니다.,실내외 온도차가 크니 고보습 로션으로 수분 손실을 최소화하세요.,손이 다 트더라고요. 핸드크림을 수시로 발라야 했습니다.
glowup_vibe,유럽,에스토니아,냉대기후,연수,★★★★★,여성,42,프리랜서,복합성,-3°C (체감),32%,"저자극 크림, 진정 밤, 립밤",가벼운 수분 로션 후 톤업크림으로 자연스럽게 마무리하세요.,손과 얼굴이 쉽게 트므로 핸드크림과 영양 크림을 자주 발라주는 것을 추천합니다.,너무 건조하고 추워서 얼굴이 갈라질 것 같았어요. 저자극 크림 없이는 힘들었어요.
travelbug_vibe,유럽,에스토니아,냉대기후,연수,★★★☆☆,남성,49,디자이너,복합성,-1°C (체감),35%,"고보습 로션, 선크림, 미스트",입술과 볼이 트기 쉬우므로 유분감 있는 크림 타입 제품을 선택하세요.,매우 건조하고 추운 날씨이므로 영양 오일과 고보습 크림을 필수로 챙기세요.,찬바람이 강해서 볼과 입술이 계속 텄어요. 보습 제품을 몇 개는 챙겨가야 해요.
humidmood07,유럽,에스토니아,냉대기후,연수,★★★☆☆,여성,56,승무원,복합성,1°C (체감),38%,"영양 크림, 립밤, 핸드크림",메이크업보다는 보습 위주로 관리하고 톤업크림 정도만 가볍게 바르는 것을 추천합니다.,일교차와 자외선 모두 신경 써야 하므로 수분크림과 선크림을 함께 관리하세요.,낮과 밤의 기온차가 커서 피부가 계속 예민해졌어요.
mountainhiker_92,유럽,에스토니아,냉대기후,연수,★★☆☆☆,남성,23,마케터,복합성,3°C (체감),41%,"고보습 크림, 립밤, 영양 오일",촉촉한 크림 베이스로 건조함을 커버하는 메이크업이 잘 어울립니다.,찬바람에 트러블이 생기기 쉬우므로 진정 밤으로 집중 케어해 주는 것이 좋습니다.,평소 지성 피부인데도 여기서는 피부가 당기고 건조해지는 걸 느꼈어요.
hyerin_love,유럽,에스토니아,냉대기후,연수,★★★★☆,여성,30,공무원,복합성,5°C (체감),44%,"수분 크림, 선크림, 핸드크림",색조는 생략하고 저자극 보습크림으로 피부 보호막을 만들어 주는 것이 좋습니다.,실내외 온도차가 크니 고보습 로션으로 수분 손실을 최소화하세요.,손이 다 트더라고요. 핸드크림을 수시로 발라야 했습니다.
roadtripper07,유럽,에스토니아,냉대기후,연수,★★★★★,남성,37,회계사,복합성,7°C (체감),47%,"저자극 크림, 진정 밤, 립밤",가벼운 수분 로션 후 톤업크림으로 자연스럽게 마무리하세요.,손과 얼굴이 쉽게 트므로 핸드크림과 영양 크림을 자주 발라주는 것을 추천합니다.,너무 건조하고 추워서 얼굴이 갈라질 것 같았어요. 저자극 크림 없이는 힘들었어요.
yuna_92,유럽,라트비아,냉대기후,연수,★★★★☆,여성,42,교사,건성,3°C (체감),33%,"수분 크림, 선크림, 핸드크림",색조는 생략하고 저자극 보습크림으로 피부 보호막을 만들어 주는 것이 좋습니다.,실내외 온도차가 크니 고보습 로션으로 수분 손실을 최소화하세요.,손이 다 트더라고요. 핸드크림을 수시로 발라야 했습니다.
eunwoo_vibe,유럽,라트비아,냉대기후,연수,★★★★★,남성,49,요리사,건성,5°C (체감),36%,"저자극 크림, 진정 밤, 립밤",가벼운 수분 로션 후 톤업크림으로 자연스럽게 마무리하세요.,손과 얼굴이 쉽게 트므로 핸드크림과 영양 크림을 자주 발라주는 것을 추천합니다.,너무 건조하고 추워서 얼굴이 갈라질 것 같았어요. 저자극 크림 없이는 힘들었어요.
weekendtrip_official,유럽,라트비아,냉대기후,연수,★★★☆☆,여성,56,자영업,건성,7°C (체감),39%,"고보습 로션, 선크림, 미스트",입술과 볼이 트기 쉬우므로 유분감 있는 크림 타입 제품을 선택하세요.,매우 건조하고 추운 날씨이므로 영양 오일과 고보습 크림을 필수로 챙기세요.,찬바람이 강해서 볼과 입술이 계속 텄어요. 보습 제품을 몇 개는 챙겨가야 해요.
cloudnine_92,유럽,라트비아,냉대기후,연수,★★★★★,남성,23,여행가이드,건성,9°C (체감),42%,"영양 크림, 립밤, 핸드크림",메이크업보다는 보습 위주로 관리하고 톤업크림 정도만 가볍게 바르는 것을 추천합니다.,일교차와 자외선 모두 신경 써야 하므로 수분크림과 선크림을 함께 관리하세요.,낮과 밤의 기온차가 커서 피부가 계속 예민해졌어요.
areum_log,유럽,라트비아,냉대기후,연수,★★★☆☆,여성,30,작가,건성,11°C (체감),45%,"고보습 크림, 립밤, 영양 오일",촉촉한 크림 베이스로 건조함을 커버하는 메이크업이 잘 어울립니다.,찬바람에 트러블이 생기기 쉬우므로 진정 밤으로 집중 케어해 주는 것이 좋습니다.,평소 지성 피부인데도 여기서는 피부가 당기고 건조해지는 걸 느꼈어요.
iseul_mode,유럽,라트비아,냉대기후,연수,★★★★★,남성,37,연구원,건성,-9°C (체감),48%,"수분 크림, 선크림, 핸드크림",색조는 생략하고 저자극 보습크림으로 피부 보호막을 만들어 주는 것이 좋습니다.,실내외 온도차가 크니 고보습 로션으로 수분 손실을 최소화하세요.,손이 다 트더라고요. 핸드크림을 수시로 발라야 했습니다.
jiyoung_daily,유럽,라트비아,냉대기후,연수,★★★★☆,여성,44,바리스타,건성,-7°C (체감),51%,"저자극 크림, 진정 밤, 립밤",가벼운 수분 로션 후 톤업크림으로 자연스럽게 마무리하세요.,손과 얼굴이 쉽게 트므로 핸드크림과 영양 크림을 자주 발라주는 것을 추천합니다.,너무 건조하고 추워서 얼굴이 갈라질 것 같았어요. 저자극 크림 없이는 힘들었어요.
areum_zone,유럽,라트비아,냉대기후,연수,★★★★★,남성,51,프로그래머,건성,-5°C (체감),54%,"고보습 로션, 선크림, 미스트",입술과 볼이 트기 쉬우므로 유분감 있는 크림 타입 제품을 선택하세요.,매우 건조하고 추운 날씨이므로 영양 오일과 고보습 크림을 필수로 챙기세요.,찬바람이 강해서 볼과 입술이 계속 텄어요. 보습 제품을 몇 개는 챙겨가야 해요.
roadtripper99,유럽,라트비아,냉대기후,연수,★★★★★,여성,58,프리랜서,건성,-3°C (체감),32%,"영양 크림, 립밤, 핸드크림",메이크업보다는 보습 위주로 관리하고 톤업크림 정도만 가볍게 바르는 것을 추천합니다.,일교차와 자외선 모두 신경 써야 하므로 수분크림과 선크림을 함께 관리하세요.,낮과 밤의 기온차가 커서 피부가 계속 예민해졌어요.
mattefinish_k,유럽,라트비아,냉대기후,연수,★★★★★,남성,25,디자이너,건성,-1°C (체감),35%,"고보습 크림, 립밤, 영양 오일",촉촉한 크림 베이스로 건조함을 커버하는 메이크업이 잘 어울립니다.,찬바람에 트러블이 생기기 쉬우므로 진정 밤으로 집중 케어해 주는 것이 좋습니다.,평소 지성 피부인데도 여기서는 피부가 당기고 건조해지는 걸 느꼈어요.
minjun_note,유럽,리투아니아,냉대기후,연수,★★★☆☆,여성,30,요리사,민감성,-1°C (체감),36%,"영양 크림, 립밤, 핸드크림",메이크업보다는 보습 위주로 관리하고 톤업크림 정도만 가볍게 바르는 것을 추천합니다.,일교차와 자외선 모두 신경 써야 하므로 수분크림과 선크림을 함께 관리하세요.,낮과 밤의 기온차가 커서 피부가 계속 예민해졌어요.
jiyeon_vibe,유럽,리투아니아,냉대기후,연수,★★★★☆,남성,37,자영업,민감성,1°C (체감),39%,"고보습 크림, 립밤, 영양 오일",촉촉한 크림 베이스로 건조함을 커버하는 메이크업이 잘 어울립니다.,찬바람에 트러블이 생기기 쉬우므로 진정 밤으로 집중 케어해 주는 것이 좋습니다.,평소 지성 피부인데도 여기서는 피부가 당기고 건조해지는 걸 느꼈어요.
yoona_log,유럽,리투아니아,냉대기후,연수,★★★★☆,여성,44,여행가이드,민감성,3°C (체감),42%,"수분 크림, 선크림, 핸드크림",색조는 생략하고 저자극 보습크림으로 피부 보호막을 만들어 주는 것이 좋습니다.,실내외 온도차가 크니 고보습 로션으로 수분 손실을 최소화하세요.,손이 다 트더라고요. 핸드크림을 수시로 발라야 했습니다.
hydrationqueen88,유럽,리투아니아,냉대기후,연수,★★★☆☆,남성,51,작가,민감성,5°C (체감),45%,"저자극 크림, 진정 밤, 립밤",가벼운 수분 로션 후 톤업크림으로 자연스럽게 마무리하세요.,손과 얼굴이 쉽게 트므로 핸드크림과 영양 크림을 자주 발라주는 것을 추천합니다.,너무 건조하고 추워서 얼굴이 갈라질 것 같았어요. 저자극 크림 없이는 힘들었어요.
taeyang88,유럽,리투아니아,냉대기후,연수,★☆☆☆☆,여성,58,연구원,민감성,7°C (체감),48%,"고보습 로션, 선크림, 미스트",입술과 볼이 트기 쉬우므로 유분감 있는 크림 타입 제품을 선택하세요.,매우 건조하고 추운 날씨이므로 영양 오일과 고보습 크림을 필수로 챙기세요.,찬바람이 강해서 볼과 입술이 계속 텄어요. 보습 제품을 몇 개는 챙겨가야 해요.
sunny_life,유럽,리투아니아,냉대기후,연수,★★★★★,남성,25,바리스타,민감성,9°C (체감),51%,"영양 크림, 립밤, 핸드크림",메이크업보다는 보습 위주로 관리하고 톤업크림 정도만 가볍게 바르는 것을 추천합니다.,일교차와 자외선 모두 신경 써야 하므로 수분크림과 선크림을 함께 관리하세요.,낮과 밤의 기온차가 커서 피부가 계속 예민해졌어요.
spflover01,유럽,리투아니아,냉대기후,연수,★★★☆☆,여성,32,프로그래머,민감성,11°C (체감),54%,"고보습 크림, 립밤, 영양 오일",촉촉한 크림 베이스로 건조함을 커버하는 메이크업이 잘 어울립니다.,찬바람에 트러블이 생기기 쉬우므로 진정 밤으로 집중 케어해 주는 것이 좋습니다.,평소 지성 피부인데도 여기서는 피부가 당기고 건조해지는 걸 느꼈어요.
dohyun88,유럽,리투아니아,냉대기후,연수,★★★☆☆,남성,39,프리랜서,민감성,-9°C (체감),32%,"수분 크림, 선크림, 핸드크림",색조는 생략하고 저자극 보습크림으로 피부 보호막을 만들어 주는 것이 좋습니다.,실내외 온도차가 크니 고보습 로션으로 수분 손실을 최소화하세요.,손이 다 트더라고요. 핸드크림을 수시로 발라야 했습니다.
kyla88,유럽,리투아니아,냉대기후,연수,★★★☆☆,여성,46,디자이너,민감성,-7°C (체감),35%,"저자극 크림, 진정 밤, 립밤",가벼운 수분 로션 후 톤업크림으로 자연스럽게 마무리하세요.,손과 얼굴이 쉽게 트므로 핸드크림과 영양 크림을 자주 발라주는 것을 추천합니다.,너무 건조하고 추워서 얼굴이 갈라질 것 같았어요. 저자극 크림 없이는 힘들었어요.
iseul_diary,유럽,리투아니아,냉대기후,연수,★★★★★,남성,53,승무원,민감성,-5°C (체감),38%,"고보습 로션, 선크림, 미스트",입술과 볼이 트기 쉬우므로 유분감 있는 크림 타입 제품을 선택하세요.,매우 건조하고 추운 날씨이므로 영양 오일과 고보습 크림을 필수로 챙기세요.,찬바람이 강해서 볼과 입술이 계속 텄어요. 보습 제품을 몇 개는 챙겨가야 해요.
sensitiveskin_life,유럽,알바니아,온대기후,경수,★★★★☆,여성,30,대학생,민감성,24°C (체감),51%,"수분 크림, 립틴트, 선쿠션",촉촉한 쿠션과 크림 블러셔로 생기 있는 룩을 연출하는 것을 추천합니다.,환절기 피부 컨디션 변화에 대비해 올인원 로션으로 간편하게 보습을 유지하세요.,사계절이 뚜렷한 곳이라 그런지 여행 기간 내내 온도 변화에 신경 써야 했어요.
jetsetter_life,유럽,알바니아,온대기후,경수,★★★☆☆,남성,37,간호사,민감성,26°C (체감),54%,"수분 크림, 선크림, 립밤",가벼운 톤업로션 정도로 자연스럽게 표현하는 메이크업이 잘 어울립니다.,일교차로 예민해지기 쉬운 피부에는 저자극 진정 라인 사용을 권장합니다.,생각보다 자외선이 강해서 선크림을 안 쓰면 금방 붉어졌어요.
hyerin99,유럽,알바니아,온대기후,경수,★★★★★,여성,44,사진작가,민감성,28°C (체감),57%,"올인원 로션, 선크림, 미스트",저자극 톤업크림 위주로 하고 색조는 최소화하는 것을 권장합니다.,실내 난방·냉방으로 건조해지기 쉬우니 블로팅 페이퍼와 미스트를 함께 챙기세요.,쾌적한 날씨였지만 건조해서 립밤과 수분크림을 자주 발라야 했어요.
minho_story,유럽,알바니아,온대기후,경수,★★★★☆,남성,51,엔지니어,민감성,16°C (체감),60%,"저자극 크림, 진정 토너, 수분 마스크팩",가벼운 산뜻한 로션 타입으로 유분이 적은 제품 위주로 사용하세요.,실내외 온도차가 큰 날에는 수분크림을 자주 덧발라 주는 것이 좋습니다.,일교차가 커서 아침저녁으로 피부 컨디션이 완전히 달랐어요. 저자극 크림이 도움이 됐어요.
dewyskin_92,유럽,알바니아,온대기후,경수,★★★★☆,여성,58,약사,민감성,18°C (체감),63%,"산뜻한 로션, 선크림, 블로팅 페이퍼",촉촉한 선쿠션과 립틴트로 화사한 인상을 연출할 수 있습니다.,일교차가 크므로 수분 크림으로 아침저녁 보습을 꼼꼼히 챙겨주세요.,날씨는 선선했는데 실내 난방 때문에 오히려 피부가 건조하고 번들거렸어요.
skincarelover_diary,유럽,알바니아,온대기후,경수,★★☆☆☆,남성,25,트레이너,민감성,20°C (체감),46%,"수분 크림, 립틴트, 선쿠션",촉촉한 쿠션과 크림 블러셔로 생기 있는 룩을 연출하는 것을 추천합니다.,환절기 피부 컨디션 변화에 대비해 올인원 로션으로 간편하게 보습을 유지하세요.,사계절이 뚜렷한 곳이라 그런지 여행 기간 내내 온도 변화에 신경 써야 했어요.
skinfirst_ing,유럽,알바니아,온대기후,경수,★★★★★,여성,32,건축가,민감성,22°C (체감),49%,"수분 크림, 선크림, 립밤",가벼운 톤업로션 정도로 자연스럽게 표현하는 메이크업이 잘 어울립니다.,일교차로 예민해지기 쉬운 피부에는 저자극 진정 라인 사용을 권장합니다.,생각보다 자외선이 강해서 선크림을 안 쓰면 금방 붉어졌어요.
areum_note,유럽,알바니아,온대기후,경수,★★★☆☆,남성,39,일러스트레이터,민감성,24°C (체감),52%,"올인원 로션, 선크림, 미스트",저자극 톤업크림 위주로 하고 색조는 최소화하는 것을 권장합니다.,실내 난방·냉방으로 건조해지기 쉬우니 블로팅 페이퍼와 미스트를 함께 챙기세요.,쾌적한 날씨였지만 건조해서 립밤과 수분크림을 자주 발라야 했어요.
freshface_log,유럽,알바니아,온대기후,경수,★★★★★,여성,46,회사원,민감성,26°C (체감),55%,"저자극 크림, 진정 토너, 수분 마스크팩",가벼운 산뜻한 로션 타입으로 유분이 적은 제품 위주로 사용하세요.,실내외 온도차가 큰 날에는 수분크림을 자주 덧발라 주는 것이 좋습니다.,일교차가 커서 아침저녁으로 피부 컨디션이 완전히 달랐어요. 저자극 크림이 도움이 됐어요.
funtraveler_log,유럽,알바니아,온대기후,경수,★★★★★,남성,53,교사,민감성,28°C (체감),58%,"산뜻한 로션, 선크림, 블로팅 페이퍼",촉촉한 선쿠션과 립틴트로 화사한 인상을 연출할 수 있습니다.,일교차가 크므로 수분 크림으로 아침저녁 보습을 꼼꼼히 챙겨주세요.,날씨는 선선했는데 실내 난방 때문에 오히려 피부가 건조하고 번들거렸어요.
sora_vibe,유럽,안도라,온대기후,경수,★★★★☆,남성,49,디자이너,복합성,25°C (체감),50%,"산뜻한 로션, 선크림, 블로팅 페이퍼",촉촉한 선쿠션과 립틴트로 화사한 인상을 연출할 수 있습니다.,일교차가 크므로 수분 크림으로 아침저녁 보습을 꼼꼼히 챙겨주세요.,날씨는 선선했는데 실내 난방 때문에 오히려 피부가 건조하고 번들거렸어요.
minji_world,유럽,안도라,온대기후,경수,★★★★☆,여성,56,승무원,복합성,27°C (체감),53%,"수분 크림, 립틴트, 선쿠션",촉촉한 쿠션과 크림 블러셔로 생기 있는 룩을 연출하는 것을 추천합니다.,환절기 피부 컨디션 변화에 대비해 올인원 로션으로 간편하게 보습을 유지하세요.,사계절이 뚜렷한 곳이라 그런지 여행 기간 내내 온도 변화에 신경 써야 했어요.
dailyglow_world,유럽,안도라,온대기후,경수,★★★★☆,남성,23,마케터,복합성,15°C (체감),56%,"수분 크림, 선크림, 립밤",가벼운 톤업로션 정도로 자연스럽게 표현하는 메이크업이 잘 어울립니다.,일교차로 예민해지기 쉬운 피부에는 저자극 진정 라인 사용을 권장합니다.,생각보다 자외선이 강해서 선크림을 안 쓰면 금방 붉어졌어요.
roadtripper_log,유럽,안도라,온대기후,경수,★★☆☆☆,여성,30,공무원,복합성,17°C (체감),59%,"올인원 로션, 선크림, 미스트",저자극 톤업크림 위주로 하고 색조는 최소화하는 것을 권장합니다.,실내 난방·냉방으로 건조해지기 쉬우니 블로팅 페이퍼와 미스트를 함께 챙기세요.,쾌적한 날씨였지만 건조해서 립밤과 수분크림을 자주 발라야 했어요.
yuna_love,유럽,안도라,온대기후,경수,★★★★★,남성,37,회계사,복합성,19°C (체감),62%,"저자극 크림, 진정 토너, 수분 마스크팩",가벼운 산뜻한 로션 타입으로 유분이 적은 제품 위주로 사용하세요.,실내외 온도차가 큰 날에는 수분크림을 자주 덧발라 주는 것이 좋습니다.,일교차가 커서 아침저녁으로 피부 컨디션이 완전히 달랐어요. 저자극 크림이 도움이 됐어요.
dohyun_daily,유럽,안도라,온대기후,경수,★★★★☆,여성,44,수의사,복합성,21°C (체감),45%,"산뜻한 로션, 선크림, 블로팅 페이퍼",촉촉한 선쿠션과 립틴트로 화사한 인상을 연출할 수 있습니다.,일교차가 크므로 수분 크림으로 아침저녁 보습을 꼼꼼히 챙겨주세요.,날씨는 선선했는데 실내 난방 때문에 오히려 피부가 건조하고 번들거렸어요.
islandhopper_vibe,유럽,안도라,온대기후,경수,★★★★☆,남성,51,영업직,복합성,23°C (체감),48%,"수분 크림, 립틴트, 선쿠션",촉촉한 쿠션과 크림 블러셔로 생기 있는 룩을 연출하는 것을 추천합니다.,환절기 피부 컨디션 변화에 대비해 올인원 로션으로 간편하게 보습을 유지하세요.,사계절이 뚜렷한 곳이라 그런지 여행 기간 내내 온도 변화에 신경 써야 했어요.
mistyday01,유럽,안도라,온대기후,경수,★★★★★,여성,58,대학생,복합성,25°C (체감),51%,"수분 크림, 선크림, 립밤",가벼운 톤업로션 정도로 자연스럽게 표현하는 메이크업이 잘 어울립니다.,일교차로 예민해지기 쉬운 피부에는 저자극 진정 라인 사용을 권장합니다.,생각보다 자외선이 강해서 선크림을 안 쓰면 금방 붉어졌어요.
minji_zone,유럽,안도라,온대기후,경수,★★☆☆☆,남성,25,간호사,복합성,27°C (체감),54%,"올인원 로션, 선크림, 미스트",저자극 톤업크림 위주로 하고 색조는 최소화하는 것을 권장합니다.,실내 난방·냉방으로 건조해지기 쉬우니 블로팅 페이퍼와 미스트를 함께 챙기세요.,쾌적한 날씨였지만 건조해서 립밤과 수분크림을 자주 발라야 했어요.
sunnytraveler_mode,유럽,안도라,온대기후,경수,★★★★★,여성,32,사진작가,복합성,15°C (체감),57%,"저자극 크림, 진정 토너, 수분 마스크팩",가벼운 산뜻한 로션 타입으로 유분이 적은 제품 위주로 사용하세요.,실내외 온도차가 큰 날에는 수분크림을 자주 덧발라 주는 것이 좋습니다.,일교차가 커서 아침저녁으로 피부 컨디션이 완전히 달랐어요. 저자극 크림이 도움이 됐어요.
calmnface_92,아프리카,앙골라,열대기후,연수,★★★★★,남성,31,회계사,복합성,30°C (체감),82%,"워터프루프 선크림, 피지 컨트롤 파우더, 픽싱 미스트",매트한 베이스로 유분과 땀을 컨트롤하며 색조는 최소화하는 것이 좋습니다.,자외선 노출 후에는 진정 스프레이와 수분 시트마스크로 피부를 달래주는 것이 좋습니다.,고온다습한 날씨 탓에 피부 트러블이 갑자기 올라와서 당황했어요.
moisturemax_92,아프리카,앙골라,열대기후,연수,★★★★★,여성,38,수의사,민감성,32°C (체감),85%,"매트 선크림, 블로팅 페이퍼, 쿨링 토너",촉촉한 쿠션으로 습기에도 밀리지 않게 가볍게 표현하는 것을 추천합니다.,실내외 온습도 차이가 크므로 미스트로 수시로 수분을 보충해 주세요.,에어컨 실내와 습한 실외를 오가다 보니 피부 컨디션이 계속 오락가락했어요.
paul07,아프리카,앙골라,열대기후,연수,★★★★☆,남성,45,영업직,건성,34°C (체감),88%,"저자극 선크림, 진정 스프레이, 수분 시트마스크",색조보다는 톤업 선크림 위주로 산뜻하게 마무리하는 것을 권장합니다.,피지 분비가 많아지는 시기이므로 클레이 마스크로 주 1~2회 관리해 주는 것을 추천합니다.,습도가 정말 높아서 화장이 금방 무너졌어요. 저자극 선크림 없이는 하루도 버티기 힘들었어요.
chillmode_k,아프리카,앙골라,열대기후,연수,★★★☆☆,여성,52,대학생,지성,36°C (체감),75%,"가벼운 수분 선크림, 쿠션, 미스트",워터프루프 아이라이너와 마스카라로 땀과 습기에 대비하는 것이 좋습니다.,저녁에 이중세안을 꼭 하고 산뜻한 젤 타입 제품으로 유수분 밸런스를 유지하세요.,생각보다 더 더워서 땀 때문에 끈적임이 심했는데 가벼운 수분 선크림이 정말 큰 도움이 됐습니다.
barefaced_mode,아프리카,앙골라,열대기후,연수,★★★★★,남성,59,간호사,복합성,31°C (체감),78%,"워터프루프 아이라이너, 피지 흡수 패드, 쿨링 젤",얇은 베이스에 워터프루프 제품 위주로 메이크업하고 픽싱 스프레이로 마무리하는 것을 추천합니다.,외출 중 블로팅 페이퍼로 피지를 자주 관리하고 쿨링 토너로 진정시켜 주세요.,야외 일정이 많았는데 자외선이 강해서 워터프루프 아이라이너을 자주 덧발라야 했어요.
mattefinish23,아프리카,앙골라,열대기후,연수,★★☆☆☆,여성,26,사진작가,민감성,33°C (체감),81%,"워터프루프 선크림, 피지 컨트롤 파우더, 픽싱 미스트",매트한 베이스로 유분과 땀을 컨트롤하며 색조는 최소화하는 것이 좋습니다.,자외선 노출 후에는 진정 스프레이와 수분 시트마스크로 피부를 달래주는 것이 좋습니다.,고온다습한 날씨 탓에 피부 트러블이 갑자기 올라와서 당황했어요.
globetrotter_note,아프리카,앙골라,열대기후,연수,★★★★☆,남성,33,엔지니어,건성,35°C (체감),84%,"매트 선크림, 블로팅 페이퍼, 쿨링 토너",촉촉한 쿠션으로 습기에도 밀리지 않게 가볍게 표현하는 것을 추천합니다.,실내외 온습도 차이가 크므로 미스트로 수시로 수분을 보충해 주세요.,에어컨 실내와 습한 실외를 오가다 보니 피부 컨디션이 계속 오락가락했어요.
minseo88,아프리카,앙골라,열대기후,연수,★★★★★,여성,40,약사,지성,30°C (체감),87%,"저자극 선크림, 진정 스프레이, 수분 시트마스크",색조보다는 톤업 선크림 위주로 산뜻하게 마무리하는 것을 권장합니다.,피지 분비가 많아지는 시기이므로 클레이 마스크로 주 1~2회 관리해 주는 것을 추천합니다.,습도가 정말 높아서 화장이 금방 무너졌어요. 저자극 선크림 없이는 하루도 버티기 힘들었어요.
minho_92,아프리카,앙골라,열대기후,연수,★★☆☆☆,남성,47,트레이너,복합성,32°C (체감),90%,"가벼운 수분 선크림, 쿠션, 미스트",워터프루프 아이라이너와 마스카라로 땀과 습기에 대비하는 것이 좋습니다.,저녁에 이중세안을 꼭 하고 산뜻한 젤 타입 제품으로 유수분 밸런스를 유지하세요.,생각보다 더 더워서 땀 때문에 끈적임이 심했는데 가벼운 수분 선크림이 정말 큰 도움이 됐습니다.
moisturemax_mode,아프리카,앙골라,열대기후,연수,★★☆☆☆,여성,54,건축가,민감성,34°C (체감),77%,"워터프루프 아이라이너, 피지 흡수 패드, 쿨링 젤",얇은 베이스에 워터프루프 제품 위주로 메이크업하고 픽싱 스프레이로 마무리하는 것을 추천합니다.,외출 중 블로팅 페이퍼로 피지를 자주 관리하고 쿨링 토너로 진정시켜 주세요.,야외 일정이 많았는데 자외선이 강해서 워터프루프 아이라이너을 자주 덧발라야 했어요.
quinn_world,북아메리카,앤티가바부다,열대기후,경수,★★★★★,여성,30,대학생,민감성,32°C (체감),81%,"워터프루프 아이라이너, 피지 흡수 패드, 쿨링 젤",얇은 베이스에 워터프루프 제품 위주로 메이크업하고 픽싱 스프레이로 마무리하는 것을 추천합니다.,외출 중 블로팅 페이퍼로 피지를 자주 관리하고 쿨링 토너로 진정시켜 주세요.,야외 일정이 많았는데 자외선이 강해서 워터프루프 아이라이너을 자주 덧발라야 했어요.
tintedlips_92,북아메리카,앤티가바부다,열대기후,경수,★★☆☆☆,남성,37,간호사,민감성,34°C (체감),84%,"워터프루프 선크림, 피지 컨트롤 파우더, 픽싱 미스트",매트한 베이스로 유분과 땀을 컨트롤하며 색조는 최소화하는 것이 좋습니다.,자외선 노출 후에는 진정 스프레이와 수분 시트마스크로 피부를 달래주는 것이 좋습니다.,고온다습한 날씨 탓에 피부 트러블이 갑자기 올라와서 당황했어요.
areum_life,북아메리카,앤티가바부다,열대기후,경수,★★★★★,여성,44,사진작가,민감성,36°C (체감),87%,"매트 선크림, 블로팅 페이퍼, 쿨링 토너",촉촉한 쿠션으로 습기에도 밀리지 않게 가볍게 표현하는 것을 추천합니다.,실내외 온습도 차이가 크므로 미스트로 수시로 수분을 보충해 주세요.,에어컨 실내와 습한 실외를 오가다 보니 피부 컨디션이 계속 오락가락했어요.
hydrated_love,북아메리카,앤티가바부다,열대기후,경수,★★★★★,남성,51,엔지니어,민감성,31°C (체감),90%,"저자극 선크림, 진정 스프레이, 수분 시트마스크",색조보다는 톤업 선크림 위주로 산뜻하게 마무리하는 것을 권장합니다.,피지 분비가 많아지는 시기이므로 클레이 마스크로 주 1~2회 관리해 주는 것을 추천합니다.,습도가 정말 높아서 화장이 금방 무너졌어요. 저자극 선크림 없이는 하루도 버티기 힘들었어요.
hyerin_92,북아메리카,앤티가바부다,열대기후,경수,★★★★☆,여성,58,약사,민감성,33°C (체감),77%,"가벼운 수분 선크림, 쿠션, 미스트",워터프루프 아이라이너와 마스카라로 땀과 습기에 대비하는 것이 좋습니다.,저녁에 이중세안을 꼭 하고 산뜻한 젤 타입 제품으로 유수분 밸런스를 유지하세요.,생각보다 더 더워서 땀 때문에 끈적임이 심했는데 가벼운 수분 선크림이 정말 큰 도움이 됐습니다.
yoona01,북아메리카,앤티가바부다,열대기후,경수,★☆☆☆☆,남성,25,트레이너,민감성,35°C (체감),80%,"워터프루프 아이라이너, 피지 흡수 패드, 쿨링 젤",얇은 베이스에 워터프루프 제품 위주로 메이크업하고 픽싱 스프레이로 마무리하는 것을 추천합니다.,외출 중 블로팅 페이퍼로 피지를 자주 관리하고 쿨링 토너로 진정시켜 주세요.,야외 일정이 많았는데 자외선이 강해서 워터프루프 아이라이너을 자주 덧발라야 했어요.
hyejin23,북아메리카,앤티가바부다,열대기후,경수,★★★★★,여성,32,건축가,민감성,30°C (체감),83%,"워터프루프 선크림, 피지 컨트롤 파우더, 픽싱 미스트",매트한 베이스로 유분과 땀을 컨트롤하며 색조는 최소화하는 것이 좋습니다.,자외선 노출 후에는 진정 스프레이와 수분 시트마스크로 피부를 달래주는 것이 좋습니다.,고온다습한 날씨 탓에 피부 트러블이 갑자기 올라와서 당황했어요.
chorong_log,북아메리카,앤티가바부다,열대기후,경수,★★★★☆,남성,39,일러스트레이터,민감성,32°C (체감),86%,"매트 선크림, 블로팅 페이퍼, 쿨링 토너",촉촉한 쿠션으로 습기에도 밀리지 않게 가볍게 표현하는 것을 추천합니다.,실내외 온습도 차이가 크므로 미스트로 수시로 수분을 보충해 주세요.,에어컨 실내와 습한 실외를 오가다 보니 피부 컨디션이 계속 오락가락했어요.
tintedlips_note,북아메리카,앤티가바부다,열대기후,경수,★★★★★,여성,46,회사원,민감성,34°C (체감),89%,"저자극 선크림, 진정 스프레이, 수분 시트마스크",색조보다는 톤업 선크림 위주로 산뜻하게 마무리하는 것을 권장합니다.,피지 분비가 많아지는 시기이므로 클레이 마스크로 주 1~2회 관리해 주는 것을 추천합니다.,습도가 정말 높아서 화장이 금방 무너졌어요. 저자극 선크림 없이는 하루도 버티기 힘들었어요.
citywalker_92,북아메리카,앤티가바부다,열대기후,경수,★★★☆☆,남성,53,교사,민감성,36°C (체감),76%,"가벼운 수분 선크림, 쿠션, 미스트",워터프루프 아이라이너와 마스카라로 땀과 습기에 대비하는 것이 좋습니다.,저녁에 이중세안을 꼭 하고 산뜻한 젤 타입 제품으로 유수분 밸런스를 유지하세요.,생각보다 더 더워서 땀 때문에 끈적임이 심했는데 가벼운 수분 선크림이 정말 큰 도움이 됐습니다.
jaewon_official,아시아,아르메니아,건조기후,경수,★★★★★,여성,56,회계사,건성,37°C (체감),27%,"고보습 선크림, 미스트, 영양 크림",메이크업은 최소화하고 톤업 선크림으로 자연스럽게 마무리하는 것을 권장합니다.,자외선 노출 후 진정 젤로 쿨다운하고 세럼으로 수분을 채워주는 것을 추천합니다.,햇빛이 강렬해서 선크림을 2~3시간마다 덧발라야 했어요.
daon07,아시아,아르메니아,건조기후,경수,★★★☆☆,남성,23,수의사,지성,39°C (체감),30%,"저자극 선크림, 진정 젤, 수분 세럼",가벼운 수분 쿠션으로 건조함을 커버하며 자연스러운 룩을 연출하세요.,낮은 습도로 인한 수분 손실을 막기 위해 고보습 크림을 겹겹이 발라주세요.,사막성 기후라 그런지 평소보다 피부가 훨씬 건조해지는 걸 느꼈어요.
chaewon_story,아시아,아르메니아,건조기후,경수,★★★★★,여성,30,영업직,복합성,41°C (체감),33%,"수분 로션, 선크림, 핸드크림",고보습 베이스 제품으로 들뜸 없이 매끈한 피부 표현이 가능합니다.,입술과 손이 트기 쉬우므로 립밤과 핸드크림을 항상 휴대하는 것이 좋습니다.,낮은 습도 때문에 피부가 계속 당기고 화장이 들떴어요. 수분 로션이 필수였습니다.
gina23,아시아,아르메니아,건조기후,경수,★★★★☆,남성,37,대학생,민감성,29°C (체감),16%,"고SPF 선크림, 쿨링 미스트, 립밤",립 제품은 보습 밤 타입을 선택해 건조함으로 인한 각질을 예방하세요.,건조한 기후이므로 미스트를 수시로 뿌려 수분을 보충하는 것이 중요합니다.,일교차가 커서 낮에는 덥고 밤에는 쌀쌀해 피부가 예민해졌어요.
nomakeupdays_note,아시아,아르메니아,건조기후,경수,★★☆☆☆,여성,44,간호사,건성,31°C (체감),19%,"수분 크림, 선쿠션, 진정 스프레이",촉촉한 베이스에 크림 타입 블러셔로 생기를 더하는 메이크업을 추천합니다.,강한 햇빛 대비 SPF 높은 제품을 사용하고 쿨링 미스트로 열감을 진정시켜 주세요.,건조한 바람 때문에 입술과 볼이 자주 텄어요. 수분 크림 없이는 힘들었을 것 같아요.
seungmin_ing,아시아,아르메니아,건조기후,경수,★★★★★,남성,51,사진작가,지성,33°C (체감),22%,"고보습 선크림, 미스트, 영양 크림",메이크업은 최소화하고 톤업 선크림으로 자연스럽게 마무리하는 것을 권장합니다.,자외선 노출 후 진정 젤로 쿨다운하고 세럼으로 수분을 채워주는 것을 추천합니다.,햇빛이 강렬해서 선크림을 2~3시간마다 덧발라야 했어요.
backpacklife_note,아시아,아르메니아,건조기후,경수,★★★★☆,여성,58,엔지니어,복합성,35°C (체감),25%,"저자극 선크림, 진정 젤, 수분 세럼",가벼운 수분 쿠션으로 건조함을 커버하며 자연스러운 룩을 연출하세요.,낮은 습도로 인한 수분 손실을 막기 위해 고보습 크림을 겹겹이 발라주세요.,사막성 기후라 그런지 평소보다 피부가 훨씬 건조해지는 걸 느꼈어요.
balmaddict_mode,아시아,아르메니아,건조기후,경수,★★★★☆,남성,25,약사,민감성,37°C (체감),28%,"수분 로션, 선크림, 핸드크림",고보습 베이스 제품으로 들뜸 없이 매끈한 피부 표현이 가능합니다.,입술과 손이 트기 쉬우므로 립밤과 핸드크림을 항상 휴대하는 것이 좋습니다.,낮은 습도 때문에 피부가 계속 당기고 화장이 들떴어요. 수분 로션이 필수였습니다.
wanderlust07,아시아,아르메니아,건조기후,경수,★★★★☆,여성,32,트레이너,건성,39°C (체감),31%,"고SPF 선크림, 쿨링 미스트, 립밤",립 제품은 보습 밤 타입을 선택해 건조함으로 인한 각질을 예방하세요.,건조한 기후이므로 미스트를 수시로 뿌려 수분을 보충하는 것이 중요합니다.,일교차가 커서 낮에는 덥고 밤에는 쌀쌀해 피부가 예민해졌어요.
luna_diary,아시아,아르메니아,건조기후,경수,★★★★☆,남성,39,건축가,지성,41°C (체감),34%,"수분 크림, 선쿠션, 진정 스프레이",촉촉한 베이스에 크림 타입 블러셔로 생기를 더하는 메이크업을 추천합니다.,강한 햇빛 대비 SPF 높은 제품을 사용하고 쿨링 미스트로 열감을 진정시켜 주세요.,건조한 바람 때문에 입술과 볼이 자주 텄어요. 수분 크림 없이는 힘들었을 것 같아요.
radiantme_mode,아시아,아제르바이잔,건조기후,경수,★★★★☆,남성,21,사진작가,복합성,40°C (체감),32%,"고보습 선크림, 미스트, 영양 크림",메이크업은 최소화하고 톤업 선크림으로 자연스럽게 마무리하는 것을 권장합니다.,자외선 노출 후 진정 젤로 쿨다운하고 세럼으로 수분을 채워주는 것을 추천합니다.,햇빛이 강렬해서 선크림을 2~3시간마다 덧발라야 했어요.
clearskin23,아시아,아제르바이잔,건조기후,경수,★★★★★,여성,28,엔지니어,민감성,28°C (체감),15%,"저자극 선크림, 진정 젤, 수분 세럼",가벼운 수분 쿠션으로 건조함을 커버하며 자연스러운 룩을 연출하세요.,낮은 습도로 인한 수분 손실을 막기 위해 고보습 크림을 겹겹이 발라주세요.,사막성 기후라 그런지 평소보다 피부가 훨씬 건조해지는 걸 느꼈어요.
mia_vibe,아시아,아제르바이잔,건조기후,경수,★★★★★,남성,35,약사,건성,30°C (체감),18%,"수분 로션, 선크림, 핸드크림",고보습 베이스 제품으로 들뜸 없이 매끈한 피부 표현이 가능합니다.,입술과 손이 트기 쉬우므로 립밤과 핸드크림을 항상 휴대하는 것이 좋습니다.,낮은 습도 때문에 피부가 계속 당기고 화장이 들떴어요. 수분 로션이 필수였습니다.
haeun_log,아시아,아제르바이잔,건조기후,경수,★★★★★,여성,42,트레이너,지성,32°C (체감),21%,"고SPF 선크림, 쿨링 미스트, 립밤",립 제품은 보습 밤 타입을 선택해 건조함으로 인한 각질을 예방하세요.,건조한 기후이므로 미스트를 수시로 뿌려 수분을 보충하는 것이 중요합니다.,일교차가 커서 낮에는 덥고 밤에는 쌀쌀해 피부가 예민해졌어요.
minjun_log,아시아,아제르바이잔,건조기후,경수,★★★★☆,남성,49,건축가,복합성,34°C (체감),24%,"수분 크림, 선쿠션, 진정 스프레이",촉촉한 베이스에 크림 타입 블러셔로 생기를 더하는 메이크업을 추천합니다.,강한 햇빛 대비 SPF 높은 제품을 사용하고 쿨링 미스트로 열감을 진정시켜 주세요.,건조한 바람 때문에 입술과 볼이 자주 텄어요. 수분 크림 없이는 힘들었을 것 같아요.
softskin_ing,아시아,아제르바이잔,건조기후,경수,★★★★☆,여성,56,일러스트레이터,민감성,36°C (체감),27%,"고보습 선크림, 미스트, 영양 크림",메이크업은 최소화하고 톤업 선크림으로 자연스럽게 마무리하는 것을 권장합니다.,자외선 노출 후 진정 젤로 쿨다운하고 세럼으로 수분을 채워주는 것을 추천합니다.,햇빛이 강렬해서 선크림을 2~3시간마다 덧발라야 했어요.
softskin_daily,아시아,아제르바이잔,건조기후,경수,★★★☆☆,남성,23,회사원,건성,38°C (체감),30%,"저자극 선크림, 진정 젤, 수분 세럼",가벼운 수분 쿠션으로 건조함을 커버하며 자연스러운 룩을 연출하세요.,낮은 습도로 인한 수분 손실을 막기 위해 고보습 크림을 겹겹이 발라주세요.,사막성 기후라 그런지 평소보다 피부가 훨씬 건조해지는 걸 느꼈어요.
paul_love,아시아,아제르바이잔,건조기후,경수,★★★★★,여성,30,교사,지성,40°C (체감),33%,"수분 로션, 선크림, 핸드크림",고보습 베이스 제품으로 들뜸 없이 매끈한 피부 표현이 가능합니다.,입술과 손이 트기 쉬우므로 립밤과 핸드크림을 항상 휴대하는 것이 좋습니다.,낮은 습도 때문에 피부가 계속 당기고 화장이 들떴어요. 수분 로션이 필수였습니다.
islandhopper_ing,아시아,아제르바이잔,건조기후,경수,★★★☆☆,남성,37,요리사,복합성,28°C (체감),16%,"고SPF 선크림, 쿨링 미스트, 립밤",립 제품은 보습 밤 타입을 선택해 건조함으로 인한 각질을 예방하세요.,건조한 기후이므로 미스트를 수시로 뿌려 수분을 보충하는 것이 중요합니다.,일교차가 커서 낮에는 덥고 밤에는 쌀쌀해 피부가 예민해졌어요.
hyejin_note,아시아,아제르바이잔,건조기후,경수,★★★★☆,여성,44,자영업,민감성,30°C (체감),19%,"수분 크림, 선쿠션, 진정 스프레이",촉촉한 베이스에 크림 타입 블러셔로 생기를 더하는 메이크업을 추천합니다.,강한 햇빛 대비 SPF 높은 제품을 사용하고 쿨링 미스트로 열감을 진정시켜 주세요.,건조한 바람 때문에 입술과 볼이 자주 텄어요. 수분 크림 없이는 힘들었을 것 같아요.
tropicalgirl_vibe,북아메리카,바하마,열대기후,경수,★★★★☆,남성,55,요리사,민감성,36°C (체감),82%,"워터프루프 아이라이너, 피지 흡수 패드, 쿨링 젤",얇은 베이스에 워터프루프 제품 위주로 메이크업하고 픽싱 스프레이로 마무리하는 것을 추천합니다.,외출 중 블로팅 페이퍼로 피지를 자주 관리하고 쿨링 토너로 진정시켜 주세요.,야외 일정이 많았는데 자외선이 강해서 워터프루프 아이라이너을 자주 덧발라야 했어요.
rina_mode,북아메리카,바하마,열대기후,경수,★★★☆☆,여성,22,자영업,민감성,31°C (체감),85%,"워터프루프 선크림, 피지 컨트롤 파우더, 픽싱 미스트",매트한 베이스로 유분과 땀을 컨트롤하며 색조는 최소화하는 것이 좋습니다.,자외선 노출 후에는 진정 스프레이와 수분 시트마스크로 피부를 달래주는 것이 좋습니다.,고온다습한 날씨 탓에 피부 트러블이 갑자기 올라와서 당황했어요.
hana23,북아메리카,바하마,열대기후,경수,★★★★☆,남성,29,여행가이드,민감성,33°C (체감),88%,"매트 선크림, 블로팅 페이퍼, 쿨링 토너",촉촉한 쿠션으로 습기에도 밀리지 않게 가볍게 표현하는 것을 추천합니다.,실내외 온습도 차이가 크므로 미스트로 수시로 수분을 보충해 주세요.,에어컨 실내와 습한 실외를 오가다 보니 피부 컨디션이 계속 오락가락했어요.
roadtripper_vibe,북아메리카,바하마,열대기후,경수,★★★★☆,여성,36,작가,민감성,35°C (체감),75%,"저자극 선크림, 진정 스프레이, 수분 시트마스크",색조보다는 톤업 선크림 위주로 산뜻하게 마무리하는 것을 권장합니다.,피지 분비가 많아지는 시기이므로 클레이 마스크로 주 1~2회 관리해 주는 것을 추천합니다.,습도가 정말 높아서 화장이 금방 무너졌어요. 저자극 선크림 없이는 하루도 버티기 힘들었어요.
luna_daily,북아메리카,바하마,열대기후,경수,★★★★☆,남성,43,연구원,민감성,30°C (체감),78%,"가벼운 수분 선크림, 쿠션, 미스트",워터프루프 아이라이너와 마스카라로 땀과 습기에 대비하는 것이 좋습니다.,저녁에 이중세안을 꼭 하고 산뜻한 젤 타입 제품으로 유수분 밸런스를 유지하세요.,생각보다 더 더워서 땀 때문에 끈적임이 심했는데 가벼운 수분 선크림이 정말 큰 도움이 됐습니다.
haru_official,북아메리카,바하마,열대기후,경수,★★★★★,여성,50,바리스타,민감성,32°C (체감),81%,"워터프루프 아이라이너, 피지 흡수 패드, 쿨링 젤",얇은 베이스에 워터프루프 제품 위주로 메이크업하고 픽싱 스프레이로 마무리하는 것을 추천합니다.,외출 중 블로팅 페이퍼로 피지를 자주 관리하고 쿨링 토너로 진정시켜 주세요.,야외 일정이 많았는데 자외선이 강해서 워터프루프 아이라이너을 자주 덧발라야 했어요.
desertrose88,북아메리카,바하마,열대기후,경수,★★☆☆☆,남성,57,프로그래머,민감성,34°C (체감),84%,"워터프루프 선크림, 피지 컨트롤 파우더, 픽싱 미스트",매트한 베이스로 유분과 땀을 컨트롤하며 색조는 최소화하는 것이 좋습니다.,자외선 노출 후에는 진정 스프레이와 수분 시트마스크로 피부를 달래주는 것이 좋습니다.,고온다습한 날씨 탓에 피부 트러블이 갑자기 올라와서 당황했어요.
coolbreeze99,북아메리카,바하마,열대기후,경수,★★★★☆,여성,24,프리랜서,민감성,36°C (체감),87%,"매트 선크림, 블로팅 페이퍼, 쿨링 토너",촉촉한 쿠션으로 습기에도 밀리지 않게 가볍게 표현하는 것을 추천합니다.,실내외 온습도 차이가 크므로 미스트로 수시로 수분을 보충해 주세요.,에어컨 실내와 습한 실외를 오가다 보니 피부 컨디션이 계속 오락가락했어요.
hydrated_92,북아메리카,바하마,열대기후,경수,★★★★★,남성,31,디자이너,민감성,31°C (체감),90%,"저자극 선크림, 진정 스프레이, 수분 시트마스크",색조보다는 톤업 선크림 위주로 산뜻하게 마무리하는 것을 권장합니다.,피지 분비가 많아지는 시기이므로 클레이 마스크로 주 1~2회 관리해 주는 것을 추천합니다.,습도가 정말 높아서 화장이 금방 무너졌어요. 저자극 선크림 없이는 하루도 버티기 힘들었어요.
seoyeon_life,북아메리카,바하마,열대기후,경수,★★★★☆,여성,38,승무원,민감성,33°C (체감),77%,"가벼운 수분 선크림, 쿠션, 미스트",워터프루프 아이라이너와 마스카라로 땀과 습기에 대비하는 것이 좋습니다.,저녁에 이중세안을 꼭 하고 산뜻한 젤 타입 제품으로 유수분 밸런스를 유지하세요.,생각보다 더 더워서 땀 때문에 끈적임이 심했는데 가벼운 수분 선크림이 정말 큰 도움이 됐습니다.
yuna_vibe,아시아,바레인,건조기후,경수,★★☆☆☆,여성,52,연구원,건성,29°C (체감),23%,"저자극 선크림, 진정 젤, 수분 세럼",가벼운 수분 쿠션으로 건조함을 커버하며 자연스러운 룩을 연출하세요.,낮은 습도로 인한 수분 손실을 막기 위해 고보습 크림을 겹겹이 발라주세요.,사막성 기후라 그런지 평소보다 피부가 훨씬 건조해지는 걸 느꼈어요.
wanderlust_world,아시아,바레인,건조기후,경수,★☆☆☆☆,남성,59,바리스타,건성,31°C (체감),26%,"수분 로션, 선크림, 핸드크림",고보습 베이스 제품으로 들뜸 없이 매끈한 피부 표현이 가능합니다.,입술과 손이 트기 쉬우므로 립밤과 핸드크림을 항상 휴대하는 것이 좋습니다.,낮은 습도 때문에 피부가 계속 당기고 화장이 들떴어요. 수분 로션이 필수였습니다.
gina01,아시아,바레인,건조기후,경수,★★★★☆,여성,26,프로그래머,건성,33°C (체감),29%,"고SPF 선크림, 쿨링 미스트, 립밤",립 제품은 보습 밤 타입을 선택해 건조함으로 인한 각질을 예방하세요.,건조한 기후이므로 미스트를 수시로 뿌려 수분을 보충하는 것이 중요합니다.,일교차가 커서 낮에는 덥고 밤에는 쌀쌀해 피부가 예민해졌어요.
nayeon_vibe,아시아,바레인,건조기후,경수,★★★★★,남성,33,프리랜서,건성,35°C (체감),32%,"수분 크림, 선쿠션, 진정 스프레이",촉촉한 베이스에 크림 타입 블러셔로 생기를 더하는 메이크업을 추천합니다.,강한 햇빛 대비 SPF 높은 제품을 사용하고 쿨링 미스트로 열감을 진정시켜 주세요.,건조한 바람 때문에 입술과 볼이 자주 텄어요. 수분 크림 없이는 힘들었을 것 같아요.
seoyeon_official,아시아,바레인,건조기후,경수,★★☆☆☆,여성,40,디자이너,건성,37°C (체감),15%,"고보습 선크림, 미스트, 영양 크림",메이크업은 최소화하고 톤업 선크림으로 자연스럽게 마무리하는 것을 권장합니다.,자외선 노출 후 진정 젤로 쿨다운하고 세럼으로 수분을 채워주는 것을 추천합니다.,햇빛이 강렬해서 선크림을 2~3시간마다 덧발라야 했어요.
soojin_mode,아시아,바레인,건조기후,경수,★★★★★,남성,47,승무원,건성,39°C (체감),18%,"저자극 선크림, 진정 젤, 수분 세럼",가벼운 수분 쿠션으로 건조함을 커버하며 자연스러운 룩을 연출하세요.,낮은 습도로 인한 수분 손실을 막기 위해 고보습 크림을 겹겹이 발라주세요.,사막성 기후라 그런지 평소보다 피부가 훨씬 건조해지는 걸 느꼈어요.
mattefinish99,아시아,바레인,건조기후,경수,★★★★★,여성,54,마케터,건성,41°C (체감),21%,"수분 로션, 선크림, 핸드크림",고보습 베이스 제품으로 들뜸 없이 매끈한 피부 표현이 가능합니다.,입술과 손이 트기 쉬우므로 립밤과 핸드크림을 항상 휴대하는 것이 좋습니다.,낮은 습도 때문에 피부가 계속 당기고 화장이 들떴어요. 수분 로션이 필수였습니다.
calmnface_ing,아시아,바레인,건조기후,경수,★★★★★,남성,21,공무원,건성,29°C (체감),24%,"고SPF 선크림, 쿨링 미스트, 립밤",립 제품은 보습 밤 타입을 선택해 건조함으로 인한 각질을 예방하세요.,건조한 기후이므로 미스트를 수시로 뿌려 수분을 보충하는 것이 중요합니다.,일교차가 커서 낮에는 덥고 밤에는 쌀쌀해 피부가 예민해졌어요.
minji01,아시아,바레인,건조기후,경수,★★★★☆,여성,28,회계사,건성,31°C (체감),27%,"수분 크림, 선쿠션, 진정 스프레이",촉촉한 베이스에 크림 타입 블러셔로 생기를 더하는 메이크업을 추천합니다.,강한 햇빛 대비 SPF 높은 제품을 사용하고 쿨링 미스트로 열감을 진정시켜 주세요.,건조한 바람 때문에 입술과 볼이 자주 텄어요. 수분 크림 없이는 힘들었을 것 같아요.
eden07,아시아,바레인,건조기후,경수,★★★☆☆,남성,35,수의사,건성,33°C (체감),30%,"고보습 선크림, 미스트, 영양 크림",메이크업은 최소화하고 톤업 선크림으로 자연스럽게 마무리하는 것을 권장합니다.,자외선 노출 후 진정 젤로 쿨다운하고 세럼으로 수분을 채워주는 것을 추천합니다.,햇빛이 강렬해서 선크림을 2~3시간마다 덧발라야 했어요.
oilyskin_daily,북아메리카,바베이도스,열대기후,경수,★★★★★,여성,30,대학생,민감성,30°C (체감),81%,"워터프루프 아이라이너, 피지 흡수 패드, 쿨링 젤",얇은 베이스에 워터프루프 제품 위주로 메이크업하고 픽싱 스프레이로 마무리하는 것을 추천합니다.,외출 중 블로팅 페이퍼로 피지를 자주 관리하고 쿨링 토너로 진정시켜 주세요.,야외 일정이 많았는데 자외선이 강해서 워터프루프 아이라이너을 자주 덧발라야 했어요.
funtraveler_love,북아메리카,바베이도스,열대기후,경수,★★★★★,남성,37,간호사,민감성,32°C (체감),84%,"워터프루프 선크림, 피지 컨트롤 파우더, 픽싱 미스트",매트한 베이스로 유분과 땀을 컨트롤하며 색조는 최소화하는 것이 좋습니다.,자외선 노출 후에는 진정 스프레이와 수분 시트마스크로 피부를 달래주는 것이 좋습니다.,고온다습한 날씨 탓에 피부 트러블이 갑자기 올라와서 당황했어요.
bomi_vibe,북아메리카,바베이도스,열대기후,경수,★★★☆☆,여성,44,사진작가,민감성,34°C (체감),87%,"매트 선크림, 블로팅 페이퍼, 쿨링 토너",촉촉한 쿠션으로 습기에도 밀리지 않게 가볍게 표현하는 것을 추천합니다.,실내외 온습도 차이가 크므로 미스트로 수시로 수분을 보충해 주세요.,에어컨 실내와 습한 실외를 오가다 보니 피부 컨디션이 계속 오락가락했어요.
tropicalgirl_world,북아메리카,바베이도스,열대기후,경수,★★★★★,남성,51,엔지니어,민감성,36°C (체감),90%,"저자극 선크림, 진정 스프레이, 수분 시트마스크",색조보다는 톤업 선크림 위주로 산뜻하게 마무리하는 것을 권장합니다.,피지 분비가 많아지는 시기이므로 클레이 마스크로 주 1~2회 관리해 주는 것을 추천합니다.,습도가 정말 높아서 화장이 금방 무너졌어요. 저자극 선크림 없이는 하루도 버티기 힘들었어요.
hyerin_diary,북아메리카,바베이도스,열대기후,경수,★★★★★,여성,58,약사,민감성,31°C (체감),77%,"가벼운 수분 선크림, 쿠션, 미스트",워터프루프 아이라이너와 마스카라로 땀과 습기에 대비하는 것이 좋습니다.,저녁에 이중세안을 꼭 하고 산뜻한 젤 타입 제품으로 유수분 밸런스를 유지하세요.,생각보다 더 더워서 땀 때문에 끈적임이 심했는데 가벼운 수분 선크림이 정말 큰 도움이 됐습니다.
roadtripper_diary,북아메리카,바베이도스,열대기후,경수,★★★☆☆,남성,25,트레이너,민감성,33°C (체감),80%,"워터프루프 아이라이너, 피지 흡수 패드, 쿨링 젤",얇은 베이스에 워터프루프 제품 위주로 메이크업하고 픽싱 스프레이로 마무리하는 것을 추천합니다.,외출 중 블로팅 페이퍼로 피지를 자주 관리하고 쿨링 토너로 진정시켜 주세요.,야외 일정이 많았는데 자외선이 강해서 워터프루프 아이라이너을 자주 덧발라야 했어요.
mia_zone,북아메리카,바베이도스,열대기후,경수,★★★★☆,여성,32,건축가,민감성,35°C (체감),83%,"워터프루프 선크림, 피지 컨트롤 파우더, 픽싱 미스트",매트한 베이스로 유분과 땀을 컨트롤하며 색조는 최소화하는 것이 좋습니다.,자외선 노출 후에는 진정 스프레이와 수분 시트마스크로 피부를 달래주는 것이 좋습니다.,고온다습한 날씨 탓에 피부 트러블이 갑자기 올라와서 당황했어요.
hayoung_official,북아메리카,바베이도스,열대기후,경수,★★★☆☆,남성,39,일러스트레이터,민감성,30°C (체감),86%,"매트 선크림, 블로팅 페이퍼, 쿨링 토너",촉촉한 쿠션으로 습기에도 밀리지 않게 가볍게 표현하는 것을 추천합니다.,실내외 온습도 차이가 크므로 미스트로 수시로 수분을 보충해 주세요.,에어컨 실내와 습한 실외를 오가다 보니 피부 컨디션이 계속 오락가락했어요.
balmaddict_92,북아메리카,바베이도스,열대기후,경수,★★★★☆,여성,46,회사원,민감성,32°C (체감),89%,"저자극 선크림, 진정 스프레이, 수분 시트마스크",색조보다는 톤업 선크림 위주로 산뜻하게 마무리하는 것을 권장합니다.,피지 분비가 많아지는 시기이므로 클레이 마스크로 주 1~2회 관리해 주는 것을 추천합니다.,습도가 정말 높아서 화장이 금방 무너졌어요. 저자극 선크림 없이는 하루도 버티기 힘들었어요.
gina_zone,북아메리카,바베이도스,열대기후,경수,★★★☆☆,남성,53,교사,민감성,34°C (체감),76%,"가벼운 수분 선크림, 쿠션, 미스트",워터프루프 아이라이너와 마스카라로 땀과 습기에 대비하는 것이 좋습니다.,저녁에 이중세안을 꼭 하고 산뜻한 젤 타입 제품으로 유수분 밸런스를 유지하세요.,생각보다 더 더워서 땀 때문에 끈적임이 심했는데 가벼운 수분 선크림이 정말 큰 도움이 됐습니다.
cloudnine_daily,북아메리카,벨리즈,열대기후,연수,★★★★☆,남성,47,교사,건성,32°C (체감),82%,"매트 선크림, 블로팅 페이퍼, 쿨링 토너",촉촉한 쿠션으로 습기에도 밀리지 않게 가볍게 표현하는 것을 추천합니다.,실내외 온습도 차이가 크므로 미스트로 수시로 수분을 보충해 주세요.,에어컨 실내와 습한 실외를 오가다 보니 피부 컨디션이 계속 오락가락했어요.
radiantme_official,북아메리카,벨리즈,열대기후,연수,★☆☆☆☆,여성,54,요리사,건성,34°C (체감),85%,"저자극 선크림, 진정 스프레이, 수분 시트마스크",색조보다는 톤업 선크림 위주로 산뜻하게 마무리하는 것을 권장합니다.,피지 분비가 많아지는 시기이므로 클레이 마스크로 주 1~2회 관리해 주는 것을 추천합니다.,습도가 정말 높아서 화장이 금방 무너졌어요. 저자극 선크림 없이는 하루도 버티기 힘들었어요.
roadtripper_92,북아메리카,벨리즈,열대기후,연수,★★★☆☆,남성,21,자영업,건성,36°C (체감),88%,"가벼운 수분 선크림, 쿠션, 미스트",워터프루프 아이라이너와 마스카라로 땀과 습기에 대비하는 것이 좋습니다.,저녁에 이중세안을 꼭 하고 산뜻한 젤 타입 제품으로 유수분 밸런스를 유지하세요.,생각보다 더 더워서 땀 때문에 끈적임이 심했는데 가벼운 수분 선크림이 정말 큰 도움이 됐습니다.
spflover_official,북아메리카,벨리즈,열대기후,연수,★★★☆☆,여성,28,여행가이드,건성,31°C (체감),75%,"워터프루프 아이라이너, 피지 흡수 패드, 쿨링 젤",얇은 베이스에 워터프루프 제품 위주로 메이크업하고 픽싱 스프레이로 마무리하는 것을 추천합니다.,외출 중 블로팅 페이퍼로 피지를 자주 관리하고 쿨링 토너로 진정시켜 주세요.,야외 일정이 많았는데 자외선이 강해서 워터프루프 아이라이너을 자주 덧발라야 했어요.
mattefinish_mode,북아메리카,벨리즈,열대기후,연수,★★★★☆,남성,35,작가,건성,33°C (체감),78%,"워터프루프 선크림, 피지 컨트롤 파우더, 픽싱 미스트",매트한 베이스로 유분과 땀을 컨트롤하며 색조는 최소화하는 것이 좋습니다.,자외선 노출 후에는 진정 스프레이와 수분 시트마스크로 피부를 달래주는 것이 좋습니다.,고온다습한 날씨 탓에 피부 트러블이 갑자기 올라와서 당황했어요.
minho_k,북아메리카,벨리즈,열대기후,연수,★★★★☆,여성,42,연구원,건성,35°C (체감),81%,"매트 선크림, 블로팅 페이퍼, 쿨링 토너",촉촉한 쿠션으로 습기에도 밀리지 않게 가볍게 표현하는 것을 추천합니다.,실내외 온습도 차이가 크므로 미스트로 수시로 수분을 보충해 주세요.,에어컨 실내와 습한 실외를 오가다 보니 피부 컨디션이 계속 오락가락했어요.
mountainhiker_note,북아메리카,벨리즈,열대기후,연수,★★★★☆,남성,49,바리스타,건성,30°C (체감),84%,"저자극 선크림, 진정 스프레이, 수분 시트마스크",색조보다는 톤업 선크림 위주로 산뜻하게 마무리하는 것을 권장합니다.,피지 분비가 많아지는 시기이므로 클레이 마스크로 주 1~2회 관리해 주는 것을 추천합니다.,습도가 정말 높아서 화장이 금방 무너졌어요. 저자극 선크림 없이는 하루도 버티기 힘들었어요.
urbanexplorer_vibe,북아메리카,벨리즈,열대기후,연수,★★★★★,여성,56,프로그래머,건성,32°C (체감),87%,"가벼운 수분 선크림, 쿠션, 미스트",워터프루프 아이라이너와 마스카라로 땀과 습기에 대비하는 것이 좋습니다.,저녁에 이중세안을 꼭 하고 산뜻한 젤 타입 제품으로 유수분 밸런스를 유지하세요.,생각보다 더 더워서 땀 때문에 끈적임이 심했는데 가벼운 수분 선크림이 정말 큰 도움이 됐습니다.
skincarelover_92,북아메리카,벨리즈,열대기후,연수,★★☆☆☆,남성,23,프리랜서,건성,34°C (체감),90%,"워터프루프 아이라이너, 피지 흡수 패드, 쿨링 젤",얇은 베이스에 워터프루프 제품 위주로 메이크업하고 픽싱 스프레이로 마무리하는 것을 추천합니다.,외출 중 블로팅 페이퍼로 피지를 자주 관리하고 쿨링 토너로 진정시켜 주세요.,야외 일정이 많았는데 자외선이 강해서 워터프루프 아이라이너을 자주 덧발라야 했어요.
combiskin_note,북아메리카,벨리즈,열대기후,연수,★★★☆☆,여성,30,디자이너,건성,36°C (체감),77%,"워터프루프 선크림, 피지 컨트롤 파우더, 픽싱 미스트",매트한 베이스로 유분과 땀을 컨트롤하며 색조는 최소화하는 것이 좋습니다.,자외선 노출 후에는 진정 스프레이와 수분 시트마스크로 피부를 달래주는 것이 좋습니다.,고온다습한 날씨 탓에 피부 트러블이 갑자기 올라와서 당황했어요.
bomi_world,아프리카,베냉,열대기후,연수,★★★☆☆,남성,41,일러스트레이터,건성,32°C (체감),84%,"워터프루프 선크림, 피지 컨트롤 파우더, 픽싱 미스트",매트한 베이스로 유분과 땀을 컨트롤하며 색조는 최소화하는 것이 좋습니다.,자외선 노출 후에는 진정 스프레이와 수분 시트마스크로 피부를 달래주는 것이 좋습니다.,고온다습한 날씨 탓에 피부 트러블이 갑자기 올라와서 당황했어요.
seoyeon_diary,아프리카,베냉,열대기후,연수,★★☆☆☆,여성,48,회사원,지성,34°C (체감),87%,"매트 선크림, 블로팅 페이퍼, 쿨링 토너",촉촉한 쿠션으로 습기에도 밀리지 않게 가볍게 표현하는 것을 추천합니다.,실내외 온습도 차이가 크므로 미스트로 수시로 수분을 보충해 주세요.,에어컨 실내와 습한 실외를 오가다 보니 피부 컨디션이 계속 오락가락했어요.
taeyang_mode,아프리카,베냉,열대기후,연수,★★★★☆,남성,55,교사,복합성,36°C (체감),90%,"저자극 선크림, 진정 스프레이, 수분 시트마스크",색조보다는 톤업 선크림 위주로 산뜻하게 마무리하는 것을 권장합니다.,피지 분비가 많아지는 시기이므로 클레이 마스크로 주 1~2회 관리해 주는 것을 추천합니다.,습도가 정말 높아서 화장이 금방 무너졌어요. 저자극 선크림 없이는 하루도 버티기 힘들었어요.
olivia_note,아프리카,베냉,열대기후,연수,★☆☆☆☆,여성,22,요리사,민감성,31°C (체감),77%,"가벼운 수분 선크림, 쿠션, 미스트",워터프루프 아이라이너와 마스카라로 땀과 습기에 대비하는 것이 좋습니다.,저녁에 이중세안을 꼭 하고 산뜻한 젤 타입 제품으로 유수분 밸런스를 유지하세요.,생각보다 더 더워서 땀 때문에 끈적임이 심했는데 가벼운 수분 선크림이 정말 큰 도움이 됐습니다.
balmaddict_story,아프리카,베냉,열대기후,연수,★★★★☆,남성,29,자영업,건성,33°C (체감),80%,"워터프루프 아이라이너, 피지 흡수 패드, 쿨링 젤",얇은 베이스에 워터프루프 제품 위주로 메이크업하고 픽싱 스프레이로 마무리하는 것을 추천합니다.,외출 중 블로팅 페이퍼로 피지를 자주 관리하고 쿨링 토너로 진정시켜 주세요.,야외 일정이 많았는데 자외선이 강해서 워터프루프 아이라이너을 자주 덧발라야 했어요.
minho_life,아프리카,베냉,열대기후,연수,★☆☆☆☆,여성,36,여행가이드,지성,35°C (체감),83%,"워터프루프 선크림, 피지 컨트롤 파우더, 픽싱 미스트",매트한 베이스로 유분과 땀을 컨트롤하며 색조는 최소화하는 것이 좋습니다.,자외선 노출 후에는 진정 스프레이와 수분 시트마스크로 피부를 달래주는 것이 좋습니다.,고온다습한 날씨 탓에 피부 트러블이 갑자기 올라와서 당황했어요.
seoyeon_k,아프리카,베냉,열대기후,연수,★★★★★,남성,43,작가,복합성,30°C (체감),86%,"매트 선크림, 블로팅 페이퍼, 쿨링 토너",촉촉한 쿠션으로 습기에도 밀리지 않게 가볍게 표현하는 것을 추천합니다.,실내외 온습도 차이가 크므로 미스트로 수시로 수분을 보충해 주세요.,에어컨 실내와 습한 실외를 오가다 보니 피부 컨디션이 계속 오락가락했어요.
eden_92,아프리카,베냉,열대기후,연수,★★★★☆,여성,50,연구원,민감성,32°C (체감),89%,"저자극 선크림, 진정 스프레이, 수분 시트마스크",색조보다는 톤업 선크림 위주로 산뜻하게 마무리하는 것을 권장합니다.,피지 분비가 많아지는 시기이므로 클레이 마스크로 주 1~2회 관리해 주는 것을 추천합니다.,습도가 정말 높아서 화장이 금방 무너졌어요. 저자극 선크림 없이는 하루도 버티기 힘들었어요.
kyla01,아프리카,베냉,열대기후,연수,★★★★☆,남성,57,바리스타,건성,34°C (체감),76%,"가벼운 수분 선크림, 쿠션, 미스트",워터프루프 아이라이너와 마스카라로 땀과 습기에 대비하는 것이 좋습니다.,저녁에 이중세안을 꼭 하고 산뜻한 젤 타입 제품으로 유수분 밸런스를 유지하세요.,생각보다 더 더워서 땀 때문에 끈적임이 심했는데 가벼운 수분 선크림이 정말 큰 도움이 됐습니다.
frostyvibe99,아프리카,베냉,열대기후,연수,★★★☆☆,여성,24,프로그래머,지성,36°C (체감),79%,"워터프루프 아이라이너, 피지 흡수 패드, 쿨링 젤",얇은 베이스에 워터프루프 제품 위주로 메이크업하고 픽싱 스프레이로 마무리하는 것을 추천합니다.,외출 중 블로팅 페이퍼로 피지를 자주 관리하고 쿨링 토너로 진정시켜 주세요.,야외 일정이 많았는데 자외선이 강해서 워터프루프 아이라이너을 자주 덧발라야 했어요.
balmaddict_zone,아시아,부탄,온대기후,연수,★★★★☆,남성,43,공무원,지성,23°C (체감),64%,"저자극 크림, 진정 토너, 수분 마스크팩",가벼운 산뜻한 로션 타입으로 유분이 적은 제품 위주로 사용하세요.,실내외 온도차가 큰 날에는 수분크림을 자주 덧발라 주는 것이 좋습니다.,일교차가 커서 아침저녁으로 피부 컨디션이 완전히 달랐어요. 저자극 크림이 도움이 됐어요.
tropicalgirl_diary,아시아,부탄,온대기후,연수,★★★☆☆,여성,50,회계사,지성,25°C (체감),47%,"산뜻한 로션, 선크림, 블로팅 페이퍼",촉촉한 선쿠션과 립틴트로 화사한 인상을 연출할 수 있습니다.,일교차가 크므로 수분 크림으로 아침저녁 보습을 꼼꼼히 챙겨주세요.,날씨는 선선했는데 실내 난방 때문에 오히려 피부가 건조하고 번들거렸어요.
backpacklife_zone,아시아,부탄,온대기후,연수,★★★★☆,남성,57,수의사,지성,27°C (체감),50%,"수분 크림, 립틴트, 선쿠션",촉촉한 쿠션과 크림 블러셔로 생기 있는 룩을 연출하는 것을 추천합니다.,환절기 피부 컨디션 변화에 대비해 올인원 로션으로 간편하게 보습을 유지하세요.,사계절이 뚜렷한 곳이라 그런지 여행 기간 내내 온도 변화에 신경 써야 했어요.
haru88,아시아,부탄,온대기후,연수,★★★☆☆,여성,24,영업직,지성,15°C (체감),53%,"수분 크림, 선크림, 립밤",가벼운 톤업로션 정도로 자연스럽게 표현하는 메이크업이 잘 어울립니다.,일교차로 예민해지기 쉬운 피부에는 저자극 진정 라인 사용을 권장합니다.,생각보다 자외선이 강해서 선크림을 안 쓰면 금방 붉어졌어요.
minseo_zone,아시아,부탄,온대기후,연수,★★★☆☆,남성,31,대학생,지성,17°C (체감),56%,"올인원 로션, 선크림, 미스트",저자극 톤업크림 위주로 하고 색조는 최소화하는 것을 권장합니다.,실내 난방·냉방으로 건조해지기 쉬우니 블로팅 페이퍼와 미스트를 함께 챙기세요.,쾌적한 날씨였지만 건조해서 립밤과 수분크림을 자주 발라야 했어요.
chillmode88,아시아,부탄,온대기후,연수,★★★★☆,여성,38,간호사,지성,19°C (체감),59%,"저자극 크림, 진정 토너, 수분 마스크팩",가벼운 산뜻한 로션 타입으로 유분이 적은 제품 위주로 사용하세요.,실내외 온도차가 큰 날에는 수분크림을 자주 덧발라 주는 것이 좋습니다.,일교차가 커서 아침저녁으로 피부 컨디션이 완전히 달랐어요. 저자극 크림이 도움이 됐어요.
bomi_story,아시아,부탄,온대기후,연수,★★★★★,남성,45,사진작가,지성,21°C (체감),62%,"산뜻한 로션, 선크림, 블로팅 페이퍼",촉촉한 선쿠션과 립틴트로 화사한 인상을 연출할 수 있습니다.,일교차가 크므로 수분 크림으로 아침저녁 보습을 꼼꼼히 챙겨주세요.,날씨는 선선했는데 실내 난방 때문에 오히려 피부가 건조하고 번들거렸어요.
jiyeon_note,아시아,부탄,온대기후,연수,★★★☆☆,여성,52,엔지니어,지성,23°C (체감),45%,"수분 크림, 립틴트, 선쿠션",촉촉한 쿠션과 크림 블러셔로 생기 있는 룩을 연출하는 것을 추천합니다.,환절기 피부 컨디션 변화에 대비해 올인원 로션으로 간편하게 보습을 유지하세요.,사계절이 뚜렷한 곳이라 그런지 여행 기간 내내 온도 변화에 신경 써야 했어요.
haeun99,아시아,부탄,온대기후,연수,★★★★★,남성,59,약사,지성,25°C (체감),48%,"수분 크림, 선크림, 립밤",가벼운 톤업로션 정도로 자연스럽게 표현하는 메이크업이 잘 어울립니다.,일교차로 예민해지기 쉬운 피부에는 저자극 진정 라인 사용을 권장합니다.,생각보다 자외선이 강해서 선크림을 안 쓰면 금방 붉어졌어요.
skinfirst_life,아시아,부탄,온대기후,연수,★★★★★,여성,26,트레이너,지성,27°C (체감),51%,"올인원 로션, 선크림, 미스트",저자극 톤업크림 위주로 하고 색조는 최소화하는 것을 권장합니다.,실내 난방·냉방으로 건조해지기 쉬우니 블로팅 페이퍼와 미스트를 함께 챙기세요.,쾌적한 날씨였지만 건조해서 립밤과 수분크림을 자주 발라야 했어요.
jaewon_mode,남아메리카,볼리비아,열대기후,연수,★★★★★,남성,43,자영업,지성,35°C (체감),78%,"저자극 선크림, 진정 스프레이, 수분 시트마스크",색조보다는 톤업 선크림 위주로 산뜻하게 마무리하는 것을 권장합니다.,피지 분비가 많아지는 시기이므로 클레이 마스크로 주 1~2회 관리해 주는 것을 추천합니다.,습도가 정말 높아서 화장이 금방 무너졌어요. 저자극 선크림 없이는 하루도 버티기 힘들었어요.
jisoo_92,남아메리카,볼리비아,열대기후,연수,★★★☆☆,여성,50,여행가이드,지성,30°C (체감),81%,"가벼운 수분 선크림, 쿠션, 미스트",워터프루프 아이라이너와 마스카라로 땀과 습기에 대비하는 것이 좋습니다.,저녁에 이중세안을 꼭 하고 산뜻한 젤 타입 제품으로 유수분 밸런스를 유지하세요.,생각보다 더 더워서 땀 때문에 끈적임이 심했는데 가벼운 수분 선크림이 정말 큰 도움이 됐습니다.
cushionfan_zone,남아메리카,볼리비아,열대기후,연수,★★★★★,남성,57,작가,지성,32°C (체감),84%,"워터프루프 아이라이너, 피지 흡수 패드, 쿨링 젤",얇은 베이스에 워터프루프 제품 위주로 메이크업하고 픽싱 스프레이로 마무리하는 것을 추천합니다.,외출 중 블로팅 페이퍼로 피지를 자주 관리하고 쿨링 토너로 진정시켜 주세요.,야외 일정이 많았는데 자외선이 강해서 워터프루프 아이라이너을 자주 덧발라야 했어요.
eunji_daily,남아메리카,볼리비아,열대기후,연수,★★★☆☆,여성,24,연구원,지성,34°C (체감),87%,"워터프루프 선크림, 피지 컨트롤 파우더, 픽싱 미스트",매트한 베이스로 유분과 땀을 컨트롤하며 색조는 최소화하는 것이 좋습니다.,자외선 노출 후에는 진정 스프레이와 수분 시트마스크로 피부를 달래주는 것이 좋습니다.,고온다습한 날씨 탓에 피부 트러블이 갑자기 올라와서 당황했어요.
subin_k,남아메리카,볼리비아,열대기후,연수,★★★★★,남성,31,바리스타,지성,36°C (체감),90%,"매트 선크림, 블로팅 페이퍼, 쿨링 토너",촉촉한 쿠션으로 습기에도 밀리지 않게 가볍게 표현하는 것을 추천합니다.,실내외 온습도 차이가 크므로 미스트로 수시로 수분을 보충해 주세요.,에어컨 실내와 습한 실외를 오가다 보니 피부 컨디션이 계속 오락가락했어요.
jiho_log,남아메리카,볼리비아,열대기후,연수,★★★★★,여성,38,프로그래머,지성,31°C (체감),77%,"저자극 선크림, 진정 스프레이, 수분 시트마스크",색조보다는 톤업 선크림 위주로 산뜻하게 마무리하는 것을 권장합니다.,피지 분비가 많아지는 시기이므로 클레이 마스크로 주 1~2회 관리해 주는 것을 추천합니다.,습도가 정말 높아서 화장이 금방 무너졌어요. 저자극 선크림 없이는 하루도 버티기 힘들었어요.
moisturemax_log,남아메리카,볼리비아,열대기후,연수,★★★☆☆,남성,45,프리랜서,지성,33°C (체감),80%,"가벼운 수분 선크림, 쿠션, 미스트",워터프루프 아이라이너와 마스카라로 땀과 습기에 대비하는 것이 좋습니다.,저녁에 이중세안을 꼭 하고 산뜻한 젤 타입 제품으로 유수분 밸런스를 유지하세요.,생각보다 더 더워서 땀 때문에 끈적임이 심했는데 가벼운 수분 선크림이 정말 큰 도움이 됐습니다.
dahye_vibe,남아메리카,볼리비아,열대기후,연수,★★☆☆☆,여성,52,디자이너,지성,35°C (체감),83%,"워터프루프 아이라이너, 피지 흡수 패드, 쿨링 젤",얇은 베이스에 워터프루프 제품 위주로 메이크업하고 픽싱 스프레이로 마무리하는 것을 추천합니다.,외출 중 블로팅 페이퍼로 피지를 자주 관리하고 쿨링 토너로 진정시켜 주세요.,야외 일정이 많았는데 자외선이 강해서 워터프루프 아이라이너을 자주 덧발라야 했어요.
chillmode_log,남아메리카,볼리비아,열대기후,연수,★★★★★,남성,59,승무원,지성,30°C (체감),86%,"워터프루프 선크림, 피지 컨트롤 파우더, 픽싱 미스트",매트한 베이스로 유분과 땀을 컨트롤하며 색조는 최소화하는 것이 좋습니다.,자외선 노출 후에는 진정 스프레이와 수분 시트마스크로 피부를 달래주는 것이 좋습니다.,고온다습한 날씨 탓에 피부 트러블이 갑자기 올라와서 당황했어요.
yeji_story,남아메리카,볼리비아,열대기후,연수,★★★★☆,여성,26,마케터,지성,32°C (체감),89%,"매트 선크림, 블로팅 페이퍼, 쿨링 토너",촉촉한 쿠션으로 습기에도 밀리지 않게 가볍게 표현하는 것을 추천합니다.,실내외 온습도 차이가 크므로 미스트로 수시로 수분을 보충해 주세요.,에어컨 실내와 습한 실외를 오가다 보니 피부 컨디션이 계속 오락가락했어요.
beautyaddict_life,유럽,보스니아헤르체고비나,온대기후,경수,★★★★☆,남성,49,작가,복합성,15°C (체감),50%,"산뜻한 로션, 선크림, 블로팅 페이퍼",촉촉한 선쿠션과 립틴트로 화사한 인상을 연출할 수 있습니다.,일교차가 크므로 수분 크림으로 아침저녁 보습을 꼼꼼히 챙겨주세요.,날씨는 선선했는데 실내 난방 때문에 오히려 피부가 건조하고 번들거렸어요.
minseo_mode,유럽,보스니아헤르체고비나,온대기후,경수,★★★★☆,여성,56,연구원,복합성,17°C (체감),53%,"수분 크림, 립틴트, 선쿠션",촉촉한 쿠션과 크림 블러셔로 생기 있는 룩을 연출하는 것을 추천합니다.,환절기 피부 컨디션 변화에 대비해 올인원 로션으로 간편하게 보습을 유지하세요.,사계절이 뚜렷한 곳이라 그런지 여행 기간 내내 온도 변화에 신경 써야 했어요.
eden_log,유럽,보스니아헤르체고비나,온대기후,경수,★★★★★,남성,23,바리스타,복합성,19°C (체감),56%,"수분 크림, 선크림, 립밤",가벼운 톤업로션 정도로 자연스럽게 표현하는 메이크업이 잘 어울립니다.,일교차로 예민해지기 쉬운 피부에는 저자극 진정 라인 사용을 권장합니다.,생각보다 자외선이 강해서 선크림을 안 쓰면 금방 붉어졌어요.
quinn01,유럽,보스니아헤르체고비나,온대기후,경수,★★★★★,여성,30,프로그래머,복합성,21°C (체감),59%,"올인원 로션, 선크림, 미스트",저자극 톤업크림 위주로 하고 색조는 최소화하는 것을 권장합니다.,실내 난방·냉방으로 건조해지기 쉬우니 블로팅 페이퍼와 미스트를 함께 챙기세요.,쾌적한 날씨였지만 건조해서 립밤과 수분크림을 자주 발라야 했어요.
areum_mode,유럽,보스니아헤르체고비나,온대기후,경수,★★★★★,남성,37,프리랜서,복합성,23°C (체감),62%,"저자극 크림, 진정 토너, 수분 마스크팩",가벼운 산뜻한 로션 타입으로 유분이 적은 제품 위주로 사용하세요.,실내외 온도차가 큰 날에는 수분크림을 자주 덧발라 주는 것이 좋습니다.,일교차가 커서 아침저녁으로 피부 컨디션이 완전히 달랐어요. 저자극 크림이 도움이 됐어요.
nari_vibe,유럽,보스니아헤르체고비나,온대기후,경수,★★☆☆☆,여성,44,디자이너,복합성,25°C (체감),45%,"산뜻한 로션, 선크림, 블로팅 페이퍼",촉촉한 선쿠션과 립틴트로 화사한 인상을 연출할 수 있습니다.,일교차가 크므로 수분 크림으로 아침저녁 보습을 꼼꼼히 챙겨주세요.,날씨는 선선했는데 실내 난방 때문에 오히려 피부가 건조하고 번들거렸어요.
beautyaddict_ing,유럽,보스니아헤르체고비나,온대기후,경수,★★★★☆,남성,51,승무원,복합성,27°C (체감),48%,"수분 크림, 립틴트, 선쿠션",촉촉한 쿠션과 크림 블러셔로 생기 있는 룩을 연출하는 것을 추천합니다.,환절기 피부 컨디션 변화에 대비해 올인원 로션으로 간편하게 보습을 유지하세요.,사계절이 뚜렷한 곳이라 그런지 여행 기간 내내 온도 변화에 신경 써야 했어요.
suji07,유럽,보스니아헤르체고비나,온대기후,경수,★★★★☆,여성,58,마케터,복합성,15°C (체감),51%,"수분 크림, 선크림, 립밤",가벼운 톤업로션 정도로 자연스럽게 표현하는 메이크업이 잘 어울립니다.,일교차로 예민해지기 쉬운 피부에는 저자극 진정 라인 사용을 권장합니다.,생각보다 자외선이 강해서 선크림을 안 쓰면 금방 붉어졌어요.
minho_mode,유럽,보스니아헤르체고비나,온대기후,경수,★★★★★,남성,25,공무원,복합성,17°C (체감),54%,"올인원 로션, 선크림, 미스트",저자극 톤업크림 위주로 하고 색조는 최소화하는 것을 권장합니다.,실내 난방·냉방으로 건조해지기 쉬우니 블로팅 페이퍼와 미스트를 함께 챙기세요.,쾌적한 날씨였지만 건조해서 립밤과 수분크림을 자주 발라야 했어요.
passportready_zone,유럽,보스니아헤르체고비나,온대기후,경수,★★★☆☆,여성,32,회계사,복합성,19°C (체감),57%,"저자극 크림, 진정 토너, 수분 마스크팩",가벼운 산뜻한 로션 타입으로 유분이 적은 제품 위주로 사용하세요.,실내외 온도차가 큰 날에는 수분크림을 자주 덧발라 주는 것이 좋습니다.,일교차가 커서 아침저녁으로 피부 컨디션이 완전히 달랐어요. 저자극 크림이 도움이 됐어요.
hayoung_ing,아프리카,보츠와나,건조기후,경수,★★☆☆☆,여성,30,대학생,민감성,39°C (체감),21%,"수분 크림, 선쿠션, 진정 스프레이",촉촉한 베이스에 크림 타입 블러셔로 생기를 더하는 메이크업을 추천합니다.,강한 햇빛 대비 SPF 높은 제품을 사용하고 쿨링 미스트로 열감을 진정시켜 주세요.,건조한 바람 때문에 입술과 볼이 자주 텄어요. 수분 크림 없이는 힘들었을 것 같아요.
mattefinish_92,아프리카,보츠와나,건조기후,경수,★★★★★,남성,37,간호사,민감성,41°C (체감),24%,"고보습 선크림, 미스트, 영양 크림",메이크업은 최소화하고 톤업 선크림으로 자연스럽게 마무리하는 것을 권장합니다.,자외선 노출 후 진정 젤로 쿨다운하고 세럼으로 수분을 채워주는 것을 추천합니다.,햇빛이 강렬해서 선크림을 2~3시간마다 덧발라야 했어요.
minjun_zone,아프리카,보츠와나,건조기후,경수,★★★☆☆,여성,44,사진작가,민감성,29°C (체감),27%,"저자극 선크림, 진정 젤, 수분 세럼",가벼운 수분 쿠션으로 건조함을 커버하며 자연스러운 룩을 연출하세요.,낮은 습도로 인한 수분 손실을 막기 위해 고보습 크림을 겹겹이 발라주세요.,사막성 기후라 그런지 평소보다 피부가 훨씬 건조해지는 걸 느꼈어요.
sora88,아프리카,보츠와나,건조기후,경수,★★★☆☆,남성,51,엔지니어,민감성,31°C (체감),30%,"수분 로션, 선크림, 핸드크림",고보습 베이스 제품으로 들뜸 없이 매끈한 피부 표현이 가능합니다.,입술과 손이 트기 쉬우므로 립밤과 핸드크림을 항상 휴대하는 것이 좋습니다.,낮은 습도 때문에 피부가 계속 당기고 화장이 들떴어요. 수분 로션이 필수였습니다.
jiyeon_log,아프리카,보츠와나,건조기후,경수,★☆☆☆☆,여성,58,약사,민감성,33°C (체감),33%,"고SPF 선크림, 쿨링 미스트, 립밤",립 제품은 보습 밤 타입을 선택해 건조함으로 인한 각질을 예방하세요.,건조한 기후이므로 미스트를 수시로 뿌려 수분을 보충하는 것이 중요합니다.,일교차가 커서 낮에는 덥고 밤에는 쌀쌀해 피부가 예민해졌어요.
funtraveler01,아프리카,보츠와나,건조기후,경수,★★★★☆,남성,25,트레이너,민감성,35°C (체감),16%,"수분 크림, 선쿠션, 진정 스프레이",촉촉한 베이스에 크림 타입 블러셔로 생기를 더하는 메이크업을 추천합니다.,강한 햇빛 대비 SPF 높은 제품을 사용하고 쿨링 미스트로 열감을 진정시켜 주세요.,건조한 바람 때문에 입술과 볼이 자주 텄어요. 수분 크림 없이는 힘들었을 것 같아요.
eunwoo_daily,아프리카,보츠와나,건조기후,경수,★★★★☆,여성,32,건축가,민감성,37°C (체감),19%,"고보습 선크림, 미스트, 영양 크림",메이크업은 최소화하고 톤업 선크림으로 자연스럽게 마무리하는 것을 권장합니다.,자외선 노출 후 진정 젤로 쿨다운하고 세럼으로 수분을 채워주는 것을 추천합니다.,햇빛이 강렬해서 선크림을 2~3시간마다 덧발라야 했어요.
frostyvibe_vibe,아프리카,보츠와나,건조기후,경수,★★★★★,남성,39,일러스트레이터,민감성,39°C (체감),22%,"저자극 선크림, 진정 젤, 수분 세럼",가벼운 수분 쿠션으로 건조함을 커버하며 자연스러운 룩을 연출하세요.,낮은 습도로 인한 수분 손실을 막기 위해 고보습 크림을 겹겹이 발라주세요.,사막성 기후라 그런지 평소보다 피부가 훨씬 건조해지는 걸 느꼈어요.
yuna07,아프리카,보츠와나,건조기후,경수,★★★☆☆,여성,46,회사원,민감성,41°C (체감),25%,"수분 로션, 선크림, 핸드크림",고보습 베이스 제품으로 들뜸 없이 매끈한 피부 표현이 가능합니다.,입술과 손이 트기 쉬우므로 립밤과 핸드크림을 항상 휴대하는 것이 좋습니다.,낮은 습도 때문에 피부가 계속 당기고 화장이 들떴어요. 수분 로션이 필수였습니다.
roadtripper_love,아프리카,보츠와나,건조기후,경수,★★★★★,남성,53,교사,민감성,29°C (체감),28%,"고SPF 선크림, 쿨링 미스트, 립밤",립 제품은 보습 밤 타입을 선택해 건조함으로 인한 각질을 예방하세요.,건조한 기후이므로 미스트를 수시로 뿌려 수분을 보충하는 것이 중요합니다.,일교차가 커서 낮에는 덥고 밤에는 쌀쌀해 피부가 예민해졌어요.
skinfirst07,아시아,브루나이,열대기후,연수,★★★★☆,남성,37,승무원,건성,33°C (체감),88%,"매트 선크림, 블로팅 페이퍼, 쿨링 토너",촉촉한 쿠션으로 습기에도 밀리지 않게 가볍게 표현하는 것을 추천합니다.,실내외 온습도 차이가 크므로 미스트로 수시로 수분을 보충해 주세요.,에어컨 실내와 습한 실외를 오가다 보니 피부 컨디션이 계속 오락가락했어요.
iseul_official,아시아,브루나이,열대기후,연수,★★★★☆,여성,44,마케터,건성,35°C (체감),75%,"저자극 선크림, 진정 스프레이, 수분 시트마스크",색조보다는 톤업 선크림 위주로 산뜻하게 마무리하는 것을 권장합니다.,피지 분비가 많아지는 시기이므로 클레이 마스크로 주 1~2회 관리해 주는 것을 추천합니다.,습도가 정말 높아서 화장이 금방 무너졌어요. 저자극 선크림 없이는 하루도 버티기 힘들었어요.
beautyaddict_92,아시아,브루나이,열대기후,연수,★☆☆☆☆,남성,51,공무원,건성,30°C (체감),78%,"가벼운 수분 선크림, 쿠션, 미스트",워터프루프 아이라이너와 마스카라로 땀과 습기에 대비하는 것이 좋습니다.,저녁에 이중세안을 꼭 하고 산뜻한 젤 타입 제품으로 유수분 밸런스를 유지하세요.,생각보다 더 더워서 땀 때문에 끈적임이 심했는데 가벼운 수분 선크림이 정말 큰 도움이 됐습니다.
seungmin07,아시아,브루나이,열대기후,연수,★★★☆☆,여성,58,회계사,건성,32°C (체감),81%,"워터프루프 아이라이너, 피지 흡수 패드, 쿨링 젤",얇은 베이스에 워터프루프 제품 위주로 메이크업하고 픽싱 스프레이로 마무리하는 것을 추천합니다.,외출 중 블로팅 페이퍼로 피지를 자주 관리하고 쿨링 토너로 진정시켜 주세요.,야외 일정이 많았는데 자외선이 강해서 워터프루프 아이라이너을 자주 덧발라야 했어요.
yoona_daily,아시아,브루나이,열대기후,연수,★★★★★,남성,25,수의사,건성,34°C (체감),84%,"워터프루프 선크림, 피지 컨트롤 파우더, 픽싱 미스트",매트한 베이스로 유분과 땀을 컨트롤하며 색조는 최소화하는 것이 좋습니다.,자외선 노출 후에는 진정 스프레이와 수분 시트마스크로 피부를 달래주는 것이 좋습니다.,고온다습한 날씨 탓에 피부 트러블이 갑자기 올라와서 당황했어요.
islandhopper_love,아시아,브루나이,열대기후,연수,★★★★★,여성,32,영업직,건성,36°C (체감),87%,"매트 선크림, 블로팅 페이퍼, 쿨링 토너",촉촉한 쿠션으로 습기에도 밀리지 않게 가볍게 표현하는 것을 추천합니다.,실내외 온습도 차이가 크므로 미스트로 수시로 수분을 보충해 주세요.,에어컨 실내와 습한 실외를 오가다 보니 피부 컨디션이 계속 오락가락했어요.
skincarelover_daily,아시아,브루나이,열대기후,연수,★★★★☆,남성,39,대학생,건성,31°C (체감),90%,"저자극 선크림, 진정 스프레이, 수분 시트마스크",색조보다는 톤업 선크림 위주로 산뜻하게 마무리하는 것을 권장합니다.,피지 분비가 많아지는 시기이므로 클레이 마스크로 주 1~2회 관리해 주는 것을 추천합니다.,습도가 정말 높아서 화장이 금방 무너졌어요. 저자극 선크림 없이는 하루도 버티기 힘들었어요.
toneuplife_vibe,아시아,브루나이,열대기후,연수,★★★★☆,여성,46,간호사,건성,33°C (체감),77%,"가벼운 수분 선크림, 쿠션, 미스트",워터프루프 아이라이너와 마스카라로 땀과 습기에 대비하는 것이 좋습니다.,저녁에 이중세안을 꼭 하고 산뜻한 젤 타입 제품으로 유수분 밸런스를 유지하세요.,생각보다 더 더워서 땀 때문에 끈적임이 심했는데 가벼운 수분 선크림이 정말 큰 도움이 됐습니다.
hyerin88,아시아,브루나이,열대기후,연수,★★★☆☆,남성,53,사진작가,건성,35°C (체감),80%,"워터프루프 아이라이너, 피지 흡수 패드, 쿨링 젤",얇은 베이스에 워터프루프 제품 위주로 메이크업하고 픽싱 스프레이로 마무리하는 것을 추천합니다.,외출 중 블로팅 페이퍼로 피지를 자주 관리하고 쿨링 토너로 진정시켜 주세요.,야외 일정이 많았는데 자외선이 강해서 워터프루프 아이라이너을 자주 덧발라야 했어요.
mia_love,아시아,브루나이,열대기후,연수,★★★★★,여성,20,엔지니어,건성,30°C (체감),83%,"워터프루프 선크림, 피지 컨트롤 파우더, 픽싱 미스트",매트한 베이스로 유분과 땀을 컨트롤하며 색조는 최소화하는 것이 좋습니다.,자외선 노출 후에는 진정 스프레이와 수분 시트마스크로 피부를 달래주는 것이 좋습니다.,고온다습한 날씨 탓에 피부 트러블이 갑자기 올라와서 당황했어요.
eunji_world,아프리카,부르키나파소,건조기후,경수,★★★★☆,남성,55,트레이너,민감성,40°C (체감),26%,"수분 크림, 선쿠션, 진정 스프레이",촉촉한 베이스에 크림 타입 블러셔로 생기를 더하는 메이크업을 추천합니다.,강한 햇빛 대비 SPF 높은 제품을 사용하고 쿨링 미스트로 열감을 진정시켜 주세요.,건조한 바람 때문에 입술과 볼이 자주 텄어요. 수분 크림 없이는 힘들었을 것 같아요.
desertrose_zone,아프리카,부르키나파소,건조기후,경수,★★★★☆,여성,22,건축가,민감성,28°C (체감),29%,"고보습 선크림, 미스트, 영양 크림",메이크업은 최소화하고 톤업 선크림으로 자연스럽게 마무리하는 것을 권장합니다.,자외선 노출 후 진정 젤로 쿨다운하고 세럼으로 수분을 채워주는 것을 추천합니다.,햇빛이 강렬해서 선크림을 2~3시간마다 덧발라야 했어요.
globetrotter_official,아프리카,부르키나파소,건조기후,경수,★★★★★,남성,29,일러스트레이터,민감성,30°C (체감),32%,"저자극 선크림, 진정 젤, 수분 세럼",가벼운 수분 쿠션으로 건조함을 커버하며 자연스러운 룩을 연출하세요.,낮은 습도로 인한 수분 손실을 막기 위해 고보습 크림을 겹겹이 발라주세요.,사막성 기후라 그런지 평소보다 피부가 훨씬 건조해지는 걸 느꼈어요.
glowup_life,아프리카,부르키나파소,건조기후,경수,★★★★☆,여성,36,회사원,민감성,32°C (체감),15%,"수분 로션, 선크림, 핸드크림",고보습 베이스 제품으로 들뜸 없이 매끈한 피부 표현이 가능합니다.,입술과 손이 트기 쉬우므로 립밤과 핸드크림을 항상 휴대하는 것이 좋습니다.,낮은 습도 때문에 피부가 계속 당기고 화장이 들떴어요. 수분 로션이 필수였습니다.
minseo_diary,아프리카,부르키나파소,건조기후,경수,★★★★☆,남성,43,교사,민감성,34°C (체감),18%,"고SPF 선크림, 쿨링 미스트, 립밤",립 제품은 보습 밤 타입을 선택해 건조함으로 인한 각질을 예방하세요.,건조한 기후이므로 미스트를 수시로 뿌려 수분을 보충하는 것이 중요합니다.,일교차가 커서 낮에는 덥고 밤에는 쌀쌀해 피부가 예민해졌어요.
hyunwoo_love,아프리카,부르키나파소,건조기후,경수,★☆☆☆☆,여성,50,요리사,민감성,36°C (체감),21%,"수분 크림, 선쿠션, 진정 스프레이",촉촉한 베이스에 크림 타입 블러셔로 생기를 더하는 메이크업을 추천합니다.,강한 햇빛 대비 SPF 높은 제품을 사용하고 쿨링 미스트로 열감을 진정시켜 주세요.,건조한 바람 때문에 입술과 볼이 자주 텄어요. 수분 크림 없이는 힘들었을 것 같아요.
eunji_note,아프리카,부르키나파소,건조기후,경수,★★★★★,남성,57,자영업,민감성,38°C (체감),24%,"고보습 선크림, 미스트, 영양 크림",메이크업은 최소화하고 톤업 선크림으로 자연스럽게 마무리하는 것을 권장합니다.,자외선 노출 후 진정 젤로 쿨다운하고 세럼으로 수분을 채워주는 것을 추천합니다.,햇빛이 강렬해서 선크림을 2~3시간마다 덧발라야 했어요.
balmaddict_note,아프리카,부르키나파소,건조기후,경수,★★☆☆☆,여성,24,여행가이드,민감성,40°C (체감),27%,"저자극 선크림, 진정 젤, 수분 세럼",가벼운 수분 쿠션으로 건조함을 커버하며 자연스러운 룩을 연출하세요.,낮은 습도로 인한 수분 손실을 막기 위해 고보습 크림을 겹겹이 발라주세요.,사막성 기후라 그런지 평소보다 피부가 훨씬 건조해지는 걸 느꼈어요.
yoona23,아프리카,부르키나파소,건조기후,경수,★★★★☆,남성,31,작가,민감성,28°C (체감),30%,"수분 로션, 선크림, 핸드크림",고보습 베이스 제품으로 들뜸 없이 매끈한 피부 표현이 가능합니다.,입술과 손이 트기 쉬우므로 립밤과 핸드크림을 항상 휴대하는 것이 좋습니다.,낮은 습도 때문에 피부가 계속 당기고 화장이 들떴어요. 수분 로션이 필수였습니다.
serumfan23,아프리카,부르키나파소,건조기후,경수,★★★★☆,여성,38,연구원,민감성,30°C (체감),33%,"고SPF 선크림, 쿨링 미스트, 립밤",립 제품은 보습 밤 타입을 선택해 건조함으로 인한 각질을 예방하세요.,건조한 기후이므로 미스트를 수시로 뿌려 수분을 보충하는 것이 중요합니다.,일교차가 커서 낮에는 덥고 밤에는 쌀쌀해 피부가 예민해졌어요.
nari_love,아프리카,부룬디,열대기후,연수,★★★★★,여성,30,트레이너,민감성,33°C (체감),89%,"워터프루프 아이라이너, 피지 흡수 패드, 쿨링 젤",얇은 베이스에 워터프루프 제품 위주로 메이크업하고 픽싱 스프레이로 마무리하는 것을 추천합니다.,외출 중 블로팅 페이퍼로 피지를 자주 관리하고 쿨링 토너로 진정시켜 주세요.,야외 일정이 많았는데 자외선이 강해서 워터프루프 아이라이너을 자주 덧발라야 했어요.
dailyglow23,아프리카,부룬디,열대기후,연수,★★★★☆,남성,37,건축가,민감성,35°C (체감),76%,"워터프루프 선크림, 피지 컨트롤 파우더, 픽싱 미스트",매트한 베이스로 유분과 땀을 컨트롤하며 색조는 최소화하는 것이 좋습니다.,자외선 노출 후에는 진정 스프레이와 수분 시트마스크로 피부를 달래주는 것이 좋습니다.,고온다습한 날씨 탓에 피부 트러블이 갑자기 올라와서 당황했어요.
jihoon_official,아프리카,부룬디,열대기후,연수,★★★☆☆,여성,44,일러스트레이터,민감성,30°C (체감),79%,"매트 선크림, 블로팅 페이퍼, 쿨링 토너",촉촉한 쿠션으로 습기에도 밀리지 않게 가볍게 표현하는 것을 추천합니다.,실내외 온습도 차이가 크므로 미스트로 수시로 수분을 보충해 주세요.,에어컨 실내와 습한 실외를 오가다 보니 피부 컨디션이 계속 오락가락했어요.
coolbreeze_life,아프리카,부룬디,열대기후,연수,★★★★★,남성,51,회사원,민감성,32°C (체감),82%,"저자극 선크림, 진정 스프레이, 수분 시트마스크",색조보다는 톤업 선크림 위주로 산뜻하게 마무리하는 것을 권장합니다.,피지 분비가 많아지는 시기이므로 클레이 마스크로 주 1~2회 관리해 주는 것을 추천합니다.,습도가 정말 높아서 화장이 금방 무너졌어요. 저자극 선크림 없이는 하루도 버티기 힘들었어요.
cloudnine_vibe,아프리카,부룬디,열대기후,연수,★★★☆☆,여성,58,교사,민감성,34°C (체감),85%,"가벼운 수분 선크림, 쿠션, 미스트",워터프루프 아이라이너와 마스카라로 땀과 습기에 대비하는 것이 좋습니다.,저녁에 이중세안을 꼭 하고 산뜻한 젤 타입 제품으로 유수분 밸런스를 유지하세요.,생각보다 더 더워서 땀 때문에 끈적임이 심했는데 가벼운 수분 선크림이 정말 큰 도움이 됐습니다.
fiona_world,아프리카,부룬디,열대기후,연수,★★★★☆,남성,25,요리사,민감성,36°C (체감),88%,"워터프루프 아이라이너, 피지 흡수 패드, 쿨링 젤",얇은 베이스에 워터프루프 제품 위주로 메이크업하고 픽싱 스프레이로 마무리하는 것을 추천합니다.,외출 중 블로팅 페이퍼로 피지를 자주 관리하고 쿨링 토너로 진정시켜 주세요.,야외 일정이 많았는데 자외선이 강해서 워터프루프 아이라이너을 자주 덧발라야 했어요.
gina_mode,아프리카,부룬디,열대기후,연수,★★★★★,여성,32,자영업,민감성,31°C (체감),75%,"워터프루프 선크림, 피지 컨트롤 파우더, 픽싱 미스트",매트한 베이스로 유분과 땀을 컨트롤하며 색조는 최소화하는 것이 좋습니다.,자외선 노출 후에는 진정 스프레이와 수분 시트마스크로 피부를 달래주는 것이 좋습니다.,고온다습한 날씨 탓에 피부 트러블이 갑자기 올라와서 당황했어요.
sunkissed_mode,아프리카,부룬디,열대기후,연수,★★☆☆☆,남성,39,여행가이드,민감성,33°C (체감),78%,"매트 선크림, 블로팅 페이퍼, 쿨링 토너",촉촉한 쿠션으로 습기에도 밀리지 않게 가볍게 표현하는 것을 추천합니다.,실내외 온습도 차이가 크므로 미스트로 수시로 수분을 보충해 주세요.,에어컨 실내와 습한 실외를 오가다 보니 피부 컨디션이 계속 오락가락했어요.
jiyeon_story,아프리카,부룬디,열대기후,연수,★★★★★,여성,46,작가,민감성,35°C (체감),81%,"저자극 선크림, 진정 스프레이, 수분 시트마스크",색조보다는 톤업 선크림 위주로 산뜻하게 마무리하는 것을 권장합니다.,피지 분비가 많아지는 시기이므로 클레이 마스크로 주 1~2회 관리해 주는 것을 추천합니다.,습도가 정말 높아서 화장이 금방 무너졌어요. 저자극 선크림 없이는 하루도 버티기 힘들었어요.
subin07,아프리카,부룬디,열대기후,연수,★★★★☆,남성,53,연구원,민감성,30°C (체감),84%,"가벼운 수분 선크림, 쿠션, 미스트",워터프루프 아이라이너와 마스카라로 땀과 습기에 대비하는 것이 좋습니다.,저녁에 이중세안을 꼭 하고 산뜻한 젤 타입 제품으로 유수분 밸런스를 유지하세요.,생각보다 더 더워서 땀 때문에 끈적임이 심했는데 가벼운 수분 선크림이 정말 큰 도움이 됐습니다.
urbanexplorer_love,아프리카,카보베르데,건조기후,경수,★★★☆☆,여성,40,바리스타,민감성,31°C (체감),31%,"수분 크림, 선쿠션, 진정 스프레이",촉촉한 베이스에 크림 타입 블러셔로 생기를 더하는 메이크업을 추천합니다.,강한 햇빛 대비 SPF 높은 제품을 사용하고 쿨링 미스트로 열감을 진정시켜 주세요.,건조한 바람 때문에 입술과 볼이 자주 텄어요. 수분 크림 없이는 힘들었을 것 같아요.
suji_life,아프리카,카보베르데,건조기후,경수,★★☆☆☆,남성,47,프로그래머,민감성,33°C (체감),34%,"고보습 선크림, 미스트, 영양 크림",메이크업은 최소화하고 톤업 선크림으로 자연스럽게 마무리하는 것을 권장합니다.,자외선 노출 후 진정 젤로 쿨다운하고 세럼으로 수분을 채워주는 것을 추천합니다.,햇빛이 강렬해서 선크림을 2~3시간마다 덧발라야 했어요.
jiho_love,아프리카,카보베르데,건조기후,경수,★★☆☆☆,여성,54,프리랜서,민감성,35°C (체감),17%,"저자극 선크림, 진정 젤, 수분 세럼",가벼운 수분 쿠션으로 건조함을 커버하며 자연스러운 룩을 연출하세요.,낮은 습도로 인한 수분 손실을 막기 위해 고보습 크림을 겹겹이 발라주세요.,사막성 기후라 그런지 평소보다 피부가 훨씬 건조해지는 걸 느꼈어요.
jina_vibe,아프리카,카보베르데,건조기후,경수,★★★★☆,남성,21,디자이너,민감성,37°C (체감),20%,"수분 로션, 선크림, 핸드크림",고보습 베이스 제품으로 들뜸 없이 매끈한 피부 표현이 가능합니다.,입술과 손이 트기 쉬우므로 립밤과 핸드크림을 항상 휴대하는 것이 좋습니다.,낮은 습도 때문에 피부가 계속 당기고 화장이 들떴어요. 수분 로션이 필수였습니다.
sunnytraveler_story,아프리카,카보베르데,건조기후,경수,★★★☆☆,여성,28,승무원,민감성,39°C (체감),23%,"고SPF 선크림, 쿨링 미스트, 립밤",립 제품은 보습 밤 타입을 선택해 건조함으로 인한 각질을 예방하세요.,건조한 기후이므로 미스트를 수시로 뿌려 수분을 보충하는 것이 중요합니다.,일교차가 커서 낮에는 덥고 밤에는 쌀쌀해 피부가 예민해졌어요.
makeupfan_life,아프리카,카보베르데,건조기후,경수,★★★★★,남성,35,마케터,민감성,41°C (체감),26%,"수분 크림, 선쿠션, 진정 스프레이",촉촉한 베이스에 크림 타입 블러셔로 생기를 더하는 메이크업을 추천합니다.,강한 햇빛 대비 SPF 높은 제품을 사용하고 쿨링 미스트로 열감을 진정시켜 주세요.,건조한 바람 때문에 입술과 볼이 자주 텄어요. 수분 크림 없이는 힘들었을 것 같아요.
combiskin23,아프리카,카보베르데,건조기후,경수,★★★★☆,여성,42,공무원,민감성,29°C (체감),29%,"고보습 선크림, 미스트, 영양 크림",메이크업은 최소화하고 톤업 선크림으로 자연스럽게 마무리하는 것을 권장합니다.,자외선 노출 후 진정 젤로 쿨다운하고 세럼으로 수분을 채워주는 것을 추천합니다.,햇빛이 강렬해서 선크림을 2~3시간마다 덧발라야 했어요.
fiona_vibe,아프리카,카보베르데,건조기후,경수,★★★★☆,남성,49,회계사,민감성,31°C (체감),32%,"저자극 선크림, 진정 젤, 수분 세럼",가벼운 수분 쿠션으로 건조함을 커버하며 자연스러운 룩을 연출하세요.,낮은 습도로 인한 수분 손실을 막기 위해 고보습 크림을 겹겹이 발라주세요.,사막성 기후라 그런지 평소보다 피부가 훨씬 건조해지는 걸 느꼈어요.
yoona_diary,아프리카,카보베르데,건조기후,경수,★★☆☆☆,여성,56,수의사,민감성,33°C (체감),15%,"수분 로션, 선크림, 핸드크림",고보습 베이스 제품으로 들뜸 없이 매끈한 피부 표현이 가능합니다.,입술과 손이 트기 쉬우므로 립밤과 핸드크림을 항상 휴대하는 것이 좋습니다.,낮은 습도 때문에 피부가 계속 당기고 화장이 들떴어요. 수분 로션이 필수였습니다.
taeyang01,아프리카,카보베르데,건조기후,경수,★★★☆☆,남성,23,영업직,민감성,35°C (체감),18%,"고SPF 선크림, 쿨링 미스트, 립밤",립 제품은 보습 밤 타입을 선택해 건조함으로 인한 각질을 예방하세요.,건조한 기후이므로 미스트를 수시로 뿌려 수분을 보충하는 것이 중요합니다.,일교차가 커서 낮에는 덥고 밤에는 쌀쌀해 피부가 예민해졌어요.
tropicalgirl_love,아프리카,카메룬,열대기후,연수,★★★☆☆,남성,45,마케터,민감성,33°C (체감),80%,"워터프루프 아이라이너, 피지 흡수 패드, 쿨링 젤",얇은 베이스에 워터프루프 제품 위주로 메이크업하고 픽싱 스프레이로 마무리하는 것을 추천합니다.,외출 중 블로팅 페이퍼로 피지를 자주 관리하고 쿨링 토너로 진정시켜 주세요.,야외 일정이 많았는데 자외선이 강해서 워터프루프 아이라이너을 자주 덧발라야 했어요.
fiona_note,아프리카,카메룬,열대기후,연수,★★★☆☆,여성,52,공무원,민감성,35°C (체감),83%,"워터프루프 선크림, 피지 컨트롤 파우더, 픽싱 미스트",매트한 베이스로 유분과 땀을 컨트롤하며 색조는 최소화하는 것이 좋습니다.,자외선 노출 후에는 진정 스프레이와 수분 시트마스크로 피부를 달래주는 것이 좋습니다.,고온다습한 날씨 탓에 피부 트러블이 갑자기 올라와서 당황했어요.
bomi_ing,아프리카,카메룬,열대기후,연수,★★★★★,남성,59,회계사,민감성,30°C (체감),86%,"매트 선크림, 블로팅 페이퍼, 쿨링 토너",촉촉한 쿠션으로 습기에도 밀리지 않게 가볍게 표현하는 것을 추천합니다.,실내외 온습도 차이가 크므로 미스트로 수시로 수분을 보충해 주세요.,에어컨 실내와 습한 실외를 오가다 보니 피부 컨디션이 계속 오락가락했어요.
barefaced_note,아프리카,카메룬,열대기후,연수,★★★★☆,여성,26,수의사,민감성,32°C (체감),89%,"저자극 선크림, 진정 스프레이, 수분 시트마스크",색조보다는 톤업 선크림 위주로 산뜻하게 마무리하는 것을 권장합니다.,피지 분비가 많아지는 시기이므로 클레이 마스크로 주 1~2회 관리해 주는 것을 추천합니다.,습도가 정말 높아서 화장이 금방 무너졌어요. 저자극 선크림 없이는 하루도 버티기 힘들었어요.
mistyday_zone,아프리카,카메룬,열대기후,연수,★★★★★,남성,33,영업직,민감성,34°C (체감),76%,"가벼운 수분 선크림, 쿠션, 미스트",워터프루프 아이라이너와 마스카라로 땀과 습기에 대비하는 것이 좋습니다.,저녁에 이중세안을 꼭 하고 산뜻한 젤 타입 제품으로 유수분 밸런스를 유지하세요.,생각보다 더 더워서 땀 때문에 끈적임이 심했는데 가벼운 수분 선크림이 정말 큰 도움이 됐습니다.
bomi_mode,아프리카,카메룬,열대기후,연수,★★★★☆,여성,40,대학생,민감성,36°C (체감),79%,"워터프루프 아이라이너, 피지 흡수 패드, 쿨링 젤",얇은 베이스에 워터프루프 제품 위주로 메이크업하고 픽싱 스프레이로 마무리하는 것을 추천합니다.,외출 중 블로팅 페이퍼로 피지를 자주 관리하고 쿨링 토너로 진정시켜 주세요.,야외 일정이 많았는데 자외선이 강해서 워터프루프 아이라이너을 자주 덧발라야 했어요.
moisturemax_daily,아프리카,카메룬,열대기후,연수,★★★★★,남성,47,간호사,민감성,31°C (체감),82%,"워터프루프 선크림, 피지 컨트롤 파우더, 픽싱 미스트",매트한 베이스로 유분과 땀을 컨트롤하며 색조는 최소화하는 것이 좋습니다.,자외선 노출 후에는 진정 스프레이와 수분 시트마스크로 피부를 달래주는 것이 좋습니다.,고온다습한 날씨 탓에 피부 트러블이 갑자기 올라와서 당황했어요.
beachbum_log,아프리카,카메룬,열대기후,연수,★★★☆☆,여성,54,사진작가,민감성,33°C (체감),85%,"매트 선크림, 블로팅 페이퍼, 쿨링 토너",촉촉한 쿠션으로 습기에도 밀리지 않게 가볍게 표현하는 것을 추천합니다.,실내외 온습도 차이가 크므로 미스트로 수시로 수분을 보충해 주세요.,에어컨 실내와 습한 실외를 오가다 보니 피부 컨디션이 계속 오락가락했어요.
tintedlips_zone,아프리카,카메룬,열대기후,연수,★★★★★,남성,21,엔지니어,민감성,35°C (체감),88%,"저자극 선크림, 진정 스프레이, 수분 시트마스크",색조보다는 톤업 선크림 위주로 산뜻하게 마무리하는 것을 권장합니다.,피지 분비가 많아지는 시기이므로 클레이 마스크로 주 1~2회 관리해 주는 것을 추천합니다.,습도가 정말 높아서 화장이 금방 무너졌어요. 저자극 선크림 없이는 하루도 버티기 힘들었어요.
soojin07,아프리카,카메룬,열대기후,연수,★★☆☆☆,여성,28,약사,민감성,30°C (체감),75%,"가벼운 수분 선크림, 쿠션, 미스트",워터프루프 아이라이너와 마스카라로 땀과 습기에 대비하는 것이 좋습니다.,저녁에 이중세안을 꼭 하고 산뜻한 젤 타입 제품으로 유수분 밸런스를 유지하세요.,생각보다 더 더워서 땀 때문에 끈적임이 심했는데 가벼운 수분 선크림이 정말 큰 도움이 됐습니다.
beachbum_daily,아프리카,중앙아프리카공화국,열대기후,연수,★★★★☆,남성,21,사진작가,복합성,30°C (체감),80%,"워터프루프 선크림, 피지 컨트롤 파우더, 픽싱 미스트",매트한 베이스로 유분과 땀을 컨트롤하며 색조는 최소화하는 것이 좋습니다.,자외선 노출 후에는 진정 스프레이와 수분 시트마스크로 피부를 달래주는 것이 좋습니다.,고온다습한 날씨 탓에 피부 트러블이 갑자기 올라와서 당황했어요.
daon_zone,아프리카,중앙아프리카공화국,열대기후,연수,★★★★☆,여성,28,엔지니어,민감성,32°C (체감),83%,"매트 선크림, 블로팅 페이퍼, 쿨링 토너",촉촉한 쿠션으로 습기에도 밀리지 않게 가볍게 표현하는 것을 추천합니다.,실내외 온습도 차이가 크므로 미스트로 수시로 수분을 보충해 주세요.,에어컨 실내와 습한 실외를 오가다 보니 피부 컨디션이 계속 오락가락했어요.
seojun_note,아프리카,중앙아프리카공화국,열대기후,연수,★★★★★,남성,35,약사,건성,34°C (체감),86%,"저자극 선크림, 진정 스프레이, 수분 시트마스크",색조보다는 톤업 선크림 위주로 산뜻하게 마무리하는 것을 권장합니다.,피지 분비가 많아지는 시기이므로 클레이 마스크로 주 1~2회 관리해 주는 것을 추천합니다.,습도가 정말 높아서 화장이 금방 무너졌어요. 저자극 선크림 없이는 하루도 버티기 힘들었어요.
subin_official,아프리카,중앙아프리카공화국,열대기후,연수,★★★★☆,여성,42,트레이너,지성,36°C (체감),89%,"가벼운 수분 선크림, 쿠션, 미스트",워터프루프 아이라이너와 마스카라로 땀과 습기에 대비하는 것이 좋습니다.,저녁에 이중세안을 꼭 하고 산뜻한 젤 타입 제품으로 유수분 밸런스를 유지하세요.,생각보다 더 더워서 땀 때문에 끈적임이 심했는데 가벼운 수분 선크림이 정말 큰 도움이 됐습니다.
yoonseo99,아프리카,중앙아프리카공화국,열대기후,연수,★★★★☆,남성,49,건축가,복합성,31°C (체감),76%,"워터프루프 아이라이너, 피지 흡수 패드, 쿨링 젤",얇은 베이스에 워터프루프 제품 위주로 메이크업하고 픽싱 스프레이로 마무리하는 것을 추천합니다.,외출 중 블로팅 페이퍼로 피지를 자주 관리하고 쿨링 토너로 진정시켜 주세요.,야외 일정이 많았는데 자외선이 강해서 워터프루프 아이라이너을 자주 덧발라야 했어요.
sensitiveskin01,아프리카,중앙아프리카공화국,열대기후,연수,★★★★★,여성,56,일러스트레이터,민감성,33°C (체감),79%,"워터프루프 선크림, 피지 컨트롤 파우더, 픽싱 미스트",매트한 베이스로 유분과 땀을 컨트롤하며 색조는 최소화하는 것이 좋습니다.,자외선 노출 후에는 진정 스프레이와 수분 시트마스크로 피부를 달래주는 것이 좋습니다.,고온다습한 날씨 탓에 피부 트러블이 갑자기 올라와서 당황했어요.
yerin_zone,아프리카,중앙아프리카공화국,열대기후,연수,★☆☆☆☆,남성,23,회사원,건성,35°C (체감),82%,"매트 선크림, 블로팅 페이퍼, 쿨링 토너",촉촉한 쿠션으로 습기에도 밀리지 않게 가볍게 표현하는 것을 추천합니다.,실내외 온습도 차이가 크므로 미스트로 수시로 수분을 보충해 주세요.,에어컨 실내와 습한 실외를 오가다 보니 피부 컨디션이 계속 오락가락했어요.
cushionfan23,아프리카,중앙아프리카공화국,열대기후,연수,★★★★☆,여성,30,교사,지성,30°C (체감),85%,"저자극 선크림, 진정 스프레이, 수분 시트마스크",색조보다는 톤업 선크림 위주로 산뜻하게 마무리하는 것을 권장합니다.,피지 분비가 많아지는 시기이므로 클레이 마스크로 주 1~2회 관리해 주는 것을 추천합니다.,습도가 정말 높아서 화장이 금방 무너졌어요. 저자극 선크림 없이는 하루도 버티기 힘들었어요.
beautyaddict88,아프리카,중앙아프리카공화국,열대기후,연수,★★★★☆,남성,37,요리사,복합성,32°C (체감),88%,"가벼운 수분 선크림, 쿠션, 미스트",워터프루프 아이라이너와 마스카라로 땀과 습기에 대비하는 것이 좋습니다.,저녁에 이중세안을 꼭 하고 산뜻한 젤 타입 제품으로 유수분 밸런스를 유지하세요.,생각보다 더 더워서 땀 때문에 끈적임이 심했는데 가벼운 수분 선크림이 정말 큰 도움이 됐습니다.
eunji_diary,아프리카,중앙아프리카공화국,열대기후,연수,★★★★★,여성,44,자영업,민감성,34°C (체감),75%,"워터프루프 아이라이너, 피지 흡수 패드, 쿨링 젤",얇은 베이스에 워터프루프 제품 위주로 메이크업하고 픽싱 스프레이로 마무리하는 것을 추천합니다.,외출 중 블로팅 페이퍼로 피지를 자주 관리하고 쿨링 토너로 진정시켜 주세요.,야외 일정이 많았는데 자외선이 강해서 워터프루프 아이라이너을 자주 덧발라야 했어요.
funtraveler_note,아프리카,차드,건조기후,경수,★★★★☆,여성,54,수의사,복합성,35°C (체감),25%,"고SPF 선크림, 쿨링 미스트, 립밤",립 제품은 보습 밤 타입을 선택해 건조함으로 인한 각질을 예방하세요.,건조한 기후이므로 미스트를 수시로 뿌려 수분을 보충하는 것이 중요합니다.,일교차가 커서 낮에는 덥고 밤에는 쌀쌀해 피부가 예민해졌어요.
mia_official,아프리카,차드,건조기후,경수,★★★★★,남성,21,영업직,복합성,37°C (체감),28%,"수분 크림, 선쿠션, 진정 스프레이",촉촉한 베이스에 크림 타입 블러셔로 생기를 더하는 메이크업을 추천합니다.,강한 햇빛 대비 SPF 높은 제품을 사용하고 쿨링 미스트로 열감을 진정시켜 주세요.,건조한 바람 때문에 입술과 볼이 자주 텄어요. 수분 크림 없이는 힘들었을 것 같아요.
yoonseo_92,아프리카,차드,건조기후,경수,★★☆☆☆,여성,28,대학생,복합성,39°C (체감),31%,"고보습 선크림, 미스트, 영양 크림",메이크업은 최소화하고 톤업 선크림으로 자연스럽게 마무리하는 것을 권장합니다.,자외선 노출 후 진정 젤로 쿨다운하고 세럼으로 수분을 채워주는 것을 추천합니다.,햇빛이 강렬해서 선크림을 2~3시간마다 덧발라야 했어요.
somin_zone,아프리카,차드,건조기후,경수,★★★★★,남성,35,간호사,복합성,41°C (체감),34%,"저자극 선크림, 진정 젤, 수분 세럼",가벼운 수분 쿠션으로 건조함을 커버하며 자연스러운 룩을 연출하세요.,낮은 습도로 인한 수분 손실을 막기 위해 고보습 크림을 겹겹이 발라주세요.,사막성 기후라 그런지 평소보다 피부가 훨씬 건조해지는 걸 느꼈어요.
suncareguru_story,아프리카,차드,건조기후,경수,★★★★☆,여성,42,사진작가,복합성,29°C (체감),17%,"수분 로션, 선크림, 핸드크림",고보습 베이스 제품으로 들뜸 없이 매끈한 피부 표현이 가능합니다.,입술과 손이 트기 쉬우므로 립밤과 핸드크림을 항상 휴대하는 것이 좋습니다.,낮은 습도 때문에 피부가 계속 당기고 화장이 들떴어요. 수분 로션이 필수였습니다.
humidmood_log,아프리카,차드,건조기후,경수,★★★★☆,남성,49,엔지니어,복합성,31°C (체감),20%,"고SPF 선크림, 쿨링 미스트, 립밤",립 제품은 보습 밤 타입을 선택해 건조함으로 인한 각질을 예방하세요.,건조한 기후이므로 미스트를 수시로 뿌려 수분을 보충하는 것이 중요합니다.,일교차가 커서 낮에는 덥고 밤에는 쌀쌀해 피부가 예민해졌어요.
seoyeon_note,아프리카,차드,건조기후,경수,★★★★☆,여성,56,약사,복합성,33°C (체감),23%,"수분 크림, 선쿠션, 진정 스프레이",촉촉한 베이스에 크림 타입 블러셔로 생기를 더하는 메이크업을 추천합니다.,강한 햇빛 대비 SPF 높은 제품을 사용하고 쿨링 미스트로 열감을 진정시켜 주세요.,건조한 바람 때문에 입술과 볼이 자주 텄어요. 수분 크림 없이는 힘들었을 것 같아요.
wanderlust_92,아프리카,차드,건조기후,경수,★★★★★,남성,23,트레이너,복합성,35°C (체감),26%,"고보습 선크림, 미스트, 영양 크림",메이크업은 최소화하고 톤업 선크림으로 자연스럽게 마무리하는 것을 권장합니다.,자외선 노출 후 진정 젤로 쿨다운하고 세럼으로 수분을 채워주는 것을 추천합니다.,햇빛이 강렬해서 선크림을 2~3시간마다 덧발라야 했어요.
moisturemax07,아프리카,차드,건조기후,경수,★★★★☆,여성,30,건축가,복합성,37°C (체감),29%,"저자극 선크림, 진정 젤, 수분 세럼",가벼운 수분 쿠션으로 건조함을 커버하며 자연스러운 룩을 연출하세요.,낮은 습도로 인한 수분 손실을 막기 위해 고보습 크림을 겹겹이 발라주세요.,사막성 기후라 그런지 평소보다 피부가 훨씬 건조해지는 걸 느꼈어요.
beachbum_world,아프리카,차드,건조기후,경수,★★★★★,남성,37,일러스트레이터,복합성,39°C (체감),32%,"수분 로션, 선크림, 핸드크림",고보습 베이스 제품으로 들뜸 없이 매끈한 피부 표현이 가능합니다.,입술과 손이 트기 쉬우므로 립밤과 핸드크림을 항상 휴대하는 것이 좋습니다.,낮은 습도 때문에 피부가 계속 당기고 화장이 들떴어요. 수분 로션이 필수였습니다.
sora_official,아프리카,코모로,열대기후,연수,★★★★★,남성,55,대학생,민감성,33°C (체감),82%,"워터프루프 아이라이너, 피지 흡수 패드, 쿨링 젤",얇은 베이스에 워터프루프 제품 위주로 메이크업하고 픽싱 스프레이로 마무리하는 것을 추천합니다.,외출 중 블로팅 페이퍼로 피지를 자주 관리하고 쿨링 토너로 진정시켜 주세요.,야외 일정이 많았는데 자외선이 강해서 워터프루프 아이라이너을 자주 덧발라야 했어요.
soojin_love,아프리카,코모로,열대기후,연수,★★★★☆,여성,22,간호사,민감성,35°C (체감),85%,"워터프루프 선크림, 피지 컨트롤 파우더, 픽싱 미스트",매트한 베이스로 유분과 땀을 컨트롤하며 색조는 최소화하는 것이 좋습니다.,자외선 노출 후에는 진정 스프레이와 수분 시트마스크로 피부를 달래주는 것이 좋습니다.,고온다습한 날씨 탓에 피부 트러블이 갑자기 올라와서 당황했어요.
coolbreeze_vibe,아프리카,코모로,열대기후,연수,★★★☆☆,남성,29,사진작가,민감성,30°C (체감),88%,"매트 선크림, 블로팅 페이퍼, 쿨링 토너",촉촉한 쿠션으로 습기에도 밀리지 않게 가볍게 표현하는 것을 추천합니다.,실내외 온습도 차이가 크므로 미스트로 수시로 수분을 보충해 주세요.,에어컨 실내와 습한 실외를 오가다 보니 피부 컨디션이 계속 오락가락했어요.
yuna23,아프리카,코모로,열대기후,연수,★★★★☆,여성,36,엔지니어,민감성,32°C (체감),75%,"저자극 선크림, 진정 스프레이, 수분 시트마스크",색조보다는 톤업 선크림 위주로 산뜻하게 마무리하는 것을 권장합니다.,피지 분비가 많아지는 시기이므로 클레이 마스크로 주 1~2회 관리해 주는 것을 추천합니다.,습도가 정말 높아서 화장이 금방 무너졌어요. 저자극 선크림 없이는 하루도 버티기 힘들었어요.
glowygirl07,아프리카,코모로,열대기후,연수,★★★★☆,남성,43,약사,민감성,34°C (체감),78%,"가벼운 수분 선크림, 쿠션, 미스트",워터프루프 아이라이너와 마스카라로 땀과 습기에 대비하는 것이 좋습니다.,저녁에 이중세안을 꼭 하고 산뜻한 젤 타입 제품으로 유수분 밸런스를 유지하세요.,생각보다 더 더워서 땀 때문에 끈적임이 심했는데 가벼운 수분 선크림이 정말 큰 도움이 됐습니다.
wanderlust_life,아프리카,코모로,열대기후,연수,★★★☆☆,여성,50,트레이너,민감성,36°C (체감),81%,"워터프루프 아이라이너, 피지 흡수 패드, 쿨링 젤",얇은 베이스에 워터프루프 제품 위주로 메이크업하고 픽싱 스프레이로 마무리하는 것을 추천합니다.,외출 중 블로팅 페이퍼로 피지를 자주 관리하고 쿨링 토너로 진정시켜 주세요.,야외 일정이 많았는데 자외선이 강해서 워터프루프 아이라이너을 자주 덧발라야 했어요.
seoyeon_mode,아프리카,코모로,열대기후,연수,★★★★★,남성,57,건축가,민감성,31°C (체감),84%,"워터프루프 선크림, 피지 컨트롤 파우더, 픽싱 미스트",매트한 베이스로 유분과 땀을 컨트롤하며 색조는 최소화하는 것이 좋습니다.,자외선 노출 후에는 진정 스프레이와 수분 시트마스크로 피부를 달래주는 것이 좋습니다.,고온다습한 날씨 탓에 피부 트러블이 갑자기 올라와서 당황했어요.
nari01,아프리카,코모로,열대기후,연수,★★★★☆,여성,24,일러스트레이터,민감성,33°C (체감),87%,"매트 선크림, 블로팅 페이퍼, 쿨링 토너",촉촉한 쿠션으로 습기에도 밀리지 않게 가볍게 표현하는 것을 추천합니다.,실내외 온습도 차이가 크므로 미스트로 수시로 수분을 보충해 주세요.,에어컨 실내와 습한 실외를 오가다 보니 피부 컨디션이 계속 오락가락했어요.
freshface_world,아프리카,코모로,열대기후,연수,★★★★★,남성,31,회사원,민감성,35°C (체감),90%,"저자극 선크림, 진정 스프레이, 수분 시트마스크",색조보다는 톤업 선크림 위주로 산뜻하게 마무리하는 것을 권장합니다.,피지 분비가 많아지는 시기이므로 클레이 마스크로 주 1~2회 관리해 주는 것을 추천합니다.,습도가 정말 높아서 화장이 금방 무너졌어요. 저자극 선크림 없이는 하루도 버티기 힘들었어요.
mistyday_story,아프리카,코모로,열대기후,연수,★★★★☆,여성,38,교사,민감성,30°C (체감),77%,"가벼운 수분 선크림, 쿠션, 미스트",워터프루프 아이라이너와 마스카라로 땀과 습기에 대비하는 것이 좋습니다.,저녁에 이중세안을 꼭 하고 산뜻한 젤 타입 제품으로 유수분 밸런스를 유지하세요.,생각보다 더 더워서 땀 때문에 끈적임이 심했는데 가벼운 수분 선크림이 정말 큰 도움이 됐습니다.
citywalker_ing,아프리카,콩고공화국,열대기후,연수,★★★★☆,남성,45,바리스타,민감성,32°C (체감),88%,"워터프루프 아이라이너, 피지 흡수 패드, 쿨링 젤",얇은 베이스에 워터프루프 제품 위주로 메이크업하고 픽싱 스프레이로 마무리하는 것을 추천합니다.,외출 중 블로팅 페이퍼로 피지를 자주 관리하고 쿨링 토너로 진정시켜 주세요.,야외 일정이 많았는데 자외선이 강해서 워터프루프 아이라이너을 자주 덧발라야 했어요.
chaewon99,아프리카,콩고공화국,열대기후,연수,★★★☆☆,여성,52,프로그래머,민감성,34°C (체감),75%,"워터프루프 선크림, 피지 컨트롤 파우더, 픽싱 미스트",매트한 베이스로 유분과 땀을 컨트롤하며 색조는 최소화하는 것이 좋습니다.,자외선 노출 후에는 진정 스프레이와 수분 시트마스크로 피부를 달래주는 것이 좋습니다.,고온다습한 날씨 탓에 피부 트러블이 갑자기 올라와서 당황했어요.
chillmode01,아프리카,콩고공화국,열대기후,연수,★★☆☆☆,남성,59,프리랜서,민감성,36°C (체감),78%,"매트 선크림, 블로팅 페이퍼, 쿨링 토너",촉촉한 쿠션으로 습기에도 밀리지 않게 가볍게 표현하는 것을 추천합니다.,실내외 온습도 차이가 크므로 미스트로 수시로 수분을 보충해 주세요.,에어컨 실내와 습한 실외를 오가다 보니 피부 컨디션이 계속 오락가락했어요.
sunny_zone,아프리카,콩고공화국,열대기후,연수,★★★☆☆,여성,26,디자이너,민감성,31°C (체감),81%,"저자극 선크림, 진정 스프레이, 수분 시트마스크",색조보다는 톤업 선크림 위주로 산뜻하게 마무리하는 것을 권장합니다.,피지 분비가 많아지는 시기이므로 클레이 마스크로 주 1~2회 관리해 주는 것을 추천합니다.,습도가 정말 높아서 화장이 금방 무너졌어요. 저자극 선크림 없이는 하루도 버티기 힘들었어요.
spflover_mode,아프리카,콩고공화국,열대기후,연수,★☆☆☆☆,남성,33,승무원,민감성,33°C (체감),84%,"가벼운 수분 선크림, 쿠션, 미스트",워터프루프 아이라이너와 마스카라로 땀과 습기에 대비하는 것이 좋습니다.,저녁에 이중세안을 꼭 하고 산뜻한 젤 타입 제품으로 유수분 밸런스를 유지하세요.,생각보다 더 더워서 땀 때문에 끈적임이 심했는데 가벼운 수분 선크림이 정말 큰 도움이 됐습니다.
hyunwoo_note,아프리카,콩고공화국,열대기후,연수,★★★★★,여성,40,마케터,민감성,35°C (체감),87%,"워터프루프 아이라이너, 피지 흡수 패드, 쿨링 젤",얇은 베이스에 워터프루프 제품 위주로 메이크업하고 픽싱 스프레이로 마무리하는 것을 추천합니다.,외출 중 블로팅 페이퍼로 피지를 자주 관리하고 쿨링 토너로 진정시켜 주세요.,야외 일정이 많았는데 자외선이 강해서 워터프루프 아이라이너을 자주 덧발라야 했어요.
freshface_zone,아프리카,콩고공화국,열대기후,연수,★☆☆☆☆,남성,47,공무원,민감성,30°C (체감),90%,"워터프루프 선크림, 피지 컨트롤 파우더, 픽싱 미스트",매트한 베이스로 유분과 땀을 컨트롤하며 색조는 최소화하는 것이 좋습니다.,자외선 노출 후에는 진정 스프레이와 수분 시트마스크로 피부를 달래주는 것이 좋습니다.,고온다습한 날씨 탓에 피부 트러블이 갑자기 올라와서 당황했어요.
jiyoung_mode,아프리카,콩고공화국,열대기후,연수,★★★★☆,여성,54,회계사,민감성,32°C (체감),77%,"매트 선크림, 블로팅 페이퍼, 쿨링 토너",촉촉한 쿠션으로 습기에도 밀리지 않게 가볍게 표현하는 것을 추천합니다.,실내외 온습도 차이가 크므로 미스트로 수시로 수분을 보충해 주세요.,에어컨 실내와 습한 실외를 오가다 보니 피부 컨디션이 계속 오락가락했어요.
hayoung_diary,아프리카,콩고공화국,열대기후,연수,★★★★☆,남성,21,수의사,민감성,34°C (체감),80%,"저자극 선크림, 진정 스프레이, 수분 시트마스크",색조보다는 톤업 선크림 위주로 산뜻하게 마무리하는 것을 권장합니다.,피지 분비가 많아지는 시기이므로 클레이 마스크로 주 1~2회 관리해 주는 것을 추천합니다.,습도가 정말 높아서 화장이 금방 무너졌어요. 저자극 선크림 없이는 하루도 버티기 힘들었어요.
chillmode_daily,아프리카,콩고공화국,열대기후,연수,★★★★☆,여성,28,영업직,민감성,36°C (체감),83%,"가벼운 수분 선크림, 쿠션, 미스트",워터프루프 아이라이너와 마스카라로 땀과 습기에 대비하는 것이 좋습니다.,저녁에 이중세안을 꼭 하고 산뜻한 젤 타입 제품으로 유수분 밸런스를 유지하세요.,생각보다 더 더워서 땀 때문에 끈적임이 심했는데 가벼운 수분 선크림이 정말 큰 도움이 됐습니다.
mistyday_love,아프리카,콩고민주공화국,열대기후,연수,★★☆☆☆,남성,47,영업직,건성,32°C (체감),82%,"매트 선크림, 블로팅 페이퍼, 쿨링 토너",촉촉한 쿠션으로 습기에도 밀리지 않게 가볍게 표현하는 것을 추천합니다.,실내외 온습도 차이가 크므로 미스트로 수시로 수분을 보충해 주세요.,에어컨 실내와 습한 실외를 오가다 보니 피부 컨디션이 계속 오락가락했어요.
olivia_92,아프리카,콩고민주공화국,열대기후,연수,★☆☆☆☆,여성,54,대학생,건성,34°C (체감),85%,"저자극 선크림, 진정 스프레이, 수분 시트마스크",색조보다는 톤업 선크림 위주로 산뜻하게 마무리하는 것을 권장합니다.,피지 분비가 많아지는 시기이므로 클레이 마스크로 주 1~2회 관리해 주는 것을 추천합니다.,습도가 정말 높아서 화장이 금방 무너졌어요. 저자극 선크림 없이는 하루도 버티기 힘들었어요.
somin_world,아프리카,콩고민주공화국,열대기후,연수,★★★☆☆,남성,21,간호사,건성,36°C (체감),88%,"가벼운 수분 선크림, 쿠션, 미스트",워터프루프 아이라이너와 마스카라로 땀과 습기에 대비하는 것이 좋습니다.,저녁에 이중세안을 꼭 하고 산뜻한 젤 타입 제품으로 유수분 밸런스를 유지하세요.,생각보다 더 더워서 땀 때문에 끈적임이 심했는데 가벼운 수분 선크림이 정말 큰 도움이 됐습니다.
toneuplife_mode,아프리카,콩고민주공화국,열대기후,연수,★★★★★,여성,28,사진작가,건성,31°C (체감),75%,"워터프루프 아이라이너, 피지 흡수 패드, 쿨링 젤",얇은 베이스에 워터프루프 제품 위주로 메이크업하고 픽싱 스프레이로 마무리하는 것을 추천합니다.,외출 중 블로팅 페이퍼로 피지를 자주 관리하고 쿨링 토너로 진정시켜 주세요.,야외 일정이 많았는데 자외선이 강해서 워터프루프 아이라이너을 자주 덧발라야 했어요.
suncareguru01,아프리카,콩고민주공화국,열대기후,연수,★★★★★,남성,35,엔지니어,건성,33°C (체감),78%,"워터프루프 선크림, 피지 컨트롤 파우더, 픽싱 미스트",매트한 베이스로 유분과 땀을 컨트롤하며 색조는 최소화하는 것이 좋습니다.,자외선 노출 후에는 진정 스프레이와 수분 시트마스크로 피부를 달래주는 것이 좋습니다.,고온다습한 날씨 탓에 피부 트러블이 갑자기 올라와서 당황했어요.
seungmin_zone,아프리카,콩고민주공화국,열대기후,연수,★★★★★,여성,42,약사,건성,35°C (체감),81%,"매트 선크림, 블로팅 페이퍼, 쿨링 토너",촉촉한 쿠션으로 습기에도 밀리지 않게 가볍게 표현하는 것을 추천합니다.,실내외 온습도 차이가 크므로 미스트로 수시로 수분을 보충해 주세요.,에어컨 실내와 습한 실외를 오가다 보니 피부 컨디션이 계속 오락가락했어요.
skinfirst_official,아프리카,콩고민주공화국,열대기후,연수,★★★☆☆,남성,49,트레이너,건성,30°C (체감),84%,"저자극 선크림, 진정 스프레이, 수분 시트마스크",색조보다는 톤업 선크림 위주로 산뜻하게 마무리하는 것을 권장합니다.,피지 분비가 많아지는 시기이므로 클레이 마스크로 주 1~2회 관리해 주는 것을 추천합니다.,습도가 정말 높아서 화장이 금방 무너졌어요. 저자극 선크림 없이는 하루도 버티기 힘들었어요.
funtraveler_mode,아프리카,콩고민주공화국,열대기후,연수,★★★☆☆,여성,56,건축가,건성,32°C (체감),87%,"가벼운 수분 선크림, 쿠션, 미스트",워터프루프 아이라이너와 마스카라로 땀과 습기에 대비하는 것이 좋습니다.,저녁에 이중세안을 꼭 하고 산뜻한 젤 타입 제품으로 유수분 밸런스를 유지하세요.,생각보다 더 더워서 땀 때문에 끈적임이 심했는데 가벼운 수분 선크림이 정말 큰 도움이 됐습니다.
chillmode_love,아프리카,콩고민주공화국,열대기후,연수,★★★★★,남성,23,일러스트레이터,건성,34°C (체감),90%,"워터프루프 아이라이너, 피지 흡수 패드, 쿨링 젤",얇은 베이스에 워터프루프 제품 위주로 메이크업하고 픽싱 스프레이로 마무리하는 것을 추천합니다.,외출 중 블로팅 페이퍼로 피지를 자주 관리하고 쿨링 토너로 진정시켜 주세요.,야외 일정이 많았는데 자외선이 강해서 워터프루프 아이라이너을 자주 덧발라야 했어요.
travelbug_zone,아프리카,콩고민주공화국,열대기후,연수,★★★★★,여성,30,회사원,건성,36°C (체감),77%,"워터프루프 선크림, 피지 컨트롤 파우더, 픽싱 미스트",매트한 베이스로 유분과 땀을 컨트롤하며 색조는 최소화하는 것이 좋습니다.,자외선 노출 후에는 진정 스프레이와 수분 시트마스크로 피부를 달래주는 것이 좋습니다.,고온다습한 날씨 탓에 피부 트러블이 갑자기 올라와서 당황했어요.
kyla_love,북아메리카,코스타리카,열대기후,연수,★☆☆☆☆,남성,27,연구원,건성,31°C (체감),86%,"매트 선크림, 블로팅 페이퍼, 쿨링 토너",촉촉한 쿠션으로 습기에도 밀리지 않게 가볍게 표현하는 것을 추천합니다.,실내외 온습도 차이가 크므로 미스트로 수시로 수분을 보충해 주세요.,에어컨 실내와 습한 실외를 오가다 보니 피부 컨디션이 계속 오락가락했어요.
mountainhiker88,북아메리카,코스타리카,열대기후,연수,★★★★★,여성,34,바리스타,건성,33°C (체감),89%,"저자극 선크림, 진정 스프레이, 수분 시트마스크",색조보다는 톤업 선크림 위주로 산뜻하게 마무리하는 것을 권장합니다.,피지 분비가 많아지는 시기이므로 클레이 마스크로 주 1~2회 관리해 주는 것을 추천합니다.,습도가 정말 높아서 화장이 금방 무너졌어요. 저자극 선크림 없이는 하루도 버티기 힘들었어요.
hayoung_life,북아메리카,코스타리카,열대기후,연수,★★★★★,남성,41,프로그래머,건성,35°C (체감),76%,"가벼운 수분 선크림, 쿠션, 미스트",워터프루프 아이라이너와 마스카라로 땀과 습기에 대비하는 것이 좋습니다.,저녁에 이중세안을 꼭 하고 산뜻한 젤 타입 제품으로 유수분 밸런스를 유지하세요.,생각보다 더 더워서 땀 때문에 끈적임이 심했는데 가벼운 수분 선크림이 정말 큰 도움이 됐습니다.
minseo01,북아메리카,코스타리카,열대기후,연수,★★★★☆,여성,48,프리랜서,건성,30°C (체감),79%,"워터프루프 아이라이너, 피지 흡수 패드, 쿨링 젤",얇은 베이스에 워터프루프 제품 위주로 메이크업하고 픽싱 스프레이로 마무리하는 것을 추천합니다.,외출 중 블로팅 페이퍼로 피지를 자주 관리하고 쿨링 토너로 진정시켜 주세요.,야외 일정이 많았는데 자외선이 강해서 워터프루프 아이라이너을 자주 덧발라야 했어요.
skincarelover_k,북아메리카,코스타리카,열대기후,연수,★★★★★,남성,55,디자이너,건성,32°C (체감),82%,"워터프루프 선크림, 피지 컨트롤 파우더, 픽싱 미스트",매트한 베이스로 유분과 땀을 컨트롤하며 색조는 최소화하는 것이 좋습니다.,자외선 노출 후에는 진정 스프레이와 수분 시트마스크로 피부를 달래주는 것이 좋습니다.,고온다습한 날씨 탓에 피부 트러블이 갑자기 올라와서 당황했어요.
jaewon_zone,북아메리카,코스타리카,열대기후,연수,★★★☆☆,여성,22,승무원,건성,34°C (체감),85%,"매트 선크림, 블로팅 페이퍼, 쿨링 토너",촉촉한 쿠션으로 습기에도 밀리지 않게 가볍게 표현하는 것을 추천합니다.,실내외 온습도 차이가 크므로 미스트로 수시로 수분을 보충해 주세요.,에어컨 실내와 습한 실외를 오가다 보니 피부 컨디션이 계속 오락가락했어요.
weekendtrip_life,북아메리카,코스타리카,열대기후,연수,★★★★☆,남성,29,마케터,건성,36°C (체감),88%,"저자극 선크림, 진정 스프레이, 수분 시트마스크",색조보다는 톤업 선크림 위주로 산뜻하게 마무리하는 것을 권장합니다.,피지 분비가 많아지는 시기이므로 클레이 마스크로 주 1~2회 관리해 주는 것을 추천합니다.,습도가 정말 높아서 화장이 금방 무너졌어요. 저자극 선크림 없이는 하루도 버티기 힘들었어요.
barefaced_ing,북아메리카,코스타리카,열대기후,연수,★★★★☆,여성,36,공무원,건성,31°C (체감),75%,"가벼운 수분 선크림, 쿠션, 미스트",워터프루프 아이라이너와 마스카라로 땀과 습기에 대비하는 것이 좋습니다.,저녁에 이중세안을 꼭 하고 산뜻한 젤 타입 제품으로 유수분 밸런스를 유지하세요.,생각보다 더 더워서 땀 때문에 끈적임이 심했는데 가벼운 수분 선크림이 정말 큰 도움이 됐습니다.
fiona_diary,북아메리카,코스타리카,열대기후,연수,★★☆☆☆,남성,43,회계사,건성,33°C (체감),78%,"워터프루프 아이라이너, 피지 흡수 패드, 쿨링 젤",얇은 베이스에 워터프루프 제품 위주로 메이크업하고 픽싱 스프레이로 마무리하는 것을 추천합니다.,외출 중 블로팅 페이퍼로 피지를 자주 관리하고 쿨링 토너로 진정시켜 주세요.,야외 일정이 많았는데 자외선이 강해서 워터프루프 아이라이너을 자주 덧발라야 했어요.
seojun_log,북아메리카,코스타리카,열대기후,연수,★★★★★,여성,50,수의사,건성,35°C (체감),81%,"워터프루프 선크림, 피지 컨트롤 파우더, 픽싱 미스트",매트한 베이스로 유분과 땀을 컨트롤하며 색조는 최소화하는 것이 좋습니다.,자외선 노출 후에는 진정 스프레이와 수분 시트마스크로 피부를 달래주는 것이 좋습니다.,고온다습한 날씨 탓에 피부 트러블이 갑자기 올라와서 당황했어요.
barefaced88,아프리카,코트디부아르,열대기후,연수,★★★★★,여성,56,프리랜서,건성,35°C (체감),83%,"워터프루프 선크림, 피지 컨트롤 파우더, 픽싱 미스트",매트한 베이스로 유분과 땀을 컨트롤하며 색조는 최소화하는 것이 좋습니다.,자외선 노출 후에는 진정 스프레이와 수분 시트마스크로 피부를 달래주는 것이 좋습니다.,고온다습한 날씨 탓에 피부 트러블이 갑자기 올라와서 당황했어요.
taeyang_zone,아프리카,코트디부아르,열대기후,연수,★★★☆☆,남성,23,디자이너,지성,30°C (체감),86%,"매트 선크림, 블로팅 페이퍼, 쿨링 토너",촉촉한 쿠션으로 습기에도 밀리지 않게 가볍게 표현하는 것을 추천합니다.,실내외 온습도 차이가 크므로 미스트로 수시로 수분을 보충해 주세요.,에어컨 실내와 습한 실외를 오가다 보니 피부 컨디션이 계속 오락가락했어요.
cloudnine88,아프리카,코트디부아르,열대기후,연수,★★★★☆,여성,30,승무원,복합성,32°C (체감),89%,"저자극 선크림, 진정 스프레이, 수분 시트마스크",색조보다는 톤업 선크림 위주로 산뜻하게 마무리하는 것을 권장합니다.,피지 분비가 많아지는 시기이므로 클레이 마스크로 주 1~2회 관리해 주는 것을 추천합니다.,습도가 정말 높아서 화장이 금방 무너졌어요. 저자극 선크림 없이는 하루도 버티기 힘들었어요.
haeri07,아프리카,코트디부아르,열대기후,연수,★★★★☆,남성,37,마케터,민감성,34°C (체감),76%,"가벼운 수분 선크림, 쿠션, 미스트",워터프루프 아이라이너와 마스카라로 땀과 습기에 대비하는 것이 좋습니다.,저녁에 이중세안을 꼭 하고 산뜻한 젤 타입 제품으로 유수분 밸런스를 유지하세요.,생각보다 더 더워서 땀 때문에 끈적임이 심했는데 가벼운 수분 선크림이 정말 큰 도움이 됐습니다.
softskin88,아프리카,코트디부아르,열대기후,연수,★★★★☆,여성,44,공무원,건성,36°C (체감),79%,"워터프루프 아이라이너, 피지 흡수 패드, 쿨링 젤",얇은 베이스에 워터프루프 제품 위주로 메이크업하고 픽싱 스프레이로 마무리하는 것을 추천합니다.,외출 중 블로팅 페이퍼로 피지를 자주 관리하고 쿨링 토너로 진정시켜 주세요.,야외 일정이 많았는데 자외선이 강해서 워터프루프 아이라이너을 자주 덧발라야 했어요.
daon_note,아프리카,코트디부아르,열대기후,연수,★★★★☆,남성,51,회계사,지성,31°C (체감),82%,"워터프루프 선크림, 피지 컨트롤 파우더, 픽싱 미스트",매트한 베이스로 유분과 땀을 컨트롤하며 색조는 최소화하는 것이 좋습니다.,자외선 노출 후에는 진정 스프레이와 수분 시트마스크로 피부를 달래주는 것이 좋습니다.,고온다습한 날씨 탓에 피부 트러블이 갑자기 올라와서 당황했어요.
daeun_daily,아프리카,코트디부아르,열대기후,연수,★★☆☆☆,여성,58,수의사,복합성,33°C (체감),85%,"매트 선크림, 블로팅 페이퍼, 쿨링 토너",촉촉한 쿠션으로 습기에도 밀리지 않게 가볍게 표현하는 것을 추천합니다.,실내외 온습도 차이가 크므로 미스트로 수시로 수분을 보충해 주세요.,에어컨 실내와 습한 실외를 오가다 보니 피부 컨디션이 계속 오락가락했어요.
packlight23,아프리카,코트디부아르,열대기후,연수,★★☆☆☆,남성,25,영업직,민감성,35°C (체감),88%,"저자극 선크림, 진정 스프레이, 수분 시트마스크",색조보다는 톤업 선크림 위주로 산뜻하게 마무리하는 것을 권장합니다.,피지 분비가 많아지는 시기이므로 클레이 마스크로 주 1~2회 관리해 주는 것을 추천합니다.,습도가 정말 높아서 화장이 금방 무너졌어요. 저자극 선크림 없이는 하루도 버티기 힘들었어요.
hyerin_mode,아프리카,코트디부아르,열대기후,연수,★★☆☆☆,여성,32,대학생,건성,30°C (체감),75%,"가벼운 수분 선크림, 쿠션, 미스트",워터프루프 아이라이너와 마스카라로 땀과 습기에 대비하는 것이 좋습니다.,저녁에 이중세안을 꼭 하고 산뜻한 젤 타입 제품으로 유수분 밸런스를 유지하세요.,생각보다 더 더워서 땀 때문에 끈적임이 심했는데 가벼운 수분 선크림이 정말 큰 도움이 됐습니다.
jiho_world,아프리카,코트디부아르,열대기후,연수,★☆☆☆☆,남성,39,간호사,지성,32°C (체감),78%,"워터프루프 아이라이너, 피지 흡수 패드, 쿨링 젤",얇은 베이스에 워터프루프 제품 위주로 메이크업하고 픽싱 스프레이로 마무리하는 것을 추천합니다.,외출 중 블로팅 페이퍼로 피지를 자주 관리하고 쿨링 토너로 진정시켜 주세요.,야외 일정이 많았는데 자외선이 강해서 워터프루프 아이라이너을 자주 덧발라야 했어요.
mistyday_k,아시아,키프로스,온대기후,경수,★★★★★,여성,42,연구원,건성,16°C (체감),63%,"올인원 로션, 선크림, 미스트",저자극 톤업크림 위주로 하고 색조는 최소화하는 것을 권장합니다.,실내 난방·냉방으로 건조해지기 쉬우니 블로팅 페이퍼와 미스트를 함께 챙기세요.,쾌적한 날씨였지만 건조해서 립밤과 수분크림을 자주 발라야 했어요.
nomakeupdays_vibe,아시아,키프로스,온대기후,경수,★★★★★,남성,49,바리스타,건성,18°C (체감),46%,"저자극 크림, 진정 토너, 수분 마스크팩",가벼운 산뜻한 로션 타입으로 유분이 적은 제품 위주로 사용하세요.,실내외 온도차가 큰 날에는 수분크림을 자주 덧발라 주는 것이 좋습니다.,일교차가 커서 아침저녁으로 피부 컨디션이 완전히 달랐어요. 저자극 크림이 도움이 됐어요.
globetrotter_k,아시아,키프로스,온대기후,경수,★★★☆☆,여성,56,프로그래머,건성,20°C (체감),49%,"산뜻한 로션, 선크림, 블로팅 페이퍼",촉촉한 선쿠션과 립틴트로 화사한 인상을 연출할 수 있습니다.,일교차가 크므로 수분 크림으로 아침저녁 보습을 꼼꼼히 챙겨주세요.,날씨는 선선했는데 실내 난방 때문에 오히려 피부가 건조하고 번들거렸어요.
jetsetter01,아시아,키프로스,온대기후,경수,★★★★★,남성,23,프리랜서,건성,22°C (체감),52%,"수분 크림, 립틴트, 선쿠션",촉촉한 쿠션과 크림 블러셔로 생기 있는 룩을 연출하는 것을 추천합니다.,환절기 피부 컨디션 변화에 대비해 올인원 로션으로 간편하게 보습을 유지하세요.,사계절이 뚜렷한 곳이라 그런지 여행 기간 내내 온도 변화에 신경 써야 했어요.
dohyun_world,아시아,키프로스,온대기후,경수,★★★★☆,여성,30,디자이너,건성,24°C (체감),55%,"수분 크림, 선크림, 립밤",가벼운 톤업로션 정도로 자연스럽게 표현하는 메이크업이 잘 어울립니다.,일교차로 예민해지기 쉬운 피부에는 저자극 진정 라인 사용을 권장합니다.,생각보다 자외선이 강해서 선크림을 안 쓰면 금방 붉어졌어요.
islandhopper01,아시아,키프로스,온대기후,경수,★★★★☆,남성,37,승무원,건성,26°C (체감),58%,"올인원 로션, 선크림, 미스트",저자극 톤업크림 위주로 하고 색조는 최소화하는 것을 권장합니다.,실내 난방·냉방으로 건조해지기 쉬우니 블로팅 페이퍼와 미스트를 함께 챙기세요.,쾌적한 날씨였지만 건조해서 립밤과 수분크림을 자주 발라야 했어요.
hyerin_zone,아시아,키프로스,온대기후,경수,★☆☆☆☆,여성,44,마케터,건성,28°C (체감),61%,"저자극 크림, 진정 토너, 수분 마스크팩",가벼운 산뜻한 로션 타입으로 유분이 적은 제품 위주로 사용하세요.,실내외 온도차가 큰 날에는 수분크림을 자주 덧발라 주는 것이 좋습니다.,일교차가 커서 아침저녁으로 피부 컨디션이 완전히 달랐어요. 저자극 크림이 도움이 됐어요.
oilyskin_life,아시아,키프로스,온대기후,경수,★★★★☆,남성,51,공무원,건성,16°C (체감),64%,"산뜻한 로션, 선크림, 블로팅 페이퍼",촉촉한 선쿠션과 립틴트로 화사한 인상을 연출할 수 있습니다.,일교차가 크므로 수분 크림으로 아침저녁 보습을 꼼꼼히 챙겨주세요.,날씨는 선선했는데 실내 난방 때문에 오히려 피부가 건조하고 번들거렸어요.
haeri_k,아시아,키프로스,온대기후,경수,★★★★★,여성,58,회계사,건성,18°C (체감),47%,"수분 크림, 립틴트, 선쿠션",촉촉한 쿠션과 크림 블러셔로 생기 있는 룩을 연출하는 것을 추천합니다.,환절기 피부 컨디션 변화에 대비해 올인원 로션으로 간편하게 보습을 유지하세요.,사계절이 뚜렷한 곳이라 그런지 여행 기간 내내 온도 변화에 신경 써야 했어요.
yerin_log,아시아,키프로스,온대기후,경수,★★★★★,남성,25,수의사,건성,20°C (체감),50%,"수분 크림, 선크림, 립밤",가벼운 톤업로션 정도로 자연스럽게 표현하는 메이크업이 잘 어울립니다.,일교차로 예민해지기 쉬운 피부에는 저자극 진정 라인 사용을 권장합니다.,생각보다 자외선이 강해서 선크림을 안 쓰면 금방 붉어졌어요.
dailyglow_daily,아프리카,지부티,건조기후,경수,★★☆☆☆,남성,25,바리스타,민감성,32°C (체감),16%,"수분 크림, 선쿠션, 진정 스프레이",촉촉한 베이스에 크림 타입 블러셔로 생기를 더하는 메이크업을 추천합니다.,강한 햇빛 대비 SPF 높은 제품을 사용하고 쿨링 미스트로 열감을 진정시켜 주세요.,건조한 바람 때문에 입술과 볼이 자주 텄어요. 수분 크림 없이는 힘들었을 것 같아요.
weekendtrip01,아프리카,지부티,건조기후,경수,★★★☆☆,여성,32,프로그래머,민감성,34°C (체감),19%,"고보습 선크림, 미스트, 영양 크림",메이크업은 최소화하고 톤업 선크림으로 자연스럽게 마무리하는 것을 권장합니다.,자외선 노출 후 진정 젤로 쿨다운하고 세럼으로 수분을 채워주는 것을 추천합니다.,햇빛이 강렬해서 선크림을 2~3시간마다 덧발라야 했어요.
hana_vibe,아프리카,지부티,건조기후,경수,★★★★★,남성,39,프리랜서,민감성,36°C (체감),22%,"저자극 선크림, 진정 젤, 수분 세럼",가벼운 수분 쿠션으로 건조함을 커버하며 자연스러운 룩을 연출하세요.,낮은 습도로 인한 수분 손실을 막기 위해 고보습 크림을 겹겹이 발라주세요.,사막성 기후라 그런지 평소보다 피부가 훨씬 건조해지는 걸 느꼈어요.
jiwoo88,아프리카,지부티,건조기후,경수,★☆☆☆☆,여성,46,디자이너,민감성,38°C (체감),25%,"수분 로션, 선크림, 핸드크림",고보습 베이스 제품으로 들뜸 없이 매끈한 피부 표현이 가능합니다.,입술과 손이 트기 쉬우므로 립밤과 핸드크림을 항상 휴대하는 것이 좋습니다.,낮은 습도 때문에 피부가 계속 당기고 화장이 들떴어요. 수분 로션이 필수였습니다.
skincarelover88,아프리카,지부티,건조기후,경수,★★★★☆,남성,53,승무원,민감성,40°C (체감),28%,"고SPF 선크림, 쿨링 미스트, 립밤",립 제품은 보습 밤 타입을 선택해 건조함으로 인한 각질을 예방하세요.,건조한 기후이므로 미스트를 수시로 뿌려 수분을 보충하는 것이 중요합니다.,일교차가 커서 낮에는 덥고 밤에는 쌀쌀해 피부가 예민해졌어요.
seoyeon_92,아프리카,지부티,건조기후,경수,★★★☆☆,여성,20,마케터,민감성,28°C (체감),31%,"수분 크림, 선쿠션, 진정 스프레이",촉촉한 베이스에 크림 타입 블러셔로 생기를 더하는 메이크업을 추천합니다.,강한 햇빛 대비 SPF 높은 제품을 사용하고 쿨링 미스트로 열감을 진정시켜 주세요.,건조한 바람 때문에 입술과 볼이 자주 텄어요. 수분 크림 없이는 힘들었을 것 같아요.
nayeon_life,아프리카,지부티,건조기후,경수,★★★★☆,남성,27,공무원,민감성,30°C (체감),34%,"고보습 선크림, 미스트, 영양 크림",메이크업은 최소화하고 톤업 선크림으로 자연스럽게 마무리하는 것을 권장합니다.,자외선 노출 후 진정 젤로 쿨다운하고 세럼으로 수분을 채워주는 것을 추천합니다.,햇빛이 강렬해서 선크림을 2~3시간마다 덧발라야 했어요.
cushionfan_world,아프리카,지부티,건조기후,경수,★★☆☆☆,여성,34,회계사,민감성,32°C (체감),17%,"저자극 선크림, 진정 젤, 수분 세럼",가벼운 수분 쿠션으로 건조함을 커버하며 자연스러운 룩을 연출하세요.,낮은 습도로 인한 수분 손실을 막기 위해 고보습 크림을 겹겹이 발라주세요.,사막성 기후라 그런지 평소보다 피부가 훨씬 건조해지는 걸 느꼈어요.
minjun_official,아프리카,지부티,건조기후,경수,★★★★☆,남성,41,수의사,민감성,34°C (체감),20%,"수분 로션, 선크림, 핸드크림",고보습 베이스 제품으로 들뜸 없이 매끈한 피부 표현이 가능합니다.,입술과 손이 트기 쉬우므로 립밤과 핸드크림을 항상 휴대하는 것이 좋습니다.,낮은 습도 때문에 피부가 계속 당기고 화장이 들떴어요. 수분 로션이 필수였습니다.
minseo_official,아프리카,지부티,건조기후,경수,★★★★★,여성,48,영업직,민감성,36°C (체감),23%,"고SPF 선크림, 쿨링 미스트, 립밤",립 제품은 보습 밤 타입을 선택해 건조함으로 인한 각질을 예방하세요.,건조한 기후이므로 미스트를 수시로 뿌려 수분을 보충하는 것이 중요합니다.,일교차가 커서 낮에는 덥고 밤에는 쌀쌀해 피부가 예민해졌어요.
serumfan88,북아메리카,도미니카,열대기후,경수,★★★★☆,남성,51,프리랜서,복합성,33°C (체감),86%,"워터프루프 선크림, 피지 컨트롤 파우더, 픽싱 미스트",매트한 베이스로 유분과 땀을 컨트롤하며 색조는 최소화하는 것이 좋습니다.,자외선 노출 후에는 진정 스프레이와 수분 시트마스크로 피부를 달래주는 것이 좋습니다.,고온다습한 날씨 탓에 피부 트러블이 갑자기 올라와서 당황했어요.
suji_k,북아메리카,도미니카,열대기후,경수,★★☆☆☆,여성,58,디자이너,민감성,35°C (체감),89%,"매트 선크림, 블로팅 페이퍼, 쿨링 토너",촉촉한 쿠션으로 습기에도 밀리지 않게 가볍게 표현하는 것을 추천합니다.,실내외 온습도 차이가 크므로 미스트로 수시로 수분을 보충해 주세요.,에어컨 실내와 습한 실외를 오가다 보니 피부 컨디션이 계속 오락가락했어요.
kyla_diary,북아메리카,도미니카,열대기후,경수,★★★★☆,남성,25,승무원,건성,30°C (체감),76%,"저자극 선크림, 진정 스프레이, 수분 시트마스크",색조보다는 톤업 선크림 위주로 산뜻하게 마무리하는 것을 권장합니다.,피지 분비가 많아지는 시기이므로 클레이 마스크로 주 1~2회 관리해 주는 것을 추천합니다.,습도가 정말 높아서 화장이 금방 무너졌어요. 저자극 선크림 없이는 하루도 버티기 힘들었어요.
barefaced07,북아메리카,도미니카,열대기후,경수,★★★☆☆,여성,32,마케터,지성,32°C (체감),79%,"가벼운 수분 선크림, 쿠션, 미스트",워터프루프 아이라이너와 마스카라로 땀과 습기에 대비하는 것이 좋습니다.,저녁에 이중세안을 꼭 하고 산뜻한 젤 타입 제품으로 유수분 밸런스를 유지하세요.,생각보다 더 더워서 땀 때문에 끈적임이 심했는데 가벼운 수분 선크림이 정말 큰 도움이 됐습니다.
passportready_ing,북아메리카,도미니카,열대기후,경수,★★★★☆,남성,39,공무원,복합성,34°C (체감),82%,"워터프루프 아이라이너, 피지 흡수 패드, 쿨링 젤",얇은 베이스에 워터프루프 제품 위주로 메이크업하고 픽싱 스프레이로 마무리하는 것을 추천합니다.,외출 중 블로팅 페이퍼로 피지를 자주 관리하고 쿨링 토너로 진정시켜 주세요.,야외 일정이 많았는데 자외선이 강해서 워터프루프 아이라이너을 자주 덧발라야 했어요.
beachbum_story,북아메리카,도미니카,열대기후,경수,★★★★☆,여성,46,회계사,민감성,36°C (체감),85%,"워터프루프 선크림, 피지 컨트롤 파우더, 픽싱 미스트",매트한 베이스로 유분과 땀을 컨트롤하며 색조는 최소화하는 것이 좋습니다.,자외선 노출 후에는 진정 스프레이와 수분 시트마스크로 피부를 달래주는 것이 좋습니다.,고온다습한 날씨 탓에 피부 트러블이 갑자기 올라와서 당황했어요.
glowup99,북아메리카,도미니카,열대기후,경수,★★★★☆,남성,53,수의사,건성,31°C (체감),88%,"매트 선크림, 블로팅 페이퍼, 쿨링 토너",촉촉한 쿠션으로 습기에도 밀리지 않게 가볍게 표현하는 것을 추천합니다.,실내외 온습도 차이가 크므로 미스트로 수시로 수분을 보충해 주세요.,에어컨 실내와 습한 실외를 오가다 보니 피부 컨디션이 계속 오락가락했어요.
jina_92,북아메리카,도미니카,열대기후,경수,★★★★★,여성,20,영업직,지성,33°C (체감),75%,"저자극 선크림, 진정 스프레이, 수분 시트마스크",색조보다는 톤업 선크림 위주로 산뜻하게 마무리하는 것을 권장합니다.,피지 분비가 많아지는 시기이므로 클레이 마스크로 주 1~2회 관리해 주는 것을 추천합니다.,습도가 정말 높아서 화장이 금방 무너졌어요. 저자극 선크림 없이는 하루도 버티기 힘들었어요.
dryskin_daily,북아메리카,도미니카,열대기후,경수,★★★★☆,남성,27,대학생,복합성,35°C (체감),78%,"가벼운 수분 선크림, 쿠션, 미스트",워터프루프 아이라이너와 마스카라로 땀과 습기에 대비하는 것이 좋습니다.,저녁에 이중세안을 꼭 하고 산뜻한 젤 타입 제품으로 유수분 밸런스를 유지하세요.,생각보다 더 더워서 땀 때문에 끈적임이 심했는데 가벼운 수분 선크림이 정말 큰 도움이 됐습니다.
mia_ing,북아메리카,도미니카,열대기후,경수,★☆☆☆☆,여성,34,간호사,민감성,30°C (체감),81%,"워터프루프 아이라이너, 피지 흡수 패드, 쿨링 젤",얇은 베이스에 워터프루프 제품 위주로 메이크업하고 픽싱 스프레이로 마무리하는 것을 추천합니다.,외출 중 블로팅 페이퍼로 피지를 자주 관리하고 쿨링 토너로 진정시켜 주세요.,야외 일정이 많았는데 자외선이 강해서 워터프루프 아이라이너을 자주 덧발라야 했어요.
cloudnine01,남아메리카,에콰도르,열대기후,연수,★★★★☆,여성,32,영업직,건성,30°C (체감),75%,"매트 선크림, 블로팅 페이퍼, 쿨링 토너",촉촉한 쿠션으로 습기에도 밀리지 않게 가볍게 표현하는 것을 추천합니다.,실내외 온습도 차이가 크므로 미스트로 수시로 수분을 보충해 주세요.,에어컨 실내와 습한 실외를 오가다 보니 피부 컨디션이 계속 오락가락했어요.
sunny_world,남아메리카,에콰도르,열대기후,연수,★★★☆☆,남성,39,대학생,건성,32°C (체감),78%,"저자극 선크림, 진정 스프레이, 수분 시트마스크",색조보다는 톤업 선크림 위주로 산뜻하게 마무리하는 것을 권장합니다.,피지 분비가 많아지는 시기이므로 클레이 마스크로 주 1~2회 관리해 주는 것을 추천합니다.,습도가 정말 높아서 화장이 금방 무너졌어요. 저자극 선크림 없이는 하루도 버티기 힘들었어요.
glowygirl88,남아메리카,에콰도르,열대기후,연수,★★★★★,여성,46,간호사,건성,34°C (체감),81%,"가벼운 수분 선크림, 쿠션, 미스트",워터프루프 아이라이너와 마스카라로 땀과 습기에 대비하는 것이 좋습니다.,저녁에 이중세안을 꼭 하고 산뜻한 젤 타입 제품으로 유수분 밸런스를 유지하세요.,생각보다 더 더워서 땀 때문에 끈적임이 심했는데 가벼운 수분 선크림이 정말 큰 도움이 됐습니다.
olivia_log,남아메리카,에콰도르,열대기후,연수,★★★★☆,남성,53,사진작가,건성,36°C (체감),84%,"워터프루프 아이라이너, 피지 흡수 패드, 쿨링 젤",얇은 베이스에 워터프루프 제품 위주로 메이크업하고 픽싱 스프레이로 마무리하는 것을 추천합니다.,외출 중 블로팅 페이퍼로 피지를 자주 관리하고 쿨링 토너로 진정시켜 주세요.,야외 일정이 많았는데 자외선이 강해서 워터프루프 아이라이너을 자주 덧발라야 했어요.
yerim_92,남아메리카,에콰도르,열대기후,연수,★★★★☆,여성,20,엔지니어,건성,31°C (체감),87%,"워터프루프 선크림, 피지 컨트롤 파우더, 픽싱 미스트",매트한 베이스로 유분과 땀을 컨트롤하며 색조는 최소화하는 것이 좋습니다.,자외선 노출 후에는 진정 스프레이와 수분 시트마스크로 피부를 달래주는 것이 좋습니다.,고온다습한 날씨 탓에 피부 트러블이 갑자기 올라와서 당황했어요.
makeupfan_log,남아메리카,에콰도르,열대기후,연수,★★★★☆,남성,27,약사,건성,33°C (체감),90%,"매트 선크림, 블로팅 페이퍼, 쿨링 토너",촉촉한 쿠션으로 습기에도 밀리지 않게 가볍게 표현하는 것을 추천합니다.,실내외 온습도 차이가 크므로 미스트로 수시로 수분을 보충해 주세요.,에어컨 실내와 습한 실외를 오가다 보니 피부 컨디션이 계속 오락가락했어요.
sora01,남아메리카,에콰도르,열대기후,연수,★★★★★,여성,34,트레이너,건성,35°C (체감),77%,"저자극 선크림, 진정 스프레이, 수분 시트마스크",색조보다는 톤업 선크림 위주로 산뜻하게 마무리하는 것을 권장합니다.,피지 분비가 많아지는 시기이므로 클레이 마스크로 주 1~2회 관리해 주는 것을 추천합니다.,습도가 정말 높아서 화장이 금방 무너졌어요. 저자극 선크림 없이는 하루도 버티기 힘들었어요.
hana07,남아메리카,에콰도르,열대기후,연수,★★☆☆☆,남성,41,건축가,건성,30°C (체감),80%,"가벼운 수분 선크림, 쿠션, 미스트",워터프루프 아이라이너와 마스카라로 땀과 습기에 대비하는 것이 좋습니다.,저녁에 이중세안을 꼭 하고 산뜻한 젤 타입 제품으로 유수분 밸런스를 유지하세요.,생각보다 더 더워서 땀 때문에 끈적임이 심했는데 가벼운 수분 선크림이 정말 큰 도움이 됐습니다.
toneuplife23,남아메리카,에콰도르,열대기후,연수,★★★★★,여성,48,일러스트레이터,건성,32°C (체감),83%,"워터프루프 아이라이너, 피지 흡수 패드, 쿨링 젤",얇은 베이스에 워터프루프 제품 위주로 메이크업하고 픽싱 스프레이로 마무리하는 것을 추천합니다.,외출 중 블로팅 페이퍼로 피지를 자주 관리하고 쿨링 토너로 진정시켜 주세요.,야외 일정이 많았는데 자외선이 강해서 워터프루프 아이라이너을 자주 덧발라야 했어요.
mia_k,남아메리카,에콰도르,열대기후,연수,★★★☆☆,남성,55,회사원,건성,34°C (체감),86%,"워터프루프 선크림, 피지 컨트롤 파우더, 픽싱 미스트",매트한 베이스로 유분과 땀을 컨트롤하며 색조는 최소화하는 것이 좋습니다.,자외선 노출 후에는 진정 스프레이와 수분 시트마스크로 피부를 달래주는 것이 좋습니다.,고온다습한 날씨 탓에 피부 트러블이 갑자기 올라와서 당황했어요.
chaewon_official,북아메리카,엘살바도르,열대기후,연수,★☆☆☆☆,남성,21,프리랜서,건성,35°C (체감),88%,"워터프루프 선크림, 피지 컨트롤 파우더, 픽싱 미스트",매트한 베이스로 유분과 땀을 컨트롤하며 색조는 최소화하는 것이 좋습니다.,자외선 노출 후에는 진정 스프레이와 수분 시트마스크로 피부를 달래주는 것이 좋습니다.,고온다습한 날씨 탓에 피부 트러블이 갑자기 올라와서 당황했어요.
taeyang07,북아메리카,엘살바도르,열대기후,연수,★★★★★,여성,28,디자이너,지성,30°C (체감),75%,"매트 선크림, 블로팅 페이퍼, 쿨링 토너",촉촉한 쿠션으로 습기에도 밀리지 않게 가볍게 표현하는 것을 추천합니다.,실내외 온습도 차이가 크므로 미스트로 수시로 수분을 보충해 주세요.,에어컨 실내와 습한 실외를 오가다 보니 피부 컨디션이 계속 오락가락했어요.
eunji23,북아메리카,엘살바도르,열대기후,연수,★★★★★,남성,35,승무원,복합성,32°C (체감),78%,"저자극 선크림, 진정 스프레이, 수분 시트마스크",색조보다는 톤업 선크림 위주로 산뜻하게 마무리하는 것을 권장합니다.,피지 분비가 많아지는 시기이므로 클레이 마스크로 주 1~2회 관리해 주는 것을 추천합니다.,습도가 정말 높아서 화장이 금방 무너졌어요. 저자극 선크림 없이는 하루도 버티기 힘들었어요.
mia_mode,북아메리카,엘살바도르,열대기후,연수,★★★★★,여성,42,마케터,민감성,34°C (체감),81%,"가벼운 수분 선크림, 쿠션, 미스트",워터프루프 아이라이너와 마스카라로 땀과 습기에 대비하는 것이 좋습니다.,저녁에 이중세안을 꼭 하고 산뜻한 젤 타입 제품으로 유수분 밸런스를 유지하세요.,생각보다 더 더워서 땀 때문에 끈적임이 심했는데 가벼운 수분 선크림이 정말 큰 도움이 됐습니다.
mistyday23,북아메리카,엘살바도르,열대기후,연수,★★★★☆,남성,49,공무원,건성,36°C (체감),84%,"워터프루프 아이라이너, 피지 흡수 패드, 쿨링 젤",얇은 베이스에 워터프루프 제품 위주로 메이크업하고 픽싱 스프레이로 마무리하는 것을 추천합니다.,외출 중 블로팅 페이퍼로 피지를 자주 관리하고 쿨링 토너로 진정시켜 주세요.,야외 일정이 많았는데 자외선이 강해서 워터프루프 아이라이너을 자주 덧발라야 했어요.
hyejin01,북아메리카,엘살바도르,열대기후,연수,★☆☆☆☆,여성,56,회계사,지성,31°C (체감),87%,"워터프루프 선크림, 피지 컨트롤 파우더, 픽싱 미스트",매트한 베이스로 유분과 땀을 컨트롤하며 색조는 최소화하는 것이 좋습니다.,자외선 노출 후에는 진정 스프레이와 수분 시트마스크로 피부를 달래주는 것이 좋습니다.,고온다습한 날씨 탓에 피부 트러블이 갑자기 올라와서 당황했어요.
mattefinish01,북아메리카,엘살바도르,열대기후,연수,★★★★★,남성,23,수의사,복합성,33°C (체감),90%,"매트 선크림, 블로팅 페이퍼, 쿨링 토너",촉촉한 쿠션으로 습기에도 밀리지 않게 가볍게 표현하는 것을 추천합니다.,실내외 온습도 차이가 크므로 미스트로 수시로 수분을 보충해 주세요.,에어컨 실내와 습한 실외를 오가다 보니 피부 컨디션이 계속 오락가락했어요.
yuna_daily,북아메리카,엘살바도르,열대기후,연수,★★★★★,여성,30,영업직,민감성,35°C (체감),77%,"저자극 선크림, 진정 스프레이, 수분 시트마스크",색조보다는 톤업 선크림 위주로 산뜻하게 마무리하는 것을 권장합니다.,피지 분비가 많아지는 시기이므로 클레이 마스크로 주 1~2회 관리해 주는 것을 추천합니다.,습도가 정말 높아서 화장이 금방 무너졌어요. 저자극 선크림 없이는 하루도 버티기 힘들었어요.
mountainhiker_life,북아메리카,엘살바도르,열대기후,연수,★★☆☆☆,남성,37,대학생,건성,30°C (체감),80%,"가벼운 수분 선크림, 쿠션, 미스트",워터프루프 아이라이너와 마스카라로 땀과 습기에 대비하는 것이 좋습니다.,저녁에 이중세안을 꼭 하고 산뜻한 젤 타입 제품으로 유수분 밸런스를 유지하세요.,생각보다 더 더워서 땀 때문에 끈적임이 심했는데 가벼운 수분 선크림이 정말 큰 도움이 됐습니다.
eunwoo_92,북아메리카,엘살바도르,열대기후,연수,★★★★★,여성,44,간호사,지성,32°C (체감),83%,"워터프루프 아이라이너, 피지 흡수 패드, 쿨링 젤",얇은 베이스에 워터프루프 제품 위주로 메이크업하고 픽싱 스프레이로 마무리하는 것을 추천합니다.,외출 중 블로팅 페이퍼로 피지를 자주 관리하고 쿨링 토너로 진정시켜 주세요.,야외 일정이 많았는데 자외선이 강해서 워터프루프 아이라이너을 자주 덧발라야 했어요.
cushionfan99,아프리카,적도기니,열대기후,연수,★★★☆☆,남성,39,수의사,복합성,34°C (체감),82%,"가벼운 수분 선크림, 쿠션, 미스트",워터프루프 아이라이너와 마스카라로 땀과 습기에 대비하는 것이 좋습니다.,저녁에 이중세안을 꼭 하고 산뜻한 젤 타입 제품으로 유수분 밸런스를 유지하세요.,생각보다 더 더워서 땀 때문에 끈적임이 심했는데 가벼운 수분 선크림이 정말 큰 도움이 됐습니다.
spflover07,아프리카,적도기니,열대기후,연수,★★★☆☆,여성,46,영업직,복합성,36°C (체감),85%,"워터프루프 아이라이너, 피지 흡수 패드, 쿨링 젤",얇은 베이스에 워터프루프 제품 위주로 메이크업하고 픽싱 스프레이로 마무리하는 것을 추천합니다.,외출 중 블로팅 페이퍼로 피지를 자주 관리하고 쿨링 토너로 진정시켜 주세요.,야외 일정이 많았는데 자외선이 강해서 워터프루프 아이라이너을 자주 덧발라야 했어요.
mountainhiker_mode,아프리카,적도기니,열대기후,연수,★★★★★,남성,53,대학생,복합성,31°C (체감),88%,"워터프루프 선크림, 피지 컨트롤 파우더, 픽싱 미스트",매트한 베이스로 유분과 땀을 컨트롤하며 색조는 최소화하는 것이 좋습니다.,자외선 노출 후에는 진정 스프레이와 수분 시트마스크로 피부를 달래주는 것이 좋습니다.,고온다습한 날씨 탓에 피부 트러블이 갑자기 올라와서 당황했어요.
bomi_life,아프리카,적도기니,열대기후,연수,★★★★★,여성,20,간호사,복합성,33°C (체감),75%,"매트 선크림, 블로팅 페이퍼, 쿨링 토너",촉촉한 쿠션으로 습기에도 밀리지 않게 가볍게 표현하는 것을 추천합니다.,실내외 온습도 차이가 크므로 미스트로 수시로 수분을 보충해 주세요.,에어컨 실내와 습한 실외를 오가다 보니 피부 컨디션이 계속 오락가락했어요.
eden_vibe,아프리카,적도기니,열대기후,연수,★★★☆☆,남성,27,사진작가,복합성,35°C (체감),78%,"저자극 선크림, 진정 스프레이, 수분 시트마스크",색조보다는 톤업 선크림 위주로 산뜻하게 마무리하는 것을 권장합니다.,피지 분비가 많아지는 시기이므로 클레이 마스크로 주 1~2회 관리해 주는 것을 추천합니다.,습도가 정말 높아서 화장이 금방 무너졌어요. 저자극 선크림 없이는 하루도 버티기 힘들었어요.
yoonseo01,아프리카,적도기니,열대기후,연수,★★☆☆☆,여성,34,엔지니어,복합성,30°C (체감),81%,"가벼운 수분 선크림, 쿠션, 미스트",워터프루프 아이라이너와 마스카라로 땀과 습기에 대비하는 것이 좋습니다.,저녁에 이중세안을 꼭 하고 산뜻한 젤 타입 제품으로 유수분 밸런스를 유지하세요.,생각보다 더 더워서 땀 때문에 끈적임이 심했는데 가벼운 수분 선크림이 정말 큰 도움이 됐습니다.
toneuplife_note,아프리카,적도기니,열대기후,연수,★★★☆☆,남성,41,약사,복합성,32°C (체감),84%,"워터프루프 아이라이너, 피지 흡수 패드, 쿨링 젤",얇은 베이스에 워터프루프 제품 위주로 메이크업하고 픽싱 스프레이로 마무리하는 것을 추천합니다.,외출 중 블로팅 페이퍼로 피지를 자주 관리하고 쿨링 토너로 진정시켜 주세요.,야외 일정이 많았는데 자외선이 강해서 워터프루프 아이라이너을 자주 덧발라야 했어요.
daon23,아프리카,적도기니,열대기후,연수,★★★★☆,여성,48,트레이너,복합성,34°C (체감),87%,"워터프루프 선크림, 피지 컨트롤 파우더, 픽싱 미스트",매트한 베이스로 유분과 땀을 컨트롤하며 색조는 최소화하는 것이 좋습니다.,자외선 노출 후에는 진정 스프레이와 수분 시트마스크로 피부를 달래주는 것이 좋습니다.,고온다습한 날씨 탓에 피부 트러블이 갑자기 올라와서 당황했어요.
islandhopper_world,아프리카,적도기니,열대기후,연수,★★★★★,남성,55,건축가,복합성,36°C (체감),90%,"매트 선크림, 블로팅 페이퍼, 쿨링 토너",촉촉한 쿠션으로 습기에도 밀리지 않게 가볍게 표현하는 것을 추천합니다.,실내외 온습도 차이가 크므로 미스트로 수시로 수분을 보충해 주세요.,에어컨 실내와 습한 실외를 오가다 보니 피부 컨디션이 계속 오락가락했어요.
glowup_k,아프리카,적도기니,열대기후,연수,★★★★☆,여성,22,일러스트레이터,복합성,31°C (체감),77%,"저자극 선크림, 진정 스프레이, 수분 시트마스크",색조보다는 톤업 선크림 위주로 산뜻하게 마무리하는 것을 권장합니다.,피지 분비가 많아지는 시기이므로 클레이 마스크로 주 1~2회 관리해 주는 것을 추천합니다.,습도가 정말 높아서 화장이 금방 무너졌어요. 저자극 선크림 없이는 하루도 버티기 힘들었어요.
hydrationqueen23,아프리카,에리트레아,건조기후,경수,★★★★★,남성,25,요리사,민감성,32°C (체감),16%,"수분 크림, 선쿠션, 진정 스프레이",촉촉한 베이스에 크림 타입 블러셔로 생기를 더하는 메이크업을 추천합니다.,강한 햇빛 대비 SPF 높은 제품을 사용하고 쿨링 미스트로 열감을 진정시켜 주세요.,건조한 바람 때문에 입술과 볼이 자주 텄어요. 수분 크림 없이는 힘들었을 것 같아요.
skincarelover01,아프리카,에리트레아,건조기후,경수,★★★★★,여성,32,자영업,민감성,34°C (체감),19%,"고보습 선크림, 미스트, 영양 크림",메이크업은 최소화하고 톤업 선크림으로 자연스럽게 마무리하는 것을 권장합니다.,자외선 노출 후 진정 젤로 쿨다운하고 세럼으로 수분을 채워주는 것을 추천합니다.,햇빛이 강렬해서 선크림을 2~3시간마다 덧발라야 했어요.
haru07,아프리카,에리트레아,건조기후,경수,★★★★★,남성,39,여행가이드,민감성,36°C (체감),22%,"저자극 선크림, 진정 젤, 수분 세럼",가벼운 수분 쿠션으로 건조함을 커버하며 자연스러운 룩을 연출하세요.,낮은 습도로 인한 수분 손실을 막기 위해 고보습 크림을 겹겹이 발라주세요.,사막성 기후라 그런지 평소보다 피부가 훨씬 건조해지는 걸 느꼈어요.
urbanexplorer_story,아프리카,에리트레아,건조기후,경수,★★★★☆,여성,46,작가,민감성,38°C (체감),25%,"수분 로션, 선크림, 핸드크림",고보습 베이스 제품으로 들뜸 없이 매끈한 피부 표현이 가능합니다.,입술과 손이 트기 쉬우므로 립밤과 핸드크림을 항상 휴대하는 것이 좋습니다.,낮은 습도 때문에 피부가 계속 당기고 화장이 들떴어요. 수분 로션이 필수였습니다.
seojun99,아프리카,에리트레아,건조기후,경수,★★★★☆,남성,53,연구원,민감성,40°C (체감),28%,"고SPF 선크림, 쿨링 미스트, 립밤",립 제품은 보습 밤 타입을 선택해 건조함으로 인한 각질을 예방하세요.,건조한 기후이므로 미스트를 수시로 뿌려 수분을 보충하는 것이 중요합니다.,일교차가 커서 낮에는 덥고 밤에는 쌀쌀해 피부가 예민해졌어요.
passportready_life,아프리카,에리트레아,건조기후,경수,★★★★★,여성,20,바리스타,민감성,28°C (체감),31%,"수분 크림, 선쿠션, 진정 스프레이",촉촉한 베이스에 크림 타입 블러셔로 생기를 더하는 메이크업을 추천합니다.,강한 햇빛 대비 SPF 높은 제품을 사용하고 쿨링 미스트로 열감을 진정시켜 주세요.,건조한 바람 때문에 입술과 볼이 자주 텄어요. 수분 크림 없이는 힘들었을 것 같아요.
dahye23,아프리카,에리트레아,건조기후,경수,★★★★★,남성,27,프로그래머,민감성,30°C (체감),34%,"고보습 선크림, 미스트, 영양 크림",메이크업은 최소화하고 톤업 선크림으로 자연스럽게 마무리하는 것을 권장합니다.,자외선 노출 후 진정 젤로 쿨다운하고 세럼으로 수분을 채워주는 것을 추천합니다.,햇빛이 강렬해서 선크림을 2~3시간마다 덧발라야 했어요.
subin_love,아프리카,에리트레아,건조기후,경수,★★★★★,여성,34,프리랜서,민감성,32°C (체감),17%,"저자극 선크림, 진정 젤, 수분 세럼",가벼운 수분 쿠션으로 건조함을 커버하며 자연스러운 룩을 연출하세요.,낮은 습도로 인한 수분 손실을 막기 위해 고보습 크림을 겹겹이 발라주세요.,사막성 기후라 그런지 평소보다 피부가 훨씬 건조해지는 걸 느꼈어요.
eunji99,아프리카,에리트레아,건조기후,경수,★★★★★,남성,41,디자이너,민감성,34°C (체감),20%,"수분 로션, 선크림, 핸드크림",고보습 베이스 제품으로 들뜸 없이 매끈한 피부 표현이 가능합니다.,입술과 손이 트기 쉬우므로 립밤과 핸드크림을 항상 휴대하는 것이 좋습니다.,낮은 습도 때문에 피부가 계속 당기고 화장이 들떴어요. 수분 로션이 필수였습니다.
toneuplife_log,아프리카,에리트레아,건조기후,경수,★★★★★,여성,48,승무원,민감성,36°C (체감),23%,"고SPF 선크림, 쿨링 미스트, 립밤",립 제품은 보습 밤 타입을 선택해 건조함으로 인한 각질을 예방하세요.,건조한 기후이므로 미스트를 수시로 뿌려 수분을 보충하는 것이 중요합니다.,일교차가 커서 낮에는 덥고 밤에는 쌀쌀해 피부가 예민해졌어요.
combiskin07,아프리카,에스와티니,온대기후,연수,★☆☆☆☆,여성,22,승무원,건성,18°C (체감),63%,"올인원 로션, 선크림, 미스트",저자극 톤업크림 위주로 하고 색조는 최소화하는 것을 권장합니다.,실내 난방·냉방으로 건조해지기 쉬우니 블로팅 페이퍼와 미스트를 함께 챙기세요.,쾌적한 날씨였지만 건조해서 립밤과 수분크림을 자주 발라야 했어요.
mountainhiker_story,아프리카,에스와티니,온대기후,연수,★★★★★,남성,29,마케터,건성,20°C (체감),46%,"저자극 크림, 진정 토너, 수분 마스크팩",가벼운 산뜻한 로션 타입으로 유분이 적은 제품 위주로 사용하세요.,실내외 온도차가 큰 날에는 수분크림을 자주 덧발라 주는 것이 좋습니다.,일교차가 커서 아침저녁으로 피부 컨디션이 완전히 달랐어요. 저자극 크림이 도움이 됐어요.
sora_love,아프리카,에스와티니,온대기후,연수,★★★☆☆,여성,36,공무원,건성,22°C (체감),49%,"산뜻한 로션, 선크림, 블로팅 페이퍼",촉촉한 선쿠션과 립틴트로 화사한 인상을 연출할 수 있습니다.,일교차가 크므로 수분 크림으로 아침저녁 보습을 꼼꼼히 챙겨주세요.,날씨는 선선했는데 실내 난방 때문에 오히려 피부가 건조하고 번들거렸어요.
sora_story,아프리카,에스와티니,온대기후,연수,★★★★☆,남성,43,회계사,건성,24°C (체감),52%,"수분 크림, 립틴트, 선쿠션",촉촉한 쿠션과 크림 블러셔로 생기 있는 룩을 연출하는 것을 추천합니다.,환절기 피부 컨디션 변화에 대비해 올인원 로션으로 간편하게 보습을 유지하세요.,사계절이 뚜렷한 곳이라 그런지 여행 기간 내내 온도 변화에 신경 써야 했어요.
hyejin_log,아프리카,에스와티니,온대기후,연수,★★★★☆,여성,50,수의사,건성,26°C (체감),55%,"수분 크림, 선크림, 립밤",가벼운 톤업로션 정도로 자연스럽게 표현하는 메이크업이 잘 어울립니다.,일교차로 예민해지기 쉬운 피부에는 저자극 진정 라인 사용을 권장합니다.,생각보다 자외선이 강해서 선크림을 안 쓰면 금방 붉어졌어요.
paul_diary,아프리카,에스와티니,온대기후,연수,★★★★★,남성,57,영업직,건성,28°C (체감),58%,"올인원 로션, 선크림, 미스트",저자극 톤업크림 위주로 하고 색조는 최소화하는 것을 권장합니다.,실내 난방·냉방으로 건조해지기 쉬우니 블로팅 페이퍼와 미스트를 함께 챙기세요.,쾌적한 날씨였지만 건조해서 립밤과 수분크림을 자주 발라야 했어요.
desertrose01,아프리카,에스와티니,온대기후,연수,★☆☆☆☆,여성,24,대학생,건성,16°C (체감),61%,"저자극 크림, 진정 토너, 수분 마스크팩",가벼운 산뜻한 로션 타입으로 유분이 적은 제품 위주로 사용하세요.,실내외 온도차가 큰 날에는 수분크림을 자주 덧발라 주는 것이 좋습니다.,일교차가 커서 아침저녁으로 피부 컨디션이 완전히 달랐어요. 저자극 크림이 도움이 됐어요.
mistyday_life,아프리카,에스와티니,온대기후,연수,★★★☆☆,남성,31,간호사,건성,18°C (체감),64%,"산뜻한 로션, 선크림, 블로팅 페이퍼",촉촉한 선쿠션과 립틴트로 화사한 인상을 연출할 수 있습니다.,일교차가 크므로 수분 크림으로 아침저녁 보습을 꼼꼼히 챙겨주세요.,날씨는 선선했는데 실내 난방 때문에 오히려 피부가 건조하고 번들거렸어요.
eunji07,아프리카,에스와티니,온대기후,연수,★★★★☆,여성,38,사진작가,건성,20°C (체감),47%,"수분 크림, 립틴트, 선쿠션",촉촉한 쿠션과 크림 블러셔로 생기 있는 룩을 연출하는 것을 추천합니다.,환절기 피부 컨디션 변화에 대비해 올인원 로션으로 간편하게 보습을 유지하세요.,사계절이 뚜렷한 곳이라 그런지 여행 기간 내내 온도 변화에 신경 써야 했어요.
calmnface23,아프리카,에스와티니,온대기후,연수,★★★★☆,남성,45,엔지니어,건성,22°C (체감),50%,"수분 크림, 선크림, 립밤",가벼운 톤업로션 정도로 자연스럽게 표현하는 메이크업이 잘 어울립니다.,일교차로 예민해지기 쉬운 피부에는 저자극 진정 라인 사용을 권장합니다.,생각보다 자외선이 강해서 선크림을 안 쓰면 금방 붉어졌어요.
eunwoo_story,아프리카,가봉,열대기후,연수,★★☆☆☆,남성,21,사진작가,복합성,33°C (체감),88%,"워터프루프 선크림, 피지 컨트롤 파우더, 픽싱 미스트",매트한 베이스로 유분과 땀을 컨트롤하며 색조는 최소화하는 것이 좋습니다.,자외선 노출 후에는 진정 스프레이와 수분 시트마스크로 피부를 달래주는 것이 좋습니다.,고온다습한 날씨 탓에 피부 트러블이 갑자기 올라와서 당황했어요.
mistyday_vibe,아프리카,가봉,열대기후,연수,★★★★★,여성,28,엔지니어,민감성,35°C (체감),75%,"매트 선크림, 블로팅 페이퍼, 쿨링 토너",촉촉한 쿠션으로 습기에도 밀리지 않게 가볍게 표현하는 것을 추천합니다.,실내외 온습도 차이가 크므로 미스트로 수시로 수분을 보충해 주세요.,에어컨 실내와 습한 실외를 오가다 보니 피부 컨디션이 계속 오락가락했어요.
yoonseo_daily,아프리카,가봉,열대기후,연수,★★☆☆☆,남성,35,약사,건성,30°C (체감),78%,"저자극 선크림, 진정 스프레이, 수분 시트마스크",색조보다는 톤업 선크림 위주로 산뜻하게 마무리하는 것을 권장합니다.,피지 분비가 많아지는 시기이므로 클레이 마스크로 주 1~2회 관리해 주는 것을 추천합니다.,습도가 정말 높아서 화장이 금방 무너졌어요. 저자극 선크림 없이는 하루도 버티기 힘들었어요.
haeun23,아프리카,가봉,열대기후,연수,★★★★☆,여성,42,트레이너,지성,32°C (체감),81%,"가벼운 수분 선크림, 쿠션, 미스트",워터프루프 아이라이너와 마스카라로 땀과 습기에 대비하는 것이 좋습니다.,저녁에 이중세안을 꼭 하고 산뜻한 젤 타입 제품으로 유수분 밸런스를 유지하세요.,생각보다 더 더워서 땀 때문에 끈적임이 심했는데 가벼운 수분 선크림이 정말 큰 도움이 됐습니다.
glowup_world,아프리카,가봉,열대기후,연수,★★★★☆,남성,49,건축가,복합성,34°C (체감),84%,"워터프루프 아이라이너, 피지 흡수 패드, 쿨링 젤",얇은 베이스에 워터프루프 제품 위주로 메이크업하고 픽싱 스프레이로 마무리하는 것을 추천합니다.,외출 중 블로팅 페이퍼로 피지를 자주 관리하고 쿨링 토너로 진정시켜 주세요.,야외 일정이 많았는데 자외선이 강해서 워터프루프 아이라이너을 자주 덧발라야 했어요.
toneuplife07,아프리카,가봉,열대기후,연수,★★★★☆,여성,56,일러스트레이터,민감성,36°C (체감),87%,"워터프루프 선크림, 피지 컨트롤 파우더, 픽싱 미스트",매트한 베이스로 유분과 땀을 컨트롤하며 색조는 최소화하는 것이 좋습니다.,자외선 노출 후에는 진정 스프레이와 수분 시트마스크로 피부를 달래주는 것이 좋습니다.,고온다습한 날씨 탓에 피부 트러블이 갑자기 올라와서 당황했어요.
urbanexplorer07,아프리카,가봉,열대기후,연수,★★★★☆,남성,23,회사원,건성,31°C (체감),90%,"매트 선크림, 블로팅 페이퍼, 쿨링 토너",촉촉한 쿠션으로 습기에도 밀리지 않게 가볍게 표현하는 것을 추천합니다.,실내외 온습도 차이가 크므로 미스트로 수시로 수분을 보충해 주세요.,에어컨 실내와 습한 실외를 오가다 보니 피부 컨디션이 계속 오락가락했어요.
yeji_92,아프리카,가봉,열대기후,연수,★★★★★,여성,30,교사,지성,33°C (체감),77%,"저자극 선크림, 진정 스프레이, 수분 시트마스크",색조보다는 톤업 선크림 위주로 산뜻하게 마무리하는 것을 권장합니다.,피지 분비가 많아지는 시기이므로 클레이 마스크로 주 1~2회 관리해 주는 것을 추천합니다.,습도가 정말 높아서 화장이 금방 무너졌어요. 저자극 선크림 없이는 하루도 버티기 힘들었어요.
dewyskin_mode,아프리카,가봉,열대기후,연수,★★★★★,남성,37,요리사,복합성,35°C (체감),80%,"가벼운 수분 선크림, 쿠션, 미스트",워터프루프 아이라이너와 마스카라로 땀과 습기에 대비하는 것이 좋습니다.,저녁에 이중세안을 꼭 하고 산뜻한 젤 타입 제품으로 유수분 밸런스를 유지하세요.,생각보다 더 더워서 땀 때문에 끈적임이 심했는데 가벼운 수분 선크림이 정말 큰 도움이 됐습니다.
quinn_ing,아프리카,가봉,열대기후,연수,★★★★☆,여성,44,자영업,민감성,30°C (체감),83%,"워터프루프 아이라이너, 피지 흡수 패드, 쿨링 젤",얇은 베이스에 워터프루프 제품 위주로 메이크업하고 픽싱 스프레이로 마무리하는 것을 추천합니다.,외출 중 블로팅 페이퍼로 피지를 자주 관리하고 쿨링 토너로 진정시켜 주세요.,야외 일정이 많았는데 자외선이 강해서 워터프루프 아이라이너을 자주 덧발라야 했어요.
softskin01,아프리카,감비아,열대기후,연수,★★★★★,여성,44,엔지니어,복합성,31°C (체감),79%,"가벼운 수분 선크림, 쿠션, 미스트",워터프루프 아이라이너와 마스카라로 땀과 습기에 대비하는 것이 좋습니다.,저녁에 이중세안을 꼭 하고 산뜻한 젤 타입 제품으로 유수분 밸런스를 유지하세요.,생각보다 더 더워서 땀 때문에 끈적임이 심했는데 가벼운 수분 선크림이 정말 큰 도움이 됐습니다.
mistyday_diary,아프리카,감비아,열대기후,연수,★★★★★,남성,51,약사,복합성,33°C (체감),82%,"워터프루프 아이라이너, 피지 흡수 패드, 쿨링 젤",얇은 베이스에 워터프루프 제품 위주로 메이크업하고 픽싱 스프레이로 마무리하는 것을 추천합니다.,외출 중 블로팅 페이퍼로 피지를 자주 관리하고 쿨링 토너로 진정시켜 주세요.,야외 일정이 많았는데 자외선이 강해서 워터프루프 아이라이너을 자주 덧발라야 했어요.
gina_vibe,아프리카,감비아,열대기후,연수,★★★☆☆,여성,58,트레이너,복합성,35°C (체감),85%,"워터프루프 선크림, 피지 컨트롤 파우더, 픽싱 미스트",매트한 베이스로 유분과 땀을 컨트롤하며 색조는 최소화하는 것이 좋습니다.,자외선 노출 후에는 진정 스프레이와 수분 시트마스크로 피부를 달래주는 것이 좋습니다.,고온다습한 날씨 탓에 피부 트러블이 갑자기 올라와서 당황했어요.
funtraveler_k,아프리카,감비아,열대기후,연수,★★★★☆,남성,25,건축가,복합성,30°C (체감),88%,"매트 선크림, 블로팅 페이퍼, 쿨링 토너",촉촉한 쿠션으로 습기에도 밀리지 않게 가볍게 표현하는 것을 추천합니다.,실내외 온습도 차이가 크므로 미스트로 수시로 수분을 보충해 주세요.,에어컨 실내와 습한 실외를 오가다 보니 피부 컨디션이 계속 오락가락했어요.
packlight_mode,아프리카,감비아,열대기후,연수,★★★☆☆,여성,32,일러스트레이터,복합성,32°C (체감),75%,"저자극 선크림, 진정 스프레이, 수분 시트마스크",색조보다는 톤업 선크림 위주로 산뜻하게 마무리하는 것을 권장합니다.,피지 분비가 많아지는 시기이므로 클레이 마스크로 주 1~2회 관리해 주는 것을 추천합니다.,습도가 정말 높아서 화장이 금방 무너졌어요. 저자극 선크림 없이는 하루도 버티기 힘들었어요.
coolbreeze_zone,아프리카,감비아,열대기후,연수,★★★★☆,남성,39,회사원,복합성,34°C (체감),78%,"가벼운 수분 선크림, 쿠션, 미스트",워터프루프 아이라이너와 마스카라로 땀과 습기에 대비하는 것이 좋습니다.,저녁에 이중세안을 꼭 하고 산뜻한 젤 타입 제품으로 유수분 밸런스를 유지하세요.,생각보다 더 더워서 땀 때문에 끈적임이 심했는데 가벼운 수분 선크림이 정말 큰 도움이 됐습니다.
dewyskin01,아프리카,감비아,열대기후,연수,★★☆☆☆,여성,46,교사,복합성,36°C (체감),81%,"워터프루프 아이라이너, 피지 흡수 패드, 쿨링 젤",얇은 베이스에 워터프루프 제품 위주로 메이크업하고 픽싱 스프레이로 마무리하는 것을 추천합니다.,외출 중 블로팅 페이퍼로 피지를 자주 관리하고 쿨링 토너로 진정시켜 주세요.,야외 일정이 많았는데 자외선이 강해서 워터프루프 아이라이너을 자주 덧발라야 했어요.
minseo_vibe,아프리카,감비아,열대기후,연수,★★★★★,남성,53,요리사,복합성,31°C (체감),84%,"워터프루프 선크림, 피지 컨트롤 파우더, 픽싱 미스트",매트한 베이스로 유분과 땀을 컨트롤하며 색조는 최소화하는 것이 좋습니다.,자외선 노출 후에는 진정 스프레이와 수분 시트마스크로 피부를 달래주는 것이 좋습니다.,고온다습한 날씨 탓에 피부 트러블이 갑자기 올라와서 당황했어요.
bomi_zone,아프리카,감비아,열대기후,연수,★★★★☆,여성,20,자영업,복합성,33°C (체감),87%,"매트 선크림, 블로팅 페이퍼, 쿨링 토너",촉촉한 쿠션으로 습기에도 밀리지 않게 가볍게 표현하는 것을 추천합니다.,실내외 온습도 차이가 크므로 미스트로 수시로 수분을 보충해 주세요.,에어컨 실내와 습한 실외를 오가다 보니 피부 컨디션이 계속 오락가락했어요.
makeupfan_mode,아프리카,감비아,열대기후,연수,★★★★☆,남성,27,여행가이드,복합성,35°C (체감),90%,"저자극 선크림, 진정 스프레이, 수분 시트마스크",색조보다는 톤업 선크림 위주로 산뜻하게 마무리하는 것을 권장합니다.,피지 분비가 많아지는 시기이므로 클레이 마스크로 주 1~2회 관리해 주는 것을 추천합니다.,습도가 정말 높아서 화장이 금방 무너졌어요. 저자극 선크림 없이는 하루도 버티기 힘들었어요.
nayeon_ing,북아메리카,그레나다,열대기후,경수,★★★☆☆,남성,25,마케터,민감성,34°C (체감),76%,"워터프루프 아이라이너, 피지 흡수 패드, 쿨링 젤",얇은 베이스에 워터프루프 제품 위주로 메이크업하고 픽싱 스프레이로 마무리하는 것을 추천합니다.,외출 중 블로팅 페이퍼로 피지를 자주 관리하고 쿨링 토너로 진정시켜 주세요.,야외 일정이 많았는데 자외선이 강해서 워터프루프 아이라이너을 자주 덧발라야 했어요.
quinn88,북아메리카,그레나다,열대기후,경수,★★★★★,여성,32,공무원,민감성,36°C (체감),79%,"워터프루프 선크림, 피지 컨트롤 파우더, 픽싱 미스트",매트한 베이스로 유분과 땀을 컨트롤하며 색조는 최소화하는 것이 좋습니다.,자외선 노출 후에는 진정 스프레이와 수분 시트마스크로 피부를 달래주는 것이 좋습니다.,고온다습한 날씨 탓에 피부 트러블이 갑자기 올라와서 당황했어요.
hydrated_ing,북아메리카,그레나다,열대기후,경수,★★★★☆,남성,39,회계사,민감성,31°C (체감),82%,"매트 선크림, 블로팅 페이퍼, 쿨링 토너",촉촉한 쿠션으로 습기에도 밀리지 않게 가볍게 표현하는 것을 추천합니다.,실내외 온습도 차이가 크므로 미스트로 수시로 수분을 보충해 주세요.,에어컨 실내와 습한 실외를 오가다 보니 피부 컨디션이 계속 오락가락했어요.
somin_note,북아메리카,그레나다,열대기후,경수,★★★★☆,여성,46,수의사,민감성,33°C (체감),85%,"저자극 선크림, 진정 스프레이, 수분 시트마스크",색조보다는 톤업 선크림 위주로 산뜻하게 마무리하는 것을 권장합니다.,피지 분비가 많아지는 시기이므로 클레이 마스크로 주 1~2회 관리해 주는 것을 추천합니다.,습도가 정말 높아서 화장이 금방 무너졌어요. 저자극 선크림 없이는 하루도 버티기 힘들었어요.
jina88,북아메리카,그레나다,열대기후,경수,★★★★☆,남성,53,영업직,민감성,35°C (체감),88%,"가벼운 수분 선크림, 쿠션, 미스트",워터프루프 아이라이너와 마스카라로 땀과 습기에 대비하는 것이 좋습니다.,저녁에 이중세안을 꼭 하고 산뜻한 젤 타입 제품으로 유수분 밸런스를 유지하세요.,생각보다 더 더워서 땀 때문에 끈적임이 심했는데 가벼운 수분 선크림이 정말 큰 도움이 됐습니다.
passportready_mode,북아메리카,그레나다,열대기후,경수,★★★★★,여성,20,대학생,민감성,30°C (체감),75%,"워터프루프 아이라이너, 피지 흡수 패드, 쿨링 젤",얇은 베이스에 워터프루프 제품 위주로 메이크업하고 픽싱 스프레이로 마무리하는 것을 추천합니다.,외출 중 블로팅 페이퍼로 피지를 자주 관리하고 쿨링 토너로 진정시켜 주세요.,야외 일정이 많았는데 자외선이 강해서 워터프루프 아이라이너을 자주 덧발라야 했어요.
dahye_ing,북아메리카,그레나다,열대기후,경수,★★★★☆,남성,27,간호사,민감성,32°C (체감),78%,"워터프루프 선크림, 피지 컨트롤 파우더, 픽싱 미스트",매트한 베이스로 유분과 땀을 컨트롤하며 색조는 최소화하는 것이 좋습니다.,자외선 노출 후에는 진정 스프레이와 수분 시트마스크로 피부를 달래주는 것이 좋습니다.,고온다습한 날씨 탓에 피부 트러블이 갑자기 올라와서 당황했어요.
somin_ing,북아메리카,그레나다,열대기후,경수,★☆☆☆☆,여성,34,사진작가,민감성,34°C (체감),81%,"매트 선크림, 블로팅 페이퍼, 쿨링 토너",촉촉한 쿠션으로 습기에도 밀리지 않게 가볍게 표현하는 것을 추천합니다.,실내외 온습도 차이가 크므로 미스트로 수시로 수분을 보충해 주세요.,에어컨 실내와 습한 실외를 오가다 보니 피부 컨디션이 계속 오락가락했어요.
yoona_world,북아메리카,그레나다,열대기후,경수,★★★★★,남성,41,엔지니어,민감성,36°C (체감),84%,"저자극 선크림, 진정 스프레이, 수분 시트마스크",색조보다는 톤업 선크림 위주로 산뜻하게 마무리하는 것을 권장합니다.,피지 분비가 많아지는 시기이므로 클레이 마스크로 주 1~2회 관리해 주는 것을 추천합니다.,습도가 정말 높아서 화장이 금방 무너졌어요. 저자극 선크림 없이는 하루도 버티기 힘들었어요.
sunny_k,북아메리카,그레나다,열대기후,경수,★☆☆☆☆,여성,48,약사,민감성,31°C (체감),87%,"가벼운 수분 선크림, 쿠션, 미스트",워터프루프 아이라이너와 마스카라로 땀과 습기에 대비하는 것이 좋습니다.,저녁에 이중세안을 꼭 하고 산뜻한 젤 타입 제품으로 유수분 밸런스를 유지하세요.,생각보다 더 더워서 땀 때문에 끈적임이 심했는데 가벼운 수분 선크림이 정말 큰 도움이 됐습니다.
backpacklife07,아프리카,기니,열대기후,연수,★☆☆☆☆,남성,29,회사원,복합성,30°C (체감),80%,"가벼운 수분 선크림, 쿠션, 미스트",워터프루프 아이라이너와 마스카라로 땀과 습기에 대비하는 것이 좋습니다.,저녁에 이중세안을 꼭 하고 산뜻한 젤 타입 제품으로 유수분 밸런스를 유지하세요.,생각보다 더 더워서 땀 때문에 끈적임이 심했는데 가벼운 수분 선크림이 정말 큰 도움이 됐습니다.
yoona_k,아프리카,기니,열대기후,연수,★★★★☆,여성,36,교사,복합성,32°C (체감),83%,"워터프루프 아이라이너, 피지 흡수 패드, 쿨링 젤",얇은 베이스에 워터프루프 제품 위주로 메이크업하고 픽싱 스프레이로 마무리하는 것을 추천합니다.,외출 중 블로팅 페이퍼로 피지를 자주 관리하고 쿨링 토너로 진정시켜 주세요.,야외 일정이 많았는데 자외선이 강해서 워터프루프 아이라이너을 자주 덧발라야 했어요.
hana01,아프리카,기니,열대기후,연수,★★★★★,남성,43,요리사,복합성,34°C (체감),86%,"워터프루프 선크림, 피지 컨트롤 파우더, 픽싱 미스트",매트한 베이스로 유분과 땀을 컨트롤하며 색조는 최소화하는 것이 좋습니다.,자외선 노출 후에는 진정 스프레이와 수분 시트마스크로 피부를 달래주는 것이 좋습니다.,고온다습한 날씨 탓에 피부 트러블이 갑자기 올라와서 당황했어요.
glowygirl99,아프리카,기니,열대기후,연수,★★★★☆,여성,50,자영업,복합성,36°C (체감),89%,"매트 선크림, 블로팅 페이퍼, 쿨링 토너",촉촉한 쿠션으로 습기에도 밀리지 않게 가볍게 표현하는 것을 추천합니다.,실내외 온습도 차이가 크므로 미스트로 수시로 수분을 보충해 주세요.,에어컨 실내와 습한 실외를 오가다 보니 피부 컨디션이 계속 오락가락했어요.
minjun07,아프리카,기니,열대기후,연수,★☆☆☆☆,남성,57,여행가이드,복합성,31°C (체감),76%,"저자극 선크림, 진정 스프레이, 수분 시트마스크",색조보다는 톤업 선크림 위주로 산뜻하게 마무리하는 것을 권장합니다.,피지 분비가 많아지는 시기이므로 클레이 마스크로 주 1~2회 관리해 주는 것을 추천합니다.,습도가 정말 높아서 화장이 금방 무너졌어요. 저자극 선크림 없이는 하루도 버티기 힘들었어요.
coolbreeze_k,아프리카,기니,열대기후,연수,★★★★★,여성,24,작가,복합성,33°C (체감),79%,"가벼운 수분 선크림, 쿠션, 미스트",워터프루프 아이라이너와 마스카라로 땀과 습기에 대비하는 것이 좋습니다.,저녁에 이중세안을 꼭 하고 산뜻한 젤 타입 제품으로 유수분 밸런스를 유지하세요.,생각보다 더 더워서 땀 때문에 끈적임이 심했는데 가벼운 수분 선크림이 정말 큰 도움이 됐습니다.
packlight99,아프리카,기니,열대기후,연수,★★★☆☆,남성,31,연구원,복합성,35°C (체감),82%,"워터프루프 아이라이너, 피지 흡수 패드, 쿨링 젤",얇은 베이스에 워터프루프 제품 위주로 메이크업하고 픽싱 스프레이로 마무리하는 것을 추천합니다.,외출 중 블로팅 페이퍼로 피지를 자주 관리하고 쿨링 토너로 진정시켜 주세요.,야외 일정이 많았는데 자외선이 강해서 워터프루프 아이라이너을 자주 덧발라야 했어요.
balmaddict01,아프리카,기니,열대기후,연수,★★★☆☆,여성,38,바리스타,복합성,30°C (체감),85%,"워터프루프 선크림, 피지 컨트롤 파우더, 픽싱 미스트",매트한 베이스로 유분과 땀을 컨트롤하며 색조는 최소화하는 것이 좋습니다.,자외선 노출 후에는 진정 스프레이와 수분 시트마스크로 피부를 달래주는 것이 좋습니다.,고온다습한 날씨 탓에 피부 트러블이 갑자기 올라와서 당황했어요.
taeyang_k,아프리카,기니,열대기후,연수,★★★★★,남성,45,프로그래머,복합성,32°C (체감),88%,"매트 선크림, 블로팅 페이퍼, 쿨링 토너",촉촉한 쿠션으로 습기에도 밀리지 않게 가볍게 표현하는 것을 추천합니다.,실내외 온습도 차이가 크므로 미스트로 수시로 수분을 보충해 주세요.,에어컨 실내와 습한 실외를 오가다 보니 피부 컨디션이 계속 오락가락했어요.
sora_world,아프리카,기니,열대기후,연수,★★★★☆,여성,52,프리랜서,복합성,34°C (체감),75%,"저자극 선크림, 진정 스프레이, 수분 시트마스크",색조보다는 톤업 선크림 위주로 산뜻하게 마무리하는 것을 권장합니다.,피지 분비가 많아지는 시기이므로 클레이 마스크로 주 1~2회 관리해 주는 것을 추천합니다.,습도가 정말 높아서 화장이 금방 무너졌어요. 저자극 선크림 없이는 하루도 버티기 힘들었어요.
backpacklife88,아프리카,기니비사우,열대기후,연수,★★★★★,남성,33,건축가,지성,34°C (체감),84%,"저자극 선크림, 진정 스프레이, 수분 시트마스크",색조보다는 톤업 선크림 위주로 산뜻하게 마무리하는 것을 권장합니다.,피지 분비가 많아지는 시기이므로 클레이 마스크로 주 1~2회 관리해 주는 것을 추천합니다.,습도가 정말 높아서 화장이 금방 무너졌어요. 저자극 선크림 없이는 하루도 버티기 힘들었어요.
combiskin99,아프리카,기니비사우,열대기후,연수,★★★★★,여성,40,일러스트레이터,지성,36°C (체감),87%,"가벼운 수분 선크림, 쿠션, 미스트",워터프루프 아이라이너와 마스카라로 땀과 습기에 대비하는 것이 좋습니다.,저녁에 이중세안을 꼭 하고 산뜻한 젤 타입 제품으로 유수분 밸런스를 유지하세요.,생각보다 더 더워서 땀 때문에 끈적임이 심했는데 가벼운 수분 선크림이 정말 큰 도움이 됐습니다.
mia_diary,아프리카,기니비사우,열대기후,연수,★★★★☆,남성,47,회사원,지성,31°C (체감),90%,"워터프루프 아이라이너, 피지 흡수 패드, 쿨링 젤",얇은 베이스에 워터프루프 제품 위주로 메이크업하고 픽싱 스프레이로 마무리하는 것을 추천합니다.,외출 중 블로팅 페이퍼로 피지를 자주 관리하고 쿨링 토너로 진정시켜 주세요.,야외 일정이 많았는데 자외선이 강해서 워터프루프 아이라이너을 자주 덧발라야 했어요.
urbanexplorer_diary,아프리카,기니비사우,열대기후,연수,★★★★★,여성,54,교사,지성,33°C (체감),77%,"워터프루프 선크림, 피지 컨트롤 파우더, 픽싱 미스트",매트한 베이스로 유분과 땀을 컨트롤하며 색조는 최소화하는 것이 좋습니다.,자외선 노출 후에는 진정 스프레이와 수분 시트마스크로 피부를 달래주는 것이 좋습니다.,고온다습한 날씨 탓에 피부 트러블이 갑자기 올라와서 당황했어요.
subin_diary,아프리카,기니비사우,열대기후,연수,★★★☆☆,남성,21,요리사,지성,35°C (체감),80%,"매트 선크림, 블로팅 페이퍼, 쿨링 토너",촉촉한 쿠션으로 습기에도 밀리지 않게 가볍게 표현하는 것을 추천합니다.,실내외 온습도 차이가 크므로 미스트로 수시로 수분을 보충해 주세요.,에어컨 실내와 습한 실외를 오가다 보니 피부 컨디션이 계속 오락가락했어요.
jaewon_k,아프리카,기니비사우,열대기후,연수,★★★★☆,여성,28,자영업,지성,30°C (체감),83%,"저자극 선크림, 진정 스프레이, 수분 시트마스크",색조보다는 톤업 선크림 위주로 산뜻하게 마무리하는 것을 권장합니다.,피지 분비가 많아지는 시기이므로 클레이 마스크로 주 1~2회 관리해 주는 것을 추천합니다.,습도가 정말 높아서 화장이 금방 무너졌어요. 저자극 선크림 없이는 하루도 버티기 힘들었어요.
nari_story,아프리카,기니비사우,열대기후,연수,★★★★★,남성,35,여행가이드,지성,32°C (체감),86%,"가벼운 수분 선크림, 쿠션, 미스트",워터프루프 아이라이너와 마스카라로 땀과 습기에 대비하는 것이 좋습니다.,저녁에 이중세안을 꼭 하고 산뜻한 젤 타입 제품으로 유수분 밸런스를 유지하세요.,생각보다 더 더워서 땀 때문에 끈적임이 심했는데 가벼운 수분 선크림이 정말 큰 도움이 됐습니다.
sunkissed_zone,아프리카,기니비사우,열대기후,연수,★★☆☆☆,여성,42,작가,지성,34°C (체감),89%,"워터프루프 아이라이너, 피지 흡수 패드, 쿨링 젤",얇은 베이스에 워터프루프 제품 위주로 메이크업하고 픽싱 스프레이로 마무리하는 것을 추천합니다.,외출 중 블로팅 페이퍼로 피지를 자주 관리하고 쿨링 토너로 진정시켜 주세요.,야외 일정이 많았는데 자외선이 강해서 워터프루프 아이라이너을 자주 덧발라야 했어요.
hana_love,아프리카,기니비사우,열대기후,연수,★★★★★,남성,49,연구원,지성,36°C (체감),76%,"워터프루프 선크림, 피지 컨트롤 파우더, 픽싱 미스트",매트한 베이스로 유분과 땀을 컨트롤하며 색조는 최소화하는 것이 좋습니다.,자외선 노출 후에는 진정 스프레이와 수분 시트마스크로 피부를 달래주는 것이 좋습니다.,고온다습한 날씨 탓에 피부 트러블이 갑자기 올라와서 당황했어요.
glowup23,아프리카,기니비사우,열대기후,연수,★★★☆☆,여성,56,바리스타,지성,31°C (체감),79%,"매트 선크림, 블로팅 페이퍼, 쿨링 토너",촉촉한 쿠션으로 습기에도 밀리지 않게 가볍게 표현하는 것을 추천합니다.,실내외 온습도 차이가 크므로 미스트로 수시로 수분을 보충해 주세요.,에어컨 실내와 습한 실외를 오가다 보니 피부 컨디션이 계속 오락가락했어요.
sensitiveskin_vibe,남아메리카,가이아나,열대기후,연수,★★★★★,여성,32,승무원,건성,34°C (체감),83%,"매트 선크림, 블로팅 페이퍼, 쿨링 토너",촉촉한 쿠션으로 습기에도 밀리지 않게 가볍게 표현하는 것을 추천합니다.,실내외 온습도 차이가 크므로 미스트로 수시로 수분을 보충해 주세요.,에어컨 실내와 습한 실외를 오가다 보니 피부 컨디션이 계속 오락가락했어요.
urbanexplorer_mode,남아메리카,가이아나,열대기후,연수,★★☆☆☆,남성,39,마케터,건성,36°C (체감),86%,"저자극 선크림, 진정 스프레이, 수분 시트마스크",색조보다는 톤업 선크림 위주로 산뜻하게 마무리하는 것을 권장합니다.,피지 분비가 많아지는 시기이므로 클레이 마스크로 주 1~2회 관리해 주는 것을 추천합니다.,습도가 정말 높아서 화장이 금방 무너졌어요. 저자극 선크림 없이는 하루도 버티기 힘들었어요.
urbanexplorer23,남아메리카,가이아나,열대기후,연수,★★★★☆,여성,46,공무원,건성,31°C (체감),89%,"가벼운 수분 선크림, 쿠션, 미스트",워터프루프 아이라이너와 마스카라로 땀과 습기에 대비하는 것이 좋습니다.,저녁에 이중세안을 꼭 하고 산뜻한 젤 타입 제품으로 유수분 밸런스를 유지하세요.,생각보다 더 더워서 땀 때문에 끈적임이 심했는데 가벼운 수분 선크림이 정말 큰 도움이 됐습니다.
sensitiveskin_ing,남아메리카,가이아나,열대기후,연수,★★★★☆,남성,53,회계사,건성,33°C (체감),76%,"워터프루프 아이라이너, 피지 흡수 패드, 쿨링 젤",얇은 베이스에 워터프루프 제품 위주로 메이크업하고 픽싱 스프레이로 마무리하는 것을 추천합니다.,외출 중 블로팅 페이퍼로 피지를 자주 관리하고 쿨링 토너로 진정시켜 주세요.,야외 일정이 많았는데 자외선이 강해서 워터프루프 아이라이너을 자주 덧발라야 했어요.
jisoo_story,남아메리카,가이아나,열대기후,연수,★★★★★,여성,20,수의사,건성,35°C (체감),79%,"워터프루프 선크림, 피지 컨트롤 파우더, 픽싱 미스트",매트한 베이스로 유분과 땀을 컨트롤하며 색조는 최소화하는 것이 좋습니다.,자외선 노출 후에는 진정 스프레이와 수분 시트마스크로 피부를 달래주는 것이 좋습니다.,고온다습한 날씨 탓에 피부 트러블이 갑자기 올라와서 당황했어요.
luna_log,남아메리카,가이아나,열대기후,연수,★★☆☆☆,남성,27,영업직,건성,30°C (체감),82%,"매트 선크림, 블로팅 페이퍼, 쿨링 토너",촉촉한 쿠션으로 습기에도 밀리지 않게 가볍게 표현하는 것을 추천합니다.,실내외 온습도 차이가 크므로 미스트로 수시로 수분을 보충해 주세요.,에어컨 실내와 습한 실외를 오가다 보니 피부 컨디션이 계속 오락가락했어요.
nomakeupdays_92,남아메리카,가이아나,열대기후,연수,★★☆☆☆,여성,34,대학생,건성,32°C (체감),85%,"저자극 선크림, 진정 스프레이, 수분 시트마스크",색조보다는 톤업 선크림 위주로 산뜻하게 마무리하는 것을 권장합니다.,피지 분비가 많아지는 시기이므로 클레이 마스크로 주 1~2회 관리해 주는 것을 추천합니다.,습도가 정말 높아서 화장이 금방 무너졌어요. 저자극 선크림 없이는 하루도 버티기 힘들었어요.
olivia23,남아메리카,가이아나,열대기후,연수,★☆☆☆☆,남성,41,간호사,건성,34°C (체감),88%,"가벼운 수분 선크림, 쿠션, 미스트",워터프루프 아이라이너와 마스카라로 땀과 습기에 대비하는 것이 좋습니다.,저녁에 이중세안을 꼭 하고 산뜻한 젤 타입 제품으로 유수분 밸런스를 유지하세요.,생각보다 더 더워서 땀 때문에 끈적임이 심했는데 가벼운 수분 선크림이 정말 큰 도움이 됐습니다.
haeri_official,남아메리카,가이아나,열대기후,연수,★★★★☆,여성,48,사진작가,건성,36°C (체감),75%,"워터프루프 아이라이너, 피지 흡수 패드, 쿨링 젤",얇은 베이스에 워터프루프 제품 위주로 메이크업하고 픽싱 스프레이로 마무리하는 것을 추천합니다.,외출 중 블로팅 페이퍼로 피지를 자주 관리하고 쿨링 토너로 진정시켜 주세요.,야외 일정이 많았는데 자외선이 강해서 워터프루프 아이라이너을 자주 덧발라야 했어요.
beautyaddict_daily,남아메리카,가이아나,열대기후,연수,★★☆☆☆,남성,55,엔지니어,건성,31°C (체감),78%,"워터프루프 선크림, 피지 컨트롤 파우더, 픽싱 미스트",매트한 베이스로 유분과 땀을 컨트롤하며 색조는 최소화하는 것이 좋습니다.,자외선 노출 후에는 진정 스프레이와 수분 시트마스크로 피부를 달래주는 것이 좋습니다.,고온다습한 날씨 탓에 피부 트러블이 갑자기 올라와서 당황했어요.
jaewon_vibe,아시아,이스라엘,건조기후,경수,★★☆☆☆,여성,28,프로그래머,지성,39°C (체감),19%,"수분 로션, 선크림, 핸드크림",고보습 베이스 제품으로 들뜸 없이 매끈한 피부 표현이 가능합니다.,입술과 손이 트기 쉬우므로 립밤과 핸드크림을 항상 휴대하는 것이 좋습니다.,낮은 습도 때문에 피부가 계속 당기고 화장이 들떴어요. 수분 로션이 필수였습니다.
jiyoung07,아시아,이스라엘,건조기후,경수,★★★☆☆,남성,35,프리랜서,지성,41°C (체감),22%,"고SPF 선크림, 쿨링 미스트, 립밤",립 제품은 보습 밤 타입을 선택해 건조함으로 인한 각질을 예방하세요.,건조한 기후이므로 미스트를 수시로 뿌려 수분을 보충하는 것이 중요합니다.,일교차가 커서 낮에는 덥고 밤에는 쌀쌀해 피부가 예민해졌어요.
citywalker_vibe,아시아,이스라엘,건조기후,경수,★★★★★,여성,42,디자이너,지성,29°C (체감),25%,"수분 크림, 선쿠션, 진정 스프레이",촉촉한 베이스에 크림 타입 블러셔로 생기를 더하는 메이크업을 추천합니다.,강한 햇빛 대비 SPF 높은 제품을 사용하고 쿨링 미스트로 열감을 진정시켜 주세요.,건조한 바람 때문에 입술과 볼이 자주 텄어요. 수분 크림 없이는 힘들었을 것 같아요.
nayeon_92,아시아,이스라엘,건조기후,경수,★★★★☆,남성,49,승무원,지성,31°C (체감),28%,"고보습 선크림, 미스트, 영양 크림",메이크업은 최소화하고 톤업 선크림으로 자연스럽게 마무리하는 것을 권장합니다.,자외선 노출 후 진정 젤로 쿨다운하고 세럼으로 수분을 채워주는 것을 추천합니다.,햇빛이 강렬해서 선크림을 2~3시간마다 덧발라야 했어요.
hydrated_life,아시아,이스라엘,건조기후,경수,★★★★★,여성,56,마케터,지성,33°C (체감),31%,"저자극 선크림, 진정 젤, 수분 세럼",가벼운 수분 쿠션으로 건조함을 커버하며 자연스러운 룩을 연출하세요.,낮은 습도로 인한 수분 손실을 막기 위해 고보습 크림을 겹겹이 발라주세요.,사막성 기후라 그런지 평소보다 피부가 훨씬 건조해지는 걸 느꼈어요.
kyla_vibe,아시아,이스라엘,건조기후,경수,★★★☆☆,남성,23,공무원,지성,35°C (체감),34%,"수분 로션, 선크림, 핸드크림",고보습 베이스 제품으로 들뜸 없이 매끈한 피부 표현이 가능합니다.,입술과 손이 트기 쉬우므로 립밤과 핸드크림을 항상 휴대하는 것이 좋습니다.,낮은 습도 때문에 피부가 계속 당기고 화장이 들떴어요. 수분 로션이 필수였습니다.
toneuplife_92,아시아,이스라엘,건조기후,경수,★★★★☆,여성,30,회계사,지성,37°C (체감),17%,"고SPF 선크림, 쿨링 미스트, 립밤",립 제품은 보습 밤 타입을 선택해 건조함으로 인한 각질을 예방하세요.,건조한 기후이므로 미스트를 수시로 뿌려 수분을 보충하는 것이 중요합니다.,일교차가 커서 낮에는 덥고 밤에는 쌀쌀해 피부가 예민해졌어요.
skincarelover_official,아시아,이스라엘,건조기후,경수,★★☆☆☆,남성,37,수의사,지성,39°C (체감),20%,"수분 크림, 선쿠션, 진정 스프레이",촉촉한 베이스에 크림 타입 블러셔로 생기를 더하는 메이크업을 추천합니다.,강한 햇빛 대비 SPF 높은 제품을 사용하고 쿨링 미스트로 열감을 진정시켜 주세요.,건조한 바람 때문에 입술과 볼이 자주 텄어요. 수분 크림 없이는 힘들었을 것 같아요.
chorong_diary,아시아,이스라엘,건조기후,경수,★★☆☆☆,여성,44,영업직,지성,41°C (체감),23%,"고보습 선크림, 미스트, 영양 크림",메이크업은 최소화하고 톤업 선크림으로 자연스럽게 마무리하는 것을 권장합니다.,자외선 노출 후 진정 젤로 쿨다운하고 세럼으로 수분을 채워주는 것을 추천합니다.,햇빛이 강렬해서 선크림을 2~3시간마다 덧발라야 했어요.
urbanexplorer_k,아시아,이스라엘,건조기후,경수,★★★☆☆,남성,51,대학생,지성,29°C (체감),26%,"저자극 선크림, 진정 젤, 수분 세럼",가벼운 수분 쿠션으로 건조함을 커버하며 자연스러운 룩을 연출하세요.,낮은 습도로 인한 수분 손실을 막기 위해 고보습 크림을 겹겹이 발라주세요.,사막성 기후라 그런지 평소보다 피부가 훨씬 건조해지는 걸 느꼈어요.
calmnface_note,오세아니아,키리바시,열대기후,연수,★★★★★,여성,36,회계사,건성,35°C (체감),87%,"워터프루프 선크림, 피지 컨트롤 파우더, 픽싱 미스트",매트한 베이스로 유분과 땀을 컨트롤하며 색조는 최소화하는 것이 좋습니다.,자외선 노출 후에는 진정 스프레이와 수분 시트마스크로 피부를 달래주는 것이 좋습니다.,고온다습한 날씨 탓에 피부 트러블이 갑자기 올라와서 당황했어요.
jiho_life,오세아니아,키리바시,열대기후,연수,★★★★★,남성,43,수의사,지성,30°C (체감),90%,"매트 선크림, 블로팅 페이퍼, 쿨링 토너",촉촉한 쿠션으로 습기에도 밀리지 않게 가볍게 표현하는 것을 추천합니다.,실내외 온습도 차이가 크므로 미스트로 수시로 수분을 보충해 주세요.,에어컨 실내와 습한 실외를 오가다 보니 피부 컨디션이 계속 오락가락했어요.
citywalker_life,오세아니아,키리바시,열대기후,연수,★★★★★,여성,50,영업직,복합성,32°C (체감),77%,"저자극 선크림, 진정 스프레이, 수분 시트마스크",색조보다는 톤업 선크림 위주로 산뜻하게 마무리하는 것을 권장합니다.,피지 분비가 많아지는 시기이므로 클레이 마스크로 주 1~2회 관리해 주는 것을 추천합니다.,습도가 정말 높아서 화장이 금방 무너졌어요. 저자극 선크림 없이는 하루도 버티기 힘들었어요.
eunji_love,오세아니아,키리바시,열대기후,연수,★★★★★,남성,57,대학생,민감성,34°C (체감),80%,"가벼운 수분 선크림, 쿠션, 미스트",워터프루프 아이라이너와 마스카라로 땀과 습기에 대비하는 것이 좋습니다.,저녁에 이중세안을 꼭 하고 산뜻한 젤 타입 제품으로 유수분 밸런스를 유지하세요.,생각보다 더 더워서 땀 때문에 끈적임이 심했는데 가벼운 수분 선크림이 정말 큰 도움이 됐습니다.
globetrotter_life,오세아니아,키리바시,열대기후,연수,★★★★★,여성,24,간호사,건성,36°C (체감),83%,"워터프루프 아이라이너, 피지 흡수 패드, 쿨링 젤",얇은 베이스에 워터프루프 제품 위주로 메이크업하고 픽싱 스프레이로 마무리하는 것을 추천합니다.,외출 중 블로팅 페이퍼로 피지를 자주 관리하고 쿨링 토너로 진정시켜 주세요.,야외 일정이 많았는데 자외선이 강해서 워터프루프 아이라이너을 자주 덧발라야 했어요.
hydrationqueen07,오세아니아,키리바시,열대기후,연수,★★★★★,남성,31,사진작가,지성,31°C (체감),86%,"워터프루프 선크림, 피지 컨트롤 파우더, 픽싱 미스트",매트한 베이스로 유분과 땀을 컨트롤하며 색조는 최소화하는 것이 좋습니다.,자외선 노출 후에는 진정 스프레이와 수분 시트마스크로 피부를 달래주는 것이 좋습니다.,고온다습한 날씨 탓에 피부 트러블이 갑자기 올라와서 당황했어요.
hana_k,오세아니아,키리바시,열대기후,연수,★★★☆☆,여성,38,엔지니어,복합성,33°C (체감),89%,"매트 선크림, 블로팅 페이퍼, 쿨링 토너",촉촉한 쿠션으로 습기에도 밀리지 않게 가볍게 표현하는 것을 추천합니다.,실내외 온습도 차이가 크므로 미스트로 수시로 수분을 보충해 주세요.,에어컨 실내와 습한 실외를 오가다 보니 피부 컨디션이 계속 오락가락했어요.
yerim07,오세아니아,키리바시,열대기후,연수,★★★★★,남성,45,약사,민감성,35°C (체감),76%,"저자극 선크림, 진정 스프레이, 수분 시트마스크",색조보다는 톤업 선크림 위주로 산뜻하게 마무리하는 것을 권장합니다.,피지 분비가 많아지는 시기이므로 클레이 마스크로 주 1~2회 관리해 주는 것을 추천합니다.,습도가 정말 높아서 화장이 금방 무너졌어요. 저자극 선크림 없이는 하루도 버티기 힘들었어요.
yerim01,오세아니아,키리바시,열대기후,연수,★★☆☆☆,여성,52,트레이너,건성,30°C (체감),79%,"가벼운 수분 선크림, 쿠션, 미스트",워터프루프 아이라이너와 마스카라로 땀과 습기에 대비하는 것이 좋습니다.,저녁에 이중세안을 꼭 하고 산뜻한 젤 타입 제품으로 유수분 밸런스를 유지하세요.,생각보다 더 더워서 땀 때문에 끈적임이 심했는데 가벼운 수분 선크림이 정말 큰 도움이 됐습니다.
rina_ing,오세아니아,키리바시,열대기후,연수,★★☆☆☆,남성,59,건축가,지성,32°C (체감),82%,"워터프루프 아이라이너, 피지 흡수 패드, 쿨링 젤",얇은 베이스에 워터프루프 제품 위주로 메이크업하고 픽싱 스프레이로 마무리하는 것을 추천합니다.,외출 중 블로팅 페이퍼로 피지를 자주 관리하고 쿨링 토너로 진정시켜 주세요.,야외 일정이 많았는데 자외선이 강해서 워터프루프 아이라이너을 자주 덧발라야 했어요.
moisturemax_note,아시아,키르기스스탄,건조기후,경수,★★★☆☆,남성,41,사진작가,복합성,40°C (체감),32%,"고보습 선크림, 미스트, 영양 크림",메이크업은 최소화하고 톤업 선크림으로 자연스럽게 마무리하는 것을 권장합니다.,자외선 노출 후 진정 젤로 쿨다운하고 세럼으로 수분을 채워주는 것을 추천합니다.,햇빛이 강렬해서 선크림을 2~3시간마다 덧발라야 했어요.
hana88,아시아,키르기스스탄,건조기후,경수,★★★★★,여성,48,엔지니어,민감성,28°C (체감),15%,"저자극 선크림, 진정 젤, 수분 세럼",가벼운 수분 쿠션으로 건조함을 커버하며 자연스러운 룩을 연출하세요.,낮은 습도로 인한 수분 손실을 막기 위해 고보습 크림을 겹겹이 발라주세요.,사막성 기후라 그런지 평소보다 피부가 훨씬 건조해지는 걸 느꼈어요.
mountainhiker07,아시아,키르기스스탄,건조기후,경수,★★★★★,남성,55,약사,건성,30°C (체감),18%,"수분 로션, 선크림, 핸드크림",고보습 베이스 제품으로 들뜸 없이 매끈한 피부 표현이 가능합니다.,입술과 손이 트기 쉬우므로 립밤과 핸드크림을 항상 휴대하는 것이 좋습니다.,낮은 습도 때문에 피부가 계속 당기고 화장이 들떴어요. 수분 로션이 필수였습니다.
areum_vibe,아시아,키르기스스탄,건조기후,경수,★★★★☆,여성,22,트레이너,지성,32°C (체감),21%,"고SPF 선크림, 쿨링 미스트, 립밤",립 제품은 보습 밤 타입을 선택해 건조함으로 인한 각질을 예방하세요.,건조한 기후이므로 미스트를 수시로 뿌려 수분을 보충하는 것이 중요합니다.,일교차가 커서 낮에는 덥고 밤에는 쌀쌀해 피부가 예민해졌어요.
freshface_vibe,아시아,키르기스스탄,건조기후,경수,★★★★☆,남성,29,건축가,복합성,34°C (체감),24%,"수분 크림, 선쿠션, 진정 스프레이",촉촉한 베이스에 크림 타입 블러셔로 생기를 더하는 메이크업을 추천합니다.,강한 햇빛 대비 SPF 높은 제품을 사용하고 쿨링 미스트로 열감을 진정시켜 주세요.,건조한 바람 때문에 입술과 볼이 자주 텄어요. 수분 크림 없이는 힘들었을 것 같아요.
paul23,아시아,키르기스스탄,건조기후,경수,★★☆☆☆,여성,36,일러스트레이터,민감성,36°C (체감),27%,"고보습 선크림, 미스트, 영양 크림",메이크업은 최소화하고 톤업 선크림으로 자연스럽게 마무리하는 것을 권장합니다.,자외선 노출 후 진정 젤로 쿨다운하고 세럼으로 수분을 채워주는 것을 추천합니다.,햇빛이 강렬해서 선크림을 2~3시간마다 덧발라야 했어요.
humidmood_ing,아시아,키르기스스탄,건조기후,경수,★★★★★,남성,43,회사원,건성,38°C (체감),30%,"저자극 선크림, 진정 젤, 수분 세럼",가벼운 수분 쿠션으로 건조함을 커버하며 자연스러운 룩을 연출하세요.,낮은 습도로 인한 수분 손실을 막기 위해 고보습 크림을 겹겹이 발라주세요.,사막성 기후라 그런지 평소보다 피부가 훨씬 건조해지는 걸 느꼈어요.
islandhopper_life,아시아,키르기스스탄,건조기후,경수,★★★★★,여성,50,교사,지성,40°C (체감),33%,"수분 로션, 선크림, 핸드크림",고보습 베이스 제품으로 들뜸 없이 매끈한 피부 표현이 가능합니다.,입술과 손이 트기 쉬우므로 립밤과 핸드크림을 항상 휴대하는 것이 좋습니다.,낮은 습도 때문에 피부가 계속 당기고 화장이 들떴어요. 수분 로션이 필수였습니다.
suncareguru_log,아시아,키르기스스탄,건조기후,경수,★★★☆☆,남성,57,요리사,복합성,28°C (체감),16%,"고SPF 선크림, 쿨링 미스트, 립밤",립 제품은 보습 밤 타입을 선택해 건조함으로 인한 각질을 예방하세요.,건조한 기후이므로 미스트를 수시로 뿌려 수분을 보충하는 것이 중요합니다.,일교차가 커서 낮에는 덥고 밤에는 쌀쌀해 피부가 예민해졌어요.
cloudnine07,아시아,키르기스스탄,건조기후,경수,★★★★★,여성,24,자영업,민감성,30°C (체감),19%,"수분 크림, 선쿠션, 진정 스프레이",촉촉한 베이스에 크림 타입 블러셔로 생기를 더하는 메이크업을 추천합니다.,강한 햇빛 대비 SPF 높은 제품을 사용하고 쿨링 미스트로 열감을 진정시켜 주세요.,건조한 바람 때문에 입술과 볼이 자주 텄어요. 수분 크림 없이는 힘들었을 것 같아요.
olivia_mode,아프리카,레소토,온대기후,연수,★★☆☆☆,여성,50,트레이너,민감성,16°C (체감),51%,"수분 크림, 립틴트, 선쿠션",촉촉한 쿠션과 크림 블러셔로 생기 있는 룩을 연출하는 것을 추천합니다.,환절기 피부 컨디션 변화에 대비해 올인원 로션으로 간편하게 보습을 유지하세요.,사계절이 뚜렷한 곳이라 그런지 여행 기간 내내 온도 변화에 신경 써야 했어요.
tintedlips_diary,아프리카,레소토,온대기후,연수,★★★★★,남성,57,건축가,민감성,18°C (체감),54%,"수분 크림, 선크림, 립밤",가벼운 톤업로션 정도로 자연스럽게 표현하는 메이크업이 잘 어울립니다.,일교차로 예민해지기 쉬운 피부에는 저자극 진정 라인 사용을 권장합니다.,생각보다 자외선이 강해서 선크림을 안 쓰면 금방 붉어졌어요.
hyunwoo_story,아프리카,레소토,온대기후,연수,★☆☆☆☆,여성,24,일러스트레이터,민감성,20°C (체감),57%,"올인원 로션, 선크림, 미스트",저자극 톤업크림 위주로 하고 색조는 최소화하는 것을 권장합니다.,실내 난방·냉방으로 건조해지기 쉬우니 블로팅 페이퍼와 미스트를 함께 챙기세요.,쾌적한 날씨였지만 건조해서 립밤과 수분크림을 자주 발라야 했어요.
dahye_world,아프리카,레소토,온대기후,연수,★★★★☆,남성,31,회사원,민감성,22°C (체감),60%,"저자극 크림, 진정 토너, 수분 마스크팩",가벼운 산뜻한 로션 타입으로 유분이 적은 제품 위주로 사용하세요.,실내외 온도차가 큰 날에는 수분크림을 자주 덧발라 주는 것이 좋습니다.,일교차가 커서 아침저녁으로 피부 컨디션이 완전히 달랐어요. 저자극 크림이 도움이 됐어요.
kyla_world,아프리카,레소토,온대기후,연수,★★★★☆,여성,38,교사,민감성,24°C (체감),63%,"산뜻한 로션, 선크림, 블로팅 페이퍼",촉촉한 선쿠션과 립틴트로 화사한 인상을 연출할 수 있습니다.,일교차가 크므로 수분 크림으로 아침저녁 보습을 꼼꼼히 챙겨주세요.,날씨는 선선했는데 실내 난방 때문에 오히려 피부가 건조하고 번들거렸어요.
freshface99,아프리카,레소토,온대기후,연수,★★★☆☆,남성,45,요리사,민감성,26°C (체감),46%,"수분 크림, 립틴트, 선쿠션",촉촉한 쿠션과 크림 블러셔로 생기 있는 룩을 연출하는 것을 추천합니다.,환절기 피부 컨디션 변화에 대비해 올인원 로션으로 간편하게 보습을 유지하세요.,사계절이 뚜렷한 곳이라 그런지 여행 기간 내내 온도 변화에 신경 써야 했어요.
chaewon_love,아프리카,레소토,온대기후,연수,★★★☆☆,여성,52,자영업,민감성,28°C (체감),49%,"수분 크림, 선크림, 립밤",가벼운 톤업로션 정도로 자연스럽게 표현하는 메이크업이 잘 어울립니다.,일교차로 예민해지기 쉬운 피부에는 저자극 진정 라인 사용을 권장합니다.,생각보다 자외선이 강해서 선크림을 안 쓰면 금방 붉어졌어요.
jina_log,아프리카,레소토,온대기후,연수,★★★★☆,남성,59,여행가이드,민감성,16°C (체감),52%,"올인원 로션, 선크림, 미스트",저자극 톤업크림 위주로 하고 색조는 최소화하는 것을 권장합니다.,실내 난방·냉방으로 건조해지기 쉬우니 블로팅 페이퍼와 미스트를 함께 챙기세요.,쾌적한 날씨였지만 건조해서 립밤과 수분크림을 자주 발라야 했어요.
haeri23,아프리카,레소토,온대기후,연수,★★★★☆,여성,26,작가,민감성,18°C (체감),55%,"저자극 크림, 진정 토너, 수분 마스크팩",가벼운 산뜻한 로션 타입으로 유분이 적은 제품 위주로 사용하세요.,실내외 온도차가 큰 날에는 수분크림을 자주 덧발라 주는 것이 좋습니다.,일교차가 커서 아침저녁으로 피부 컨디션이 완전히 달랐어요. 저자극 크림이 도움이 됐어요.
gina_ing,아프리카,레소토,온대기후,연수,★★★☆☆,남성,33,연구원,민감성,20°C (체감),58%,"산뜻한 로션, 선크림, 블로팅 페이퍼",촉촉한 선쿠션과 립틴트로 화사한 인상을 연출할 수 있습니다.,일교차가 크므로 수분 크림으로 아침저녁 보습을 꼼꼼히 챙겨주세요.,날씨는 선선했는데 실내 난방 때문에 오히려 피부가 건조하고 번들거렸어요.
sunnytraveler_92,아프리카,라이베리아,열대기후,연수,★★★★★,남성,53,공무원,지성,36°C (체감),80%,"저자극 선크림, 진정 스프레이, 수분 시트마스크",색조보다는 톤업 선크림 위주로 산뜻하게 마무리하는 것을 권장합니다.,피지 분비가 많아지는 시기이므로 클레이 마스크로 주 1~2회 관리해 주는 것을 추천합니다.,습도가 정말 높아서 화장이 금방 무너졌어요. 저자극 선크림 없이는 하루도 버티기 힘들었어요.
citywalker_official,아프리카,라이베리아,열대기후,연수,★★★★★,여성,20,회계사,지성,31°C (체감),83%,"가벼운 수분 선크림, 쿠션, 미스트",워터프루프 아이라이너와 마스카라로 땀과 습기에 대비하는 것이 좋습니다.,저녁에 이중세안을 꼭 하고 산뜻한 젤 타입 제품으로 유수분 밸런스를 유지하세요.,생각보다 더 더워서 땀 때문에 끈적임이 심했는데 가벼운 수분 선크림이 정말 큰 도움이 됐습니다.
travelbug_story,아프리카,라이베리아,열대기후,연수,★★☆☆☆,남성,27,수의사,지성,33°C (체감),86%,"워터프루프 아이라이너, 피지 흡수 패드, 쿨링 젤",얇은 베이스에 워터프루프 제품 위주로 메이크업하고 픽싱 스프레이로 마무리하는 것을 추천합니다.,외출 중 블로팅 페이퍼로 피지를 자주 관리하고 쿨링 토너로 진정시켜 주세요.,야외 일정이 많았는데 자외선이 강해서 워터프루프 아이라이너을 자주 덧발라야 했어요.
paul88,아프리카,라이베리아,열대기후,연수,★★☆☆☆,여성,34,영업직,지성,35°C (체감),89%,"워터프루프 선크림, 피지 컨트롤 파우더, 픽싱 미스트",매트한 베이스로 유분과 땀을 컨트롤하며 색조는 최소화하는 것이 좋습니다.,자외선 노출 후에는 진정 스프레이와 수분 시트마스크로 피부를 달래주는 것이 좋습니다.,고온다습한 날씨 탓에 피부 트러블이 갑자기 올라와서 당황했어요.
barefaced_diary,아프리카,라이베리아,열대기후,연수,★★★☆☆,남성,41,대학생,지성,30°C (체감),76%,"매트 선크림, 블로팅 페이퍼, 쿨링 토너",촉촉한 쿠션으로 습기에도 밀리지 않게 가볍게 표현하는 것을 추천합니다.,실내외 온습도 차이가 크므로 미스트로 수시로 수분을 보충해 주세요.,에어컨 실내와 습한 실외를 오가다 보니 피부 컨디션이 계속 오락가락했어요.
luna_note,아프리카,라이베리아,열대기후,연수,★★★★★,여성,48,간호사,지성,32°C (체감),79%,"저자극 선크림, 진정 스프레이, 수분 시트마스크",색조보다는 톤업 선크림 위주로 산뜻하게 마무리하는 것을 권장합니다.,피지 분비가 많아지는 시기이므로 클레이 마스크로 주 1~2회 관리해 주는 것을 추천합니다.,습도가 정말 높아서 화장이 금방 무너졌어요. 저자극 선크림 없이는 하루도 버티기 힘들었어요.
serumfan07,아프리카,라이베리아,열대기후,연수,★★★★★,남성,55,사진작가,지성,34°C (체감),82%,"가벼운 수분 선크림, 쿠션, 미스트",워터프루프 아이라이너와 마스카라로 땀과 습기에 대비하는 것이 좋습니다.,저녁에 이중세안을 꼭 하고 산뜻한 젤 타입 제품으로 유수분 밸런스를 유지하세요.,생각보다 더 더워서 땀 때문에 끈적임이 심했는데 가벼운 수분 선크림이 정말 큰 도움이 됐습니다.
minji_92,아프리카,라이베리아,열대기후,연수,★★★★★,여성,22,엔지니어,지성,36°C (체감),85%,"워터프루프 아이라이너, 피지 흡수 패드, 쿨링 젤",얇은 베이스에 워터프루프 제품 위주로 메이크업하고 픽싱 스프레이로 마무리하는 것을 추천합니다.,외출 중 블로팅 페이퍼로 피지를 자주 관리하고 쿨링 토너로 진정시켜 주세요.,야외 일정이 많았는데 자외선이 강해서 워터프루프 아이라이너을 자주 덧발라야 했어요.
packlight_official,아프리카,라이베리아,열대기후,연수,★★★☆☆,남성,29,약사,지성,31°C (체감),88%,"워터프루프 선크림, 피지 컨트롤 파우더, 픽싱 미스트",매트한 베이스로 유분과 땀을 컨트롤하며 색조는 최소화하는 것이 좋습니다.,자외선 노출 후에는 진정 스프레이와 수분 시트마스크로 피부를 달래주는 것이 좋습니다.,고온다습한 날씨 탓에 피부 트러블이 갑자기 올라와서 당황했어요.
balmaddict_log,아프리카,라이베리아,열대기후,연수,★★★★★,여성,36,트레이너,지성,33°C (체감),75%,"매트 선크림, 블로팅 페이퍼, 쿨링 토너",촉촉한 쿠션으로 습기에도 밀리지 않게 가볍게 표현하는 것을 추천합니다.,실내외 온습도 차이가 크므로 미스트로 수시로 수분을 보충해 주세요.,에어컨 실내와 습한 실외를 오가다 보니 피부 컨디션이 계속 오락가락했어요.
jieun_k,유럽,리히텐슈타인,온대기후,경수,★★★★★,여성,46,사진작가,건성,22°C (체감),47%,"수분 크림, 선크림, 립밤",가벼운 톤업로션 정도로 자연스럽게 표현하는 메이크업이 잘 어울립니다.,일교차로 예민해지기 쉬운 피부에는 저자극 진정 라인 사용을 권장합니다.,생각보다 자외선이 강해서 선크림을 안 쓰면 금방 붉어졌어요.
frostyvibe_diary,유럽,리히텐슈타인,온대기후,경수,★★★★★,남성,53,엔지니어,지성,24°C (체감),50%,"올인원 로션, 선크림, 미스트",저자극 톤업크림 위주로 하고 색조는 최소화하는 것을 권장합니다.,실내 난방·냉방으로 건조해지기 쉬우니 블로팅 페이퍼와 미스트를 함께 챙기세요.,쾌적한 날씨였지만 건조해서 립밤과 수분크림을 자주 발라야 했어요.
rina_official,유럽,리히텐슈타인,온대기후,경수,★★★★☆,여성,20,약사,복합성,26°C (체감),53%,"저자극 크림, 진정 토너, 수분 마스크팩",가벼운 산뜻한 로션 타입으로 유분이 적은 제품 위주로 사용하세요.,실내외 온도차가 큰 날에는 수분크림을 자주 덧발라 주는 것이 좋습니다.,일교차가 커서 아침저녁으로 피부 컨디션이 완전히 달랐어요. 저자극 크림이 도움이 됐어요.
nari_log,유럽,리히텐슈타인,온대기후,경수,★☆☆☆☆,남성,27,트레이너,민감성,28°C (체감),56%,"산뜻한 로션, 선크림, 블로팅 페이퍼",촉촉한 선쿠션과 립틴트로 화사한 인상을 연출할 수 있습니다.,일교차가 크므로 수분 크림으로 아침저녁 보습을 꼼꼼히 챙겨주세요.,날씨는 선선했는데 실내 난방 때문에 오히려 피부가 건조하고 번들거렸어요.
hyunwoo88,유럽,리히텐슈타인,온대기후,경수,★★★★★,여성,34,건축가,건성,16°C (체감),59%,"수분 크림, 립틴트, 선쿠션",촉촉한 쿠션과 크림 블러셔로 생기 있는 룩을 연출하는 것을 추천합니다.,환절기 피부 컨디션 변화에 대비해 올인원 로션으로 간편하게 보습을 유지하세요.,사계절이 뚜렷한 곳이라 그런지 여행 기간 내내 온도 변화에 신경 써야 했어요.
yoona_92,유럽,리히텐슈타인,온대기후,경수,★★★★★,남성,41,일러스트레이터,지성,18°C (체감),62%,"수분 크림, 선크림, 립밤",가벼운 톤업로션 정도로 자연스럽게 표현하는 메이크업이 잘 어울립니다.,일교차로 예민해지기 쉬운 피부에는 저자극 진정 라인 사용을 권장합니다.,생각보다 자외선이 강해서 선크림을 안 쓰면 금방 붉어졌어요.
jiho_story,유럽,리히텐슈타인,온대기후,경수,★★★★★,여성,48,회사원,복합성,20°C (체감),45%,"올인원 로션, 선크림, 미스트",저자극 톤업크림 위주로 하고 색조는 최소화하는 것을 권장합니다.,실내 난방·냉방으로 건조해지기 쉬우니 블로팅 페이퍼와 미스트를 함께 챙기세요.,쾌적한 날씨였지만 건조해서 립밤과 수분크림을 자주 발라야 했어요.
jetsetter23,유럽,리히텐슈타인,온대기후,경수,★★★☆☆,남성,55,교사,민감성,22°C (체감),48%,"저자극 크림, 진정 토너, 수분 마스크팩",가벼운 산뜻한 로션 타입으로 유분이 적은 제품 위주로 사용하세요.,실내외 온도차가 큰 날에는 수분크림을 자주 덧발라 주는 것이 좋습니다.,일교차가 커서 아침저녁으로 피부 컨디션이 완전히 달랐어요. 저자극 크림이 도움이 됐어요.
dewyskin_ing,유럽,리히텐슈타인,온대기후,경수,★★★★☆,여성,22,요리사,건성,24°C (체감),51%,"산뜻한 로션, 선크림, 블로팅 페이퍼",촉촉한 선쿠션과 립틴트로 화사한 인상을 연출할 수 있습니다.,일교차가 크므로 수분 크림으로 아침저녁 보습을 꼼꼼히 챙겨주세요.,날씨는 선선했는데 실내 난방 때문에 오히려 피부가 건조하고 번들거렸어요.
hydrated07,유럽,리히텐슈타인,온대기후,경수,★★★★★,남성,29,자영업,지성,26°C (체감),54%,"수분 크림, 립틴트, 선쿠션",촉촉한 쿠션과 크림 블러셔로 생기 있는 룩을 연출하는 것을 추천합니다.,환절기 피부 컨디션 변화에 대비해 올인원 로션으로 간편하게 보습을 유지하세요.,사계절이 뚜렷한 곳이라 그런지 여행 기간 내내 온도 변화에 신경 써야 했어요.
quinn_life,유럽,룩셈부르크,온대기후,경수,★★★☆☆,남성,51,일러스트레이터,복합성,21°C (체감),52%,"수분 크림, 선크림, 립밤",가벼운 톤업로션 정도로 자연스럽게 표현하는 메이크업이 잘 어울립니다.,일교차로 예민해지기 쉬운 피부에는 저자극 진정 라인 사용을 권장합니다.,생각보다 자외선이 강해서 선크림을 안 쓰면 금방 붉어졌어요.
dryskin_world,유럽,룩셈부르크,온대기후,경수,★★☆☆☆,여성,58,회사원,민감성,23°C (체감),55%,"올인원 로션, 선크림, 미스트",저자극 톤업크림 위주로 하고 색조는 최소화하는 것을 권장합니다.,실내 난방·냉방으로 건조해지기 쉬우니 블로팅 페이퍼와 미스트를 함께 챙기세요.,쾌적한 날씨였지만 건조해서 립밤과 수분크림을 자주 발라야 했어요.
seojun_daily,유럽,룩셈부르크,온대기후,경수,★★★★★,남성,25,교사,건성,25°C (체감),58%,"저자극 크림, 진정 토너, 수분 마스크팩",가벼운 산뜻한 로션 타입으로 유분이 적은 제품 위주로 사용하세요.,실내외 온도차가 큰 날에는 수분크림을 자주 덧발라 주는 것이 좋습니다.,일교차가 커서 아침저녁으로 피부 컨디션이 완전히 달랐어요. 저자극 크림이 도움이 됐어요.
sensitiveskin_92,유럽,룩셈부르크,온대기후,경수,★★★★★,여성,32,요리사,지성,27°C (체감),61%,"산뜻한 로션, 선크림, 블로팅 페이퍼",촉촉한 선쿠션과 립틴트로 화사한 인상을 연출할 수 있습니다.,일교차가 크므로 수분 크림으로 아침저녁 보습을 꼼꼼히 챙겨주세요.,날씨는 선선했는데 실내 난방 때문에 오히려 피부가 건조하고 번들거렸어요.
humidmood_vibe,유럽,룩셈부르크,온대기후,경수,★★★★☆,남성,39,자영업,복합성,15°C (체감),64%,"수분 크림, 립틴트, 선쿠션",촉촉한 쿠션과 크림 블러셔로 생기 있는 룩을 연출하는 것을 추천합니다.,환절기 피부 컨디션 변화에 대비해 올인원 로션으로 간편하게 보습을 유지하세요.,사계절이 뚜렷한 곳이라 그런지 여행 기간 내내 온도 변화에 신경 써야 했어요.
seoyeon01,유럽,룩셈부르크,온대기후,경수,★★☆☆☆,여성,46,여행가이드,민감성,17°C (체감),47%,"수분 크림, 선크림, 립밤",가벼운 톤업로션 정도로 자연스럽게 표현하는 메이크업이 잘 어울립니다.,일교차로 예민해지기 쉬운 피부에는 저자극 진정 라인 사용을 권장합니다.,생각보다 자외선이 강해서 선크림을 안 쓰면 금방 붉어졌어요.
suji_diary,유럽,룩셈부르크,온대기후,경수,★★★★★,남성,53,작가,건성,19°C (체감),50%,"올인원 로션, 선크림, 미스트",저자극 톤업크림 위주로 하고 색조는 최소화하는 것을 권장합니다.,실내 난방·냉방으로 건조해지기 쉬우니 블로팅 페이퍼와 미스트를 함께 챙기세요.,쾌적한 날씨였지만 건조해서 립밤과 수분크림을 자주 발라야 했어요.
subin_92,유럽,룩셈부르크,온대기후,경수,★★★★★,여성,20,연구원,지성,21°C (체감),53%,"저자극 크림, 진정 토너, 수분 마스크팩",가벼운 산뜻한 로션 타입으로 유분이 적은 제품 위주로 사용하세요.,실내외 온도차가 큰 날에는 수분크림을 자주 덧발라 주는 것이 좋습니다.,일교차가 커서 아침저녁으로 피부 컨디션이 완전히 달랐어요. 저자극 크림이 도움이 됐어요.
dryskin_diary,유럽,룩셈부르크,온대기후,경수,★★★★☆,남성,27,바리스타,복합성,23°C (체감),56%,"산뜻한 로션, 선크림, 블로팅 페이퍼",촉촉한 선쿠션과 립틴트로 화사한 인상을 연출할 수 있습니다.,일교차가 크므로 수분 크림으로 아침저녁 보습을 꼼꼼히 챙겨주세요.,날씨는 선선했는데 실내 난방 때문에 오히려 피부가 건조하고 번들거렸어요.
skinfirst01,유럽,룩셈부르크,온대기후,경수,★★★☆☆,여성,34,프로그래머,민감성,25°C (체감),59%,"수분 크림, 립틴트, 선쿠션",촉촉한 쿠션과 크림 블러셔로 생기 있는 룩을 연출하는 것을 추천합니다.,환절기 피부 컨디션 변화에 대비해 올인원 로션으로 간편하게 보습을 유지하세요.,사계절이 뚜렷한 곳이라 그런지 여행 기간 내내 온도 변화에 신경 써야 했어요.
glowygirl_ing,아프리카,마다가스카르,열대기후,연수,★★★★☆,여성,32,연구원,건성,35°C (체감),75%,"매트 선크림, 블로팅 페이퍼, 쿨링 토너",촉촉한 쿠션으로 습기에도 밀리지 않게 가볍게 표현하는 것을 추천합니다.,실내외 온습도 차이가 크므로 미스트로 수시로 수분을 보충해 주세요.,에어컨 실내와 습한 실외를 오가다 보니 피부 컨디션이 계속 오락가락했어요.
jiwoo_official,아프리카,마다가스카르,열대기후,연수,★★★★★,남성,39,바리스타,건성,30°C (체감),78%,"저자극 선크림, 진정 스프레이, 수분 시트마스크",색조보다는 톤업 선크림 위주로 산뜻하게 마무리하는 것을 권장합니다.,피지 분비가 많아지는 시기이므로 클레이 마스크로 주 1~2회 관리해 주는 것을 추천합니다.,습도가 정말 높아서 화장이 금방 무너졌어요. 저자극 선크림 없이는 하루도 버티기 힘들었어요.
minjun_diary,아프리카,마다가스카르,열대기후,연수,★★★★☆,여성,46,프로그래머,건성,32°C (체감),81%,"가벼운 수분 선크림, 쿠션, 미스트",워터프루프 아이라이너와 마스카라로 땀과 습기에 대비하는 것이 좋습니다.,저녁에 이중세안을 꼭 하고 산뜻한 젤 타입 제품으로 유수분 밸런스를 유지하세요.,생각보다 더 더워서 땀 때문에 끈적임이 심했는데 가벼운 수분 선크림이 정말 큰 도움이 됐습니다.
rina_92,아프리카,마다가스카르,열대기후,연수,★★★★★,남성,53,프리랜서,건성,34°C (체감),84%,"워터프루프 아이라이너, 피지 흡수 패드, 쿨링 젤",얇은 베이스에 워터프루프 제품 위주로 메이크업하고 픽싱 스프레이로 마무리하는 것을 추천합니다.,외출 중 블로팅 페이퍼로 피지를 자주 관리하고 쿨링 토너로 진정시켜 주세요.,야외 일정이 많았는데 자외선이 강해서 워터프루프 아이라이너을 자주 덧발라야 했어요.
frostyvibe_zone,아프리카,마다가스카르,열대기후,연수,★★★★★,여성,20,디자이너,건성,36°C (체감),87%,"워터프루프 선크림, 피지 컨트롤 파우더, 픽싱 미스트",매트한 베이스로 유분과 땀을 컨트롤하며 색조는 최소화하는 것이 좋습니다.,자외선 노출 후에는 진정 스프레이와 수분 시트마스크로 피부를 달래주는 것이 좋습니다.,고온다습한 날씨 탓에 피부 트러블이 갑자기 올라와서 당황했어요.
yerim_ing,아프리카,마다가스카르,열대기후,연수,★★★★★,남성,27,승무원,건성,31°C (체감),90%,"매트 선크림, 블로팅 페이퍼, 쿨링 토너",촉촉한 쿠션으로 습기에도 밀리지 않게 가볍게 표현하는 것을 추천합니다.,실내외 온습도 차이가 크므로 미스트로 수시로 수분을 보충해 주세요.,에어컨 실내와 습한 실외를 오가다 보니 피부 컨디션이 계속 오락가락했어요.
combiskin_daily,아프리카,마다가스카르,열대기후,연수,★★☆☆☆,여성,34,마케터,건성,33°C (체감),77%,"저자극 선크림, 진정 스프레이, 수분 시트마스크",색조보다는 톤업 선크림 위주로 산뜻하게 마무리하는 것을 권장합니다.,피지 분비가 많아지는 시기이므로 클레이 마스크로 주 1~2회 관리해 주는 것을 추천합니다.,습도가 정말 높아서 화장이 금방 무너졌어요. 저자극 선크림 없이는 하루도 버티기 힘들었어요.
dryskin99,아프리카,마다가스카르,열대기후,연수,★★★★★,남성,41,공무원,건성,35°C (체감),80%,"가벼운 수분 선크림, 쿠션, 미스트",워터프루프 아이라이너와 마스카라로 땀과 습기에 대비하는 것이 좋습니다.,저녁에 이중세안을 꼭 하고 산뜻한 젤 타입 제품으로 유수분 밸런스를 유지하세요.,생각보다 더 더워서 땀 때문에 끈적임이 심했는데 가벼운 수분 선크림이 정말 큰 도움이 됐습니다.
sunkissed_note,아프리카,마다가스카르,열대기후,연수,★★★★☆,여성,48,회계사,건성,30°C (체감),83%,"워터프루프 아이라이너, 피지 흡수 패드, 쿨링 젤",얇은 베이스에 워터프루프 제품 위주로 메이크업하고 픽싱 스프레이로 마무리하는 것을 추천합니다.,외출 중 블로팅 페이퍼로 피지를 자주 관리하고 쿨링 토너로 진정시켜 주세요.,야외 일정이 많았는데 자외선이 강해서 워터프루프 아이라이너을 자주 덧발라야 했어요.
eunwoo_world,아프리카,마다가스카르,열대기후,연수,★★★☆☆,남성,55,수의사,건성,32°C (체감),86%,"워터프루프 선크림, 피지 컨트롤 파우더, 픽싱 미스트",매트한 베이스로 유분과 땀을 컨트롤하며 색조는 최소화하는 것이 좋습니다.,자외선 노출 후에는 진정 스프레이와 수분 시트마스크로 피부를 달래주는 것이 좋습니다.,고온다습한 날씨 탓에 피부 트러블이 갑자기 올라와서 당황했어요.
nayeon_world,아프리카,말라위,열대기후,연수,★★★★★,여성,58,자영업,지성,33°C (체감),77%,"저자극 선크림, 진정 스프레이, 수분 시트마스크",색조보다는 톤업 선크림 위주로 산뜻하게 마무리하는 것을 권장합니다.,피지 분비가 많아지는 시기이므로 클레이 마스크로 주 1~2회 관리해 주는 것을 추천합니다.,습도가 정말 높아서 화장이 금방 무너졌어요. 저자극 선크림 없이는 하루도 버티기 힘들었어요.
dailyglow_diary,아프리카,말라위,열대기후,연수,★★★★☆,남성,25,여행가이드,지성,35°C (체감),80%,"가벼운 수분 선크림, 쿠션, 미스트",워터프루프 아이라이너와 마스카라로 땀과 습기에 대비하는 것이 좋습니다.,저녁에 이중세안을 꼭 하고 산뜻한 젤 타입 제품으로 유수분 밸런스를 유지하세요.,생각보다 더 더워서 땀 때문에 끈적임이 심했는데 가벼운 수분 선크림이 정말 큰 도움이 됐습니다.
jiho99,아프리카,말라위,열대기후,연수,★★★☆☆,여성,32,작가,지성,30°C (체감),83%,"워터프루프 아이라이너, 피지 흡수 패드, 쿨링 젤",얇은 베이스에 워터프루프 제품 위주로 메이크업하고 픽싱 스프레이로 마무리하는 것을 추천합니다.,외출 중 블로팅 페이퍼로 피지를 자주 관리하고 쿨링 토너로 진정시켜 주세요.,야외 일정이 많았는데 자외선이 강해서 워터프루프 아이라이너을 자주 덧발라야 했어요.
seojun_world,아프리카,말라위,열대기후,연수,★★★★☆,남성,39,연구원,지성,32°C (체감),86%,"워터프루프 선크림, 피지 컨트롤 파우더, 픽싱 미스트",매트한 베이스로 유분과 땀을 컨트롤하며 색조는 최소화하는 것이 좋습니다.,자외선 노출 후에는 진정 스프레이와 수분 시트마스크로 피부를 달래주는 것이 좋습니다.,고온다습한 날씨 탓에 피부 트러블이 갑자기 올라와서 당황했어요.
jina_life,아프리카,말라위,열대기후,연수,★★★★★,여성,46,바리스타,지성,34°C (체감),89%,"매트 선크림, 블로팅 페이퍼, 쿨링 토너",촉촉한 쿠션으로 습기에도 밀리지 않게 가볍게 표현하는 것을 추천합니다.,실내외 온습도 차이가 크므로 미스트로 수시로 수분을 보충해 주세요.,에어컨 실내와 습한 실외를 오가다 보니 피부 컨디션이 계속 오락가락했어요.
dohyun99,아프리카,말라위,열대기후,연수,★★★★☆,남성,53,프로그래머,지성,36°C (체감),76%,"저자극 선크림, 진정 스프레이, 수분 시트마스크",색조보다는 톤업 선크림 위주로 산뜻하게 마무리하는 것을 권장합니다.,피지 분비가 많아지는 시기이므로 클레이 마스크로 주 1~2회 관리해 주는 것을 추천합니다.,습도가 정말 높아서 화장이 금방 무너졌어요. 저자극 선크림 없이는 하루도 버티기 힘들었어요.
daon_k,아프리카,말라위,열대기후,연수,★☆☆☆☆,여성,20,프리랜서,지성,31°C (체감),79%,"가벼운 수분 선크림, 쿠션, 미스트",워터프루프 아이라이너와 마스카라로 땀과 습기에 대비하는 것이 좋습니다.,저녁에 이중세안을 꼭 하고 산뜻한 젤 타입 제품으로 유수분 밸런스를 유지하세요.,생각보다 더 더워서 땀 때문에 끈적임이 심했는데 가벼운 수분 선크림이 정말 큰 도움이 됐습니다.
yoonseo_log,아프리카,말라위,열대기후,연수,★★★☆☆,남성,27,디자이너,지성,33°C (체감),82%,"워터프루프 아이라이너, 피지 흡수 패드, 쿨링 젤",얇은 베이스에 워터프루프 제품 위주로 메이크업하고 픽싱 스프레이로 마무리하는 것을 추천합니다.,외출 중 블로팅 페이퍼로 피지를 자주 관리하고 쿨링 토너로 진정시켜 주세요.,야외 일정이 많았는데 자외선이 강해서 워터프루프 아이라이너을 자주 덧발라야 했어요.
taeyang_daily,아프리카,말라위,열대기후,연수,★☆☆☆☆,여성,34,승무원,지성,35°C (체감),85%,"워터프루프 선크림, 피지 컨트롤 파우더, 픽싱 미스트",매트한 베이스로 유분과 땀을 컨트롤하며 색조는 최소화하는 것이 좋습니다.,자외선 노출 후에는 진정 스프레이와 수분 시트마스크로 피부를 달래주는 것이 좋습니다.,고온다습한 날씨 탓에 피부 트러블이 갑자기 올라와서 당황했어요.
yerin_mode,아프리카,말라위,열대기후,연수,★★★★★,남성,41,마케터,지성,30°C (체감),88%,"매트 선크림, 블로팅 페이퍼, 쿨링 토너",촉촉한 쿠션으로 습기에도 밀리지 않게 가볍게 표현하는 것을 추천합니다.,실내외 온습도 차이가 크므로 미스트로 수시로 수분을 보충해 주세요.,에어컨 실내와 습한 실외를 오가다 보니 피부 컨디션이 계속 오락가락했어요.
suncareguru_zone,아프리카,말리,건조기후,경수,★★★★★,여성,58,간호사,지성,37°C (체감),29%,"수분 로션, 선크림, 핸드크림",고보습 베이스 제품으로 들뜸 없이 매끈한 피부 표현이 가능합니다.,입술과 손이 트기 쉬우므로 립밤과 핸드크림을 항상 휴대하는 것이 좋습니다.,낮은 습도 때문에 피부가 계속 당기고 화장이 들떴어요. 수분 로션이 필수였습니다.
mistyday_log,아프리카,말리,건조기후,경수,★★★★☆,남성,25,사진작가,지성,39°C (체감),32%,"고SPF 선크림, 쿨링 미스트, 립밤",립 제품은 보습 밤 타입을 선택해 건조함으로 인한 각질을 예방하세요.,건조한 기후이므로 미스트를 수시로 뿌려 수분을 보충하는 것이 중요합니다.,일교차가 커서 낮에는 덥고 밤에는 쌀쌀해 피부가 예민해졌어요.
freshface_story,아프리카,말리,건조기후,경수,★★★★★,여성,32,엔지니어,지성,41°C (체감),15%,"수분 크림, 선쿠션, 진정 스프레이",촉촉한 베이스에 크림 타입 블러셔로 생기를 더하는 메이크업을 추천합니다.,강한 햇빛 대비 SPF 높은 제품을 사용하고 쿨링 미스트로 열감을 진정시켜 주세요.,건조한 바람 때문에 입술과 볼이 자주 텄어요. 수분 크림 없이는 힘들었을 것 같아요.
calmnface_diary,아프리카,말리,건조기후,경수,★☆☆☆☆,남성,39,약사,지성,29°C (체감),18%,"고보습 선크림, 미스트, 영양 크림",메이크업은 최소화하고 톤업 선크림으로 자연스럽게 마무리하는 것을 권장합니다.,자외선 노출 후 진정 젤로 쿨다운하고 세럼으로 수분을 채워주는 것을 추천합니다.,햇빛이 강렬해서 선크림을 2~3시간마다 덧발라야 했어요.
taeyang_92,아프리카,말리,건조기후,경수,★★★★★,여성,46,트레이너,지성,31°C (체감),21%,"저자극 선크림, 진정 젤, 수분 세럼",가벼운 수분 쿠션으로 건조함을 커버하며 자연스러운 룩을 연출하세요.,낮은 습도로 인한 수분 손실을 막기 위해 고보습 크림을 겹겹이 발라주세요.,사막성 기후라 그런지 평소보다 피부가 훨씬 건조해지는 걸 느꼈어요.
yerin_love,아프리카,말리,건조기후,경수,★★★★☆,남성,53,건축가,지성,33°C (체감),24%,"수분 로션, 선크림, 핸드크림",고보습 베이스 제품으로 들뜸 없이 매끈한 피부 표현이 가능합니다.,입술과 손이 트기 쉬우므로 립밤과 핸드크림을 항상 휴대하는 것이 좋습니다.,낮은 습도 때문에 피부가 계속 당기고 화장이 들떴어요. 수분 로션이 필수였습니다.
soojin_vibe,아프리카,말리,건조기후,경수,★★☆☆☆,여성,20,일러스트레이터,지성,35°C (체감),27%,"고SPF 선크림, 쿨링 미스트, 립밤",립 제품은 보습 밤 타입을 선택해 건조함으로 인한 각질을 예방하세요.,건조한 기후이므로 미스트를 수시로 뿌려 수분을 보충하는 것이 중요합니다.,일교차가 커서 낮에는 덥고 밤에는 쌀쌀해 피부가 예민해졌어요.
seungmin99,아프리카,말리,건조기후,경수,★★★★☆,남성,27,회사원,지성,37°C (체감),30%,"수분 크림, 선쿠션, 진정 스프레이",촉촉한 베이스에 크림 타입 블러셔로 생기를 더하는 메이크업을 추천합니다.,강한 햇빛 대비 SPF 높은 제품을 사용하고 쿨링 미스트로 열감을 진정시켜 주세요.,건조한 바람 때문에 입술과 볼이 자주 텄어요. 수분 크림 없이는 힘들었을 것 같아요.
wanderlust_love,아프리카,말리,건조기후,경수,★★★☆☆,여성,34,교사,지성,39°C (체감),33%,"고보습 선크림, 미스트, 영양 크림",메이크업은 최소화하고 톤업 선크림으로 자연스럽게 마무리하는 것을 권장합니다.,자외선 노출 후 진정 젤로 쿨다운하고 세럼으로 수분을 채워주는 것을 추천합니다.,햇빛이 강렬해서 선크림을 2~3시간마다 덧발라야 했어요.
sensitiveskin88,아프리카,말리,건조기후,경수,★★★★★,남성,41,요리사,지성,41°C (체감),16%,"저자극 선크림, 진정 젤, 수분 세럼",가벼운 수분 쿠션으로 건조함을 커버하며 자연스러운 룩을 연출하세요.,낮은 습도로 인한 수분 손실을 막기 위해 고보습 크림을 겹겹이 발라주세요.,사막성 기후라 그런지 평소보다 피부가 훨씬 건조해지는 걸 느꼈어요.
seungmin_story,오세아니아,마셜제도,열대기후,연수,★★★★☆,여성,42,약사,건성,30°C (체감),77%,"매트 선크림, 블로팅 페이퍼, 쿨링 토너",촉촉한 쿠션으로 습기에도 밀리지 않게 가볍게 표현하는 것을 추천합니다.,실내외 온습도 차이가 크므로 미스트로 수시로 수분을 보충해 주세요.,에어컨 실내와 습한 실외를 오가다 보니 피부 컨디션이 계속 오락가락했어요.
globetrotter_vibe,오세아니아,마셜제도,열대기후,연수,★★★☆☆,남성,49,트레이너,건성,32°C (체감),80%,"저자극 선크림, 진정 스프레이, 수분 시트마스크",색조보다는 톤업 선크림 위주로 산뜻하게 마무리하는 것을 권장합니다.,피지 분비가 많아지는 시기이므로 클레이 마스크로 주 1~2회 관리해 주는 것을 추천합니다.,습도가 정말 높아서 화장이 금방 무너졌어요. 저자극 선크림 없이는 하루도 버티기 힘들었어요.
somin_vibe,오세아니아,마셜제도,열대기후,연수,★★★★☆,여성,56,건축가,건성,34°C (체감),83%,"가벼운 수분 선크림, 쿠션, 미스트",워터프루프 아이라이너와 마스카라로 땀과 습기에 대비하는 것이 좋습니다.,저녁에 이중세안을 꼭 하고 산뜻한 젤 타입 제품으로 유수분 밸런스를 유지하세요.,생각보다 더 더워서 땀 때문에 끈적임이 심했는데 가벼운 수분 선크림이 정말 큰 도움이 됐습니다.
desertrose_k,오세아니아,마셜제도,열대기후,연수,★★★★★,남성,23,일러스트레이터,건성,36°C (체감),86%,"워터프루프 아이라이너, 피지 흡수 패드, 쿨링 젤",얇은 베이스에 워터프루프 제품 위주로 메이크업하고 픽싱 스프레이로 마무리하는 것을 추천합니다.,외출 중 블로팅 페이퍼로 피지를 자주 관리하고 쿨링 토너로 진정시켜 주세요.,야외 일정이 많았는데 자외선이 강해서 워터프루프 아이라이너을 자주 덧발라야 했어요.
coolbreeze23,오세아니아,마셜제도,열대기후,연수,★★☆☆☆,여성,30,회사원,건성,31°C (체감),89%,"워터프루프 선크림, 피지 컨트롤 파우더, 픽싱 미스트",매트한 베이스로 유분과 땀을 컨트롤하며 색조는 최소화하는 것이 좋습니다.,자외선 노출 후에는 진정 스프레이와 수분 시트마스크로 피부를 달래주는 것이 좋습니다.,고온다습한 날씨 탓에 피부 트러블이 갑자기 올라와서 당황했어요.
urbanexplorer_92,오세아니아,마셜제도,열대기후,연수,★★★★☆,남성,37,교사,건성,33°C (체감),76%,"매트 선크림, 블로팅 페이퍼, 쿨링 토너",촉촉한 쿠션으로 습기에도 밀리지 않게 가볍게 표현하는 것을 추천합니다.,실내외 온습도 차이가 크므로 미스트로 수시로 수분을 보충해 주세요.,에어컨 실내와 습한 실외를 오가다 보니 피부 컨디션이 계속 오락가락했어요.
bomi23,오세아니아,마셜제도,열대기후,연수,★★☆☆☆,여성,44,요리사,건성,35°C (체감),79%,"저자극 선크림, 진정 스프레이, 수분 시트마스크",색조보다는 톤업 선크림 위주로 산뜻하게 마무리하는 것을 권장합니다.,피지 분비가 많아지는 시기이므로 클레이 마스크로 주 1~2회 관리해 주는 것을 추천합니다.,습도가 정말 높아서 화장이 금방 무너졌어요. 저자극 선크림 없이는 하루도 버티기 힘들었어요.
dryskin_love,오세아니아,마셜제도,열대기후,연수,★★★★★,남성,51,자영업,건성,30°C (체감),82%,"가벼운 수분 선크림, 쿠션, 미스트",워터프루프 아이라이너와 마스카라로 땀과 습기에 대비하는 것이 좋습니다.,저녁에 이중세안을 꼭 하고 산뜻한 젤 타입 제품으로 유수분 밸런스를 유지하세요.,생각보다 더 더워서 땀 때문에 끈적임이 심했는데 가벼운 수분 선크림이 정말 큰 도움이 됐습니다.
nayeon_diary,오세아니아,마셜제도,열대기후,연수,★★★☆☆,여성,58,여행가이드,건성,32°C (체감),85%,"워터프루프 아이라이너, 피지 흡수 패드, 쿨링 젤",얇은 베이스에 워터프루프 제품 위주로 메이크업하고 픽싱 스프레이로 마무리하는 것을 추천합니다.,외출 중 블로팅 페이퍼로 피지를 자주 관리하고 쿨링 토너로 진정시켜 주세요.,야외 일정이 많았는데 자외선이 강해서 워터프루프 아이라이너을 자주 덧발라야 했어요.
citywalker_diary,오세아니아,마셜제도,열대기후,연수,★★★★★,남성,25,작가,건성,34°C (체감),88%,"워터프루프 선크림, 피지 컨트롤 파우더, 픽싱 미스트",매트한 베이스로 유분과 땀을 컨트롤하며 색조는 최소화하는 것이 좋습니다.,자외선 노출 후에는 진정 스프레이와 수분 시트마스크로 피부를 달래주는 것이 좋습니다.,고온다습한 날씨 탓에 피부 트러블이 갑자기 올라와서 당황했어요.
nari_note,아프리카,모리타니,건조기후,경수,★★★☆☆,남성,23,건축가,지성,28°C (체감),34%,"수분 로션, 선크림, 핸드크림",고보습 베이스 제품으로 들뜸 없이 매끈한 피부 표현이 가능합니다.,입술과 손이 트기 쉬우므로 립밤과 핸드크림을 항상 휴대하는 것이 좋습니다.,낮은 습도 때문에 피부가 계속 당기고 화장이 들떴어요. 수분 로션이 필수였습니다.
wanderlust_vibe,아프리카,모리타니,건조기후,경수,★☆☆☆☆,여성,30,일러스트레이터,지성,30°C (체감),17%,"고SPF 선크림, 쿨링 미스트, 립밤",립 제품은 보습 밤 타입을 선택해 건조함으로 인한 각질을 예방하세요.,건조한 기후이므로 미스트를 수시로 뿌려 수분을 보충하는 것이 중요합니다.,일교차가 커서 낮에는 덥고 밤에는 쌀쌀해 피부가 예민해졌어요.
jetsetter88,아프리카,모리타니,건조기후,경수,★★★★☆,남성,37,회사원,지성,32°C (체감),20%,"수분 크림, 선쿠션, 진정 스프레이",촉촉한 베이스에 크림 타입 블러셔로 생기를 더하는 메이크업을 추천합니다.,강한 햇빛 대비 SPF 높은 제품을 사용하고 쿨링 미스트로 열감을 진정시켜 주세요.,건조한 바람 때문에 입술과 볼이 자주 텄어요. 수분 크림 없이는 힘들었을 것 같아요.
chorong_vibe,아프리카,모리타니,건조기후,경수,★★★★☆,여성,44,교사,지성,34°C (체감),23%,"고보습 선크림, 미스트, 영양 크림",메이크업은 최소화하고 톤업 선크림으로 자연스럽게 마무리하는 것을 권장합니다.,자외선 노출 후 진정 젤로 쿨다운하고 세럼으로 수분을 채워주는 것을 추천합니다.,햇빛이 강렬해서 선크림을 2~3시간마다 덧발라야 했어요.
globetrotter88,아프리카,모리타니,건조기후,경수,★☆☆☆☆,남성,51,요리사,지성,36°C (체감),26%,"저자극 선크림, 진정 젤, 수분 세럼",가벼운 수분 쿠션으로 건조함을 커버하며 자연스러운 룩을 연출하세요.,낮은 습도로 인한 수분 손실을 막기 위해 고보습 크림을 겹겹이 발라주세요.,사막성 기후라 그런지 평소보다 피부가 훨씬 건조해지는 걸 느꼈어요.
yoonseo_note,아프리카,모리타니,건조기후,경수,★☆☆☆☆,여성,58,자영업,지성,38°C (체감),29%,"수분 로션, 선크림, 핸드크림",고보습 베이스 제품으로 들뜸 없이 매끈한 피부 표현이 가능합니다.,입술과 손이 트기 쉬우므로 립밤과 핸드크림을 항상 휴대하는 것이 좋습니다.,낮은 습도 때문에 피부가 계속 당기고 화장이 들떴어요. 수분 로션이 필수였습니다.
sunnytraveler_official,아프리카,모리타니,건조기후,경수,★★★☆☆,남성,25,여행가이드,지성,40°C (체감),32%,"고SPF 선크림, 쿨링 미스트, 립밤",립 제품은 보습 밤 타입을 선택해 건조함으로 인한 각질을 예방하세요.,건조한 기후이므로 미스트를 수시로 뿌려 수분을 보충하는 것이 중요합니다.,일교차가 커서 낮에는 덥고 밤에는 쌀쌀해 피부가 예민해졌어요.
mattefinish_story,아프리카,모리타니,건조기후,경수,★★★★★,여성,32,작가,지성,28°C (체감),15%,"수분 크림, 선쿠션, 진정 스프레이",촉촉한 베이스에 크림 타입 블러셔로 생기를 더하는 메이크업을 추천합니다.,강한 햇빛 대비 SPF 높은 제품을 사용하고 쿨링 미스트로 열감을 진정시켜 주세요.,건조한 바람 때문에 입술과 볼이 자주 텄어요. 수분 크림 없이는 힘들었을 것 같아요.
desertrose23,아프리카,모리타니,건조기후,경수,★★★★★,남성,39,연구원,지성,30°C (체감),18%,"고보습 선크림, 미스트, 영양 크림",메이크업은 최소화하고 톤업 선크림으로 자연스럽게 마무리하는 것을 권장합니다.,자외선 노출 후 진정 젤로 쿨다운하고 세럼으로 수분을 채워주는 것을 추천합니다.,햇빛이 강렬해서 선크림을 2~3시간마다 덧발라야 했어요.
eunji_story,아프리카,모리타니,건조기후,경수,★★★★☆,여성,46,바리스타,지성,32°C (체감),21%,"저자극 선크림, 진정 젤, 수분 세럼",가벼운 수분 쿠션으로 건조함을 커버하며 자연스러운 룩을 연출하세요.,낮은 습도로 인한 수분 손실을 막기 위해 고보습 크림을 겹겹이 발라주세요.,사막성 기후라 그런지 평소보다 피부가 훨씬 건조해지는 걸 느꼈어요.
eunwoo07,아프리카,모리셔스,열대기후,연수,★★★★★,여성,32,약사,건성,32°C (체감),83%,"매트 선크림, 블로팅 페이퍼, 쿨링 토너",촉촉한 쿠션으로 습기에도 밀리지 않게 가볍게 표현하는 것을 추천합니다.,실내외 온습도 차이가 크므로 미스트로 수시로 수분을 보충해 주세요.,에어컨 실내와 습한 실외를 오가다 보니 피부 컨디션이 계속 오락가락했어요.
islandhopper_k,아프리카,모리셔스,열대기후,연수,★★★★★,남성,39,트레이너,건성,34°C (체감),86%,"저자극 선크림, 진정 스프레이, 수분 시트마스크",색조보다는 톤업 선크림 위주로 산뜻하게 마무리하는 것을 권장합니다.,피지 분비가 많아지는 시기이므로 클레이 마스크로 주 1~2회 관리해 주는 것을 추천합니다.,습도가 정말 높아서 화장이 금방 무너졌어요. 저자극 선크림 없이는 하루도 버티기 힘들었어요.
skinfirst_story,아프리카,모리셔스,열대기후,연수,★★★★☆,여성,46,건축가,건성,36°C (체감),89%,"가벼운 수분 선크림, 쿠션, 미스트",워터프루프 아이라이너와 마스카라로 땀과 습기에 대비하는 것이 좋습니다.,저녁에 이중세안을 꼭 하고 산뜻한 젤 타입 제품으로 유수분 밸런스를 유지하세요.,생각보다 더 더워서 땀 때문에 끈적임이 심했는데 가벼운 수분 선크림이 정말 큰 도움이 됐습니다.
passportready_92,아프리카,모리셔스,열대기후,연수,★★☆☆☆,남성,53,일러스트레이터,건성,31°C (체감),76%,"워터프루프 아이라이너, 피지 흡수 패드, 쿨링 젤",얇은 베이스에 워터프루프 제품 위주로 메이크업하고 픽싱 스프레이로 마무리하는 것을 추천합니다.,외출 중 블로팅 페이퍼로 피지를 자주 관리하고 쿨링 토너로 진정시켜 주세요.,야외 일정이 많았는데 자외선이 강해서 워터프루프 아이라이너을 자주 덧발라야 했어요.
paul_story,아프리카,모리셔스,열대기후,연수,★★★★★,여성,20,회사원,건성,33°C (체감),79%,"워터프루프 선크림, 피지 컨트롤 파우더, 픽싱 미스트",매트한 베이스로 유분과 땀을 컨트롤하며 색조는 최소화하는 것이 좋습니다.,자외선 노출 후에는 진정 스프레이와 수분 시트마스크로 피부를 달래주는 것이 좋습니다.,고온다습한 날씨 탓에 피부 트러블이 갑자기 올라와서 당황했어요.
beachbum23,아프리카,모리셔스,열대기후,연수,★★★☆☆,남성,27,교사,건성,35°C (체감),82%,"매트 선크림, 블로팅 페이퍼, 쿨링 토너",촉촉한 쿠션으로 습기에도 밀리지 않게 가볍게 표현하는 것을 추천합니다.,실내외 온습도 차이가 크므로 미스트로 수시로 수분을 보충해 주세요.,에어컨 실내와 습한 실외를 오가다 보니 피부 컨디션이 계속 오락가락했어요.
calmnface_k,아프리카,모리셔스,열대기후,연수,★☆☆☆☆,여성,34,요리사,건성,30°C (체감),85%,"저자극 선크림, 진정 스프레이, 수분 시트마스크",색조보다는 톤업 선크림 위주로 산뜻하게 마무리하는 것을 권장합니다.,피지 분비가 많아지는 시기이므로 클레이 마스크로 주 1~2회 관리해 주는 것을 추천합니다.,습도가 정말 높아서 화장이 금방 무너졌어요. 저자극 선크림 없이는 하루도 버티기 힘들었어요.
barefaced_daily,아프리카,모리셔스,열대기후,연수,★★☆☆☆,남성,41,자영업,건성,32°C (체감),88%,"가벼운 수분 선크림, 쿠션, 미스트",워터프루프 아이라이너와 마스카라로 땀과 습기에 대비하는 것이 좋습니다.,저녁에 이중세안을 꼭 하고 산뜻한 젤 타입 제품으로 유수분 밸런스를 유지하세요.,생각보다 더 더워서 땀 때문에 끈적임이 심했는데 가벼운 수분 선크림이 정말 큰 도움이 됐습니다.
sensitiveskin_note,아프리카,모리셔스,열대기후,연수,★★★★★,여성,48,여행가이드,건성,34°C (체감),75%,"워터프루프 아이라이너, 피지 흡수 패드, 쿨링 젤",얇은 베이스에 워터프루프 제품 위주로 메이크업하고 픽싱 스프레이로 마무리하는 것을 추천합니다.,외출 중 블로팅 페이퍼로 피지를 자주 관리하고 쿨링 토너로 진정시켜 주세요.,야외 일정이 많았는데 자외선이 강해서 워터프루프 아이라이너을 자주 덧발라야 했어요.
subin_world,아프리카,모리셔스,열대기후,연수,★★★★★,남성,55,작가,건성,36°C (체감),78%,"워터프루프 선크림, 피지 컨트롤 파우더, 픽싱 미스트",매트한 베이스로 유분과 땀을 컨트롤하며 색조는 최소화하는 것이 좋습니다.,자외선 노출 후에는 진정 스프레이와 수분 시트마스크로 피부를 달래주는 것이 좋습니다.,고온다습한 날씨 탓에 피부 트러블이 갑자기 올라와서 당황했어요.
barefaced_zone,오세아니아,미크로네시아,열대기후,연수,★☆☆☆☆,여성,34,작가,복합성,36°C (체감),85%,"가벼운 수분 선크림, 쿠션, 미스트",워터프루프 아이라이너와 마스카라로 땀과 습기에 대비하는 것이 좋습니다.,저녁에 이중세안을 꼭 하고 산뜻한 젤 타입 제품으로 유수분 밸런스를 유지하세요.,생각보다 더 더워서 땀 때문에 끈적임이 심했는데 가벼운 수분 선크림이 정말 큰 도움이 됐습니다.
globetrotter07,오세아니아,미크로네시아,열대기후,연수,★☆☆☆☆,남성,41,연구원,복합성,31°C (체감),88%,"워터프루프 아이라이너, 피지 흡수 패드, 쿨링 젤",얇은 베이스에 워터프루프 제품 위주로 메이크업하고 픽싱 스프레이로 마무리하는 것을 추천합니다.,외출 중 블로팅 페이퍼로 피지를 자주 관리하고 쿨링 토너로 진정시켜 주세요.,야외 일정이 많았는데 자외선이 강해서 워터프루프 아이라이너을 자주 덧발라야 했어요.
desertrose_vibe,오세아니아,미크로네시아,열대기후,연수,★★★★★,여성,48,바리스타,복합성,33°C (체감),75%,"워터프루프 선크림, 피지 컨트롤 파우더, 픽싱 미스트",매트한 베이스로 유분과 땀을 컨트롤하며 색조는 최소화하는 것이 좋습니다.,자외선 노출 후에는 진정 스프레이와 수분 시트마스크로 피부를 달래주는 것이 좋습니다.,고온다습한 날씨 탓에 피부 트러블이 갑자기 올라와서 당황했어요.
travelbug99,오세아니아,미크로네시아,열대기후,연수,★★★★★,남성,55,프로그래머,복합성,35°C (체감),78%,"매트 선크림, 블로팅 페이퍼, 쿨링 토너",촉촉한 쿠션으로 습기에도 밀리지 않게 가볍게 표현하는 것을 추천합니다.,실내외 온습도 차이가 크므로 미스트로 수시로 수분을 보충해 주세요.,에어컨 실내와 습한 실외를 오가다 보니 피부 컨디션이 계속 오락가락했어요.
nomakeupdays_love,오세아니아,미크로네시아,열대기후,연수,★★★☆☆,여성,22,프리랜서,복합성,30°C (체감),81%,"저자극 선크림, 진정 스프레이, 수분 시트마스크",색조보다는 톤업 선크림 위주로 산뜻하게 마무리하는 것을 권장합니다.,피지 분비가 많아지는 시기이므로 클레이 마스크로 주 1~2회 관리해 주는 것을 추천합니다.,습도가 정말 높아서 화장이 금방 무너졌어요. 저자극 선크림 없이는 하루도 버티기 힘들었어요.
paul_world,오세아니아,미크로네시아,열대기후,연수,★★★★★,남성,29,디자이너,복합성,32°C (체감),84%,"가벼운 수분 선크림, 쿠션, 미스트",워터프루프 아이라이너와 마스카라로 땀과 습기에 대비하는 것이 좋습니다.,저녁에 이중세안을 꼭 하고 산뜻한 젤 타입 제품으로 유수분 밸런스를 유지하세요.,생각보다 더 더워서 땀 때문에 끈적임이 심했는데 가벼운 수분 선크림이 정말 큰 도움이 됐습니다.
glowup88,오세아니아,미크로네시아,열대기후,연수,★★★★★,여성,36,승무원,복합성,34°C (체감),87%,"워터프루프 아이라이너, 피지 흡수 패드, 쿨링 젤",얇은 베이스에 워터프루프 제품 위주로 메이크업하고 픽싱 스프레이로 마무리하는 것을 추천합니다.,외출 중 블로팅 페이퍼로 피지를 자주 관리하고 쿨링 토너로 진정시켜 주세요.,야외 일정이 많았는데 자외선이 강해서 워터프루프 아이라이너을 자주 덧발라야 했어요.
serumfan_note,오세아니아,미크로네시아,열대기후,연수,★★★★★,남성,43,마케터,복합성,36°C (체감),90%,"워터프루프 선크림, 피지 컨트롤 파우더, 픽싱 미스트",매트한 베이스로 유분과 땀을 컨트롤하며 색조는 최소화하는 것이 좋습니다.,자외선 노출 후에는 진정 스프레이와 수분 시트마스크로 피부를 달래주는 것이 좋습니다.,고온다습한 날씨 탓에 피부 트러블이 갑자기 올라와서 당황했어요.
suncareguru23,오세아니아,미크로네시아,열대기후,연수,★★★★☆,여성,50,공무원,복합성,31°C (체감),77%,"매트 선크림, 블로팅 페이퍼, 쿨링 토너",촉촉한 쿠션으로 습기에도 밀리지 않게 가볍게 표현하는 것을 추천합니다.,실내외 온습도 차이가 크므로 미스트로 수시로 수분을 보충해 주세요.,에어컨 실내와 습한 실외를 오가다 보니 피부 컨디션이 계속 오락가락했어요.
funtraveler88,오세아니아,미크로네시아,열대기후,연수,★★★★☆,남성,57,회계사,복합성,33°C (체감),80%,"저자극 선크림, 진정 스프레이, 수분 시트마스크",색조보다는 톤업 선크림 위주로 산뜻하게 마무리하는 것을 권장합니다.,피지 분비가 많아지는 시기이므로 클레이 마스크로 주 1~2회 관리해 주는 것을 추천합니다.,습도가 정말 높아서 화장이 금방 무너졌어요. 저자극 선크림 없이는 하루도 버티기 힘들었어요.
mistyday99,유럽,모나코,온대기후,경수,★★★☆☆,남성,29,수의사,복합성,19°C (체감),50%,"산뜻한 로션, 선크림, 블로팅 페이퍼",촉촉한 선쿠션과 립틴트로 화사한 인상을 연출할 수 있습니다.,일교차가 크므로 수분 크림으로 아침저녁 보습을 꼼꼼히 챙겨주세요.,날씨는 선선했는데 실내 난방 때문에 오히려 피부가 건조하고 번들거렸어요.
somin_official,유럽,모나코,온대기후,경수,★★★★★,여성,36,영업직,복합성,21°C (체감),53%,"수분 크림, 립틴트, 선쿠션",촉촉한 쿠션과 크림 블러셔로 생기 있는 룩을 연출하는 것을 추천합니다.,환절기 피부 컨디션 변화에 대비해 올인원 로션으로 간편하게 보습을 유지하세요.,사계절이 뚜렷한 곳이라 그런지 여행 기간 내내 온도 변화에 신경 써야 했어요.
yerin_life,유럽,모나코,온대기후,경수,★★☆☆☆,남성,43,대학생,복합성,23°C (체감),56%,"수분 크림, 선크림, 립밤",가벼운 톤업로션 정도로 자연스럽게 표현하는 메이크업이 잘 어울립니다.,일교차로 예민해지기 쉬운 피부에는 저자극 진정 라인 사용을 권장합니다.,생각보다 자외선이 강해서 선크림을 안 쓰면 금방 붉어졌어요.
hana_log,유럽,모나코,온대기후,경수,★★★☆☆,여성,50,간호사,복합성,25°C (체감),59%,"올인원 로션, 선크림, 미스트",저자극 톤업크림 위주로 하고 색조는 최소화하는 것을 권장합니다.,실내 난방·냉방으로 건조해지기 쉬우니 블로팅 페이퍼와 미스트를 함께 챙기세요.,쾌적한 날씨였지만 건조해서 립밤과 수분크림을 자주 발라야 했어요.
passportready_official,유럽,모나코,온대기후,경수,★★★★☆,남성,57,사진작가,복합성,27°C (체감),62%,"저자극 크림, 진정 토너, 수분 마스크팩",가벼운 산뜻한 로션 타입으로 유분이 적은 제품 위주로 사용하세요.,실내외 온도차가 큰 날에는 수분크림을 자주 덧발라 주는 것이 좋습니다.,일교차가 커서 아침저녁으로 피부 컨디션이 완전히 달랐어요. 저자극 크림이 도움이 됐어요.
daeun_log,유럽,모나코,온대기후,경수,★★★★☆,여성,24,엔지니어,복합성,15°C (체감),45%,"산뜻한 로션, 선크림, 블로팅 페이퍼",촉촉한 선쿠션과 립틴트로 화사한 인상을 연출할 수 있습니다.,일교차가 크므로 수분 크림으로 아침저녁 보습을 꼼꼼히 챙겨주세요.,날씨는 선선했는데 실내 난방 때문에 오히려 피부가 건조하고 번들거렸어요.
beachbum99,유럽,모나코,온대기후,경수,★★★☆☆,남성,31,약사,복합성,17°C (체감),48%,"수분 크림, 립틴트, 선쿠션",촉촉한 쿠션과 크림 블러셔로 생기 있는 룩을 연출하는 것을 추천합니다.,환절기 피부 컨디션 변화에 대비해 올인원 로션으로 간편하게 보습을 유지하세요.,사계절이 뚜렷한 곳이라 그런지 여행 기간 내내 온도 변화에 신경 써야 했어요.
seungmin_diary,유럽,모나코,온대기후,경수,★★★★★,여성,38,트레이너,복합성,19°C (체감),51%,"수분 크림, 선크림, 립밤",가벼운 톤업로션 정도로 자연스럽게 표현하는 메이크업이 잘 어울립니다.,일교차로 예민해지기 쉬운 피부에는 저자극 진정 라인 사용을 권장합니다.,생각보다 자외선이 강해서 선크림을 안 쓰면 금방 붉어졌어요.
beachbum_vibe,유럽,모나코,온대기후,경수,★★☆☆☆,남성,45,건축가,복합성,21°C (체감),54%,"올인원 로션, 선크림, 미스트",저자극 톤업크림 위주로 하고 색조는 최소화하는 것을 권장합니다.,실내 난방·냉방으로 건조해지기 쉬우니 블로팅 페이퍼와 미스트를 함께 챙기세요.,쾌적한 날씨였지만 건조해서 립밤과 수분크림을 자주 발라야 했어요.
mistyday_world,유럽,모나코,온대기후,경수,★★★★☆,여성,52,일러스트레이터,복합성,23°C (체감),57%,"저자극 크림, 진정 토너, 수분 마스크팩",가벼운 산뜻한 로션 타입으로 유분이 적은 제품 위주로 사용하세요.,실내외 온도차가 큰 날에는 수분크림을 자주 덧발라 주는 것이 좋습니다.,일교차가 커서 아침저녁으로 피부 컨디션이 완전히 달랐어요. 저자극 크림이 도움이 됐어요.
jihoon23,유럽,몬테네그로,온대기후,경수,★★★★☆,여성,32,교사,건성,22°C (체감),53%,"올인원 로션, 선크림, 미스트",저자극 톤업크림 위주로 하고 색조는 최소화하는 것을 권장합니다.,실내 난방·냉방으로 건조해지기 쉬우니 블로팅 페이퍼와 미스트를 함께 챙기세요.,쾌적한 날씨였지만 건조해서 립밤과 수분크림을 자주 발라야 했어요.
mia88,유럽,몬테네그로,온대기후,경수,★★☆☆☆,남성,39,요리사,건성,24°C (체감),56%,"저자극 크림, 진정 토너, 수분 마스크팩",가벼운 산뜻한 로션 타입으로 유분이 적은 제품 위주로 사용하세요.,실내외 온도차가 큰 날에는 수분크림을 자주 덧발라 주는 것이 좋습니다.,일교차가 커서 아침저녁으로 피부 컨디션이 완전히 달랐어요. 저자극 크림이 도움이 됐어요.
glowup_zone,유럽,몬테네그로,온대기후,경수,★★★★★,여성,46,자영업,건성,26°C (체감),59%,"산뜻한 로션, 선크림, 블로팅 페이퍼",촉촉한 선쿠션과 립틴트로 화사한 인상을 연출할 수 있습니다.,일교차가 크므로 수분 크림으로 아침저녁 보습을 꼼꼼히 챙겨주세요.,날씨는 선선했는데 실내 난방 때문에 오히려 피부가 건조하고 번들거렸어요.
desertrose_official,유럽,몬테네그로,온대기후,경수,★★★★★,남성,53,여행가이드,건성,28°C (체감),62%,"수분 크림, 립틴트, 선쿠션",촉촉한 쿠션과 크림 블러셔로 생기 있는 룩을 연출하는 것을 추천합니다.,환절기 피부 컨디션 변화에 대비해 올인원 로션으로 간편하게 보습을 유지하세요.,사계절이 뚜렷한 곳이라 그런지 여행 기간 내내 온도 변화에 신경 써야 했어요.
taeyang23,유럽,몬테네그로,온대기후,경수,★★★★★,여성,20,작가,건성,16°C (체감),45%,"수분 크림, 선크림, 립밤",가벼운 톤업로션 정도로 자연스럽게 표현하는 메이크업이 잘 어울립니다.,일교차로 예민해지기 쉬운 피부에는 저자극 진정 라인 사용을 권장합니다.,생각보다 자외선이 강해서 선크림을 안 쓰면 금방 붉어졌어요.
dailyglow_zone,유럽,몬테네그로,온대기후,경수,★★★☆☆,남성,27,연구원,건성,18°C (체감),48%,"올인원 로션, 선크림, 미스트",저자극 톤업크림 위주로 하고 색조는 최소화하는 것을 권장합니다.,실내 난방·냉방으로 건조해지기 쉬우니 블로팅 페이퍼와 미스트를 함께 챙기세요.,쾌적한 날씨였지만 건조해서 립밤과 수분크림을 자주 발라야 했어요.
gina88,유럽,몬테네그로,온대기후,경수,★★★★★,여성,34,바리스타,건성,20°C (체감),51%,"저자극 크림, 진정 토너, 수분 마스크팩",가벼운 산뜻한 로션 타입으로 유분이 적은 제품 위주로 사용하세요.,실내외 온도차가 큰 날에는 수분크림을 자주 덧발라 주는 것이 좋습니다.,일교차가 커서 아침저녁으로 피부 컨디션이 완전히 달랐어요. 저자극 크림이 도움이 됐어요.
urbanexplorer88,유럽,몬테네그로,온대기후,경수,★★★☆☆,남성,41,프로그래머,건성,22°C (체감),54%,"산뜻한 로션, 선크림, 블로팅 페이퍼",촉촉한 선쿠션과 립틴트로 화사한 인상을 연출할 수 있습니다.,일교차가 크므로 수분 크림으로 아침저녁 보습을 꼼꼼히 챙겨주세요.,날씨는 선선했는데 실내 난방 때문에 오히려 피부가 건조하고 번들거렸어요.
combiskin_love,유럽,몬테네그로,온대기후,경수,★★★☆☆,여성,48,프리랜서,건성,24°C (체감),57%,"수분 크림, 립틴트, 선쿠션",촉촉한 쿠션과 크림 블러셔로 생기 있는 룩을 연출하는 것을 추천합니다.,환절기 피부 컨디션 변화에 대비해 올인원 로션으로 간편하게 보습을 유지하세요.,사계절이 뚜렷한 곳이라 그런지 여행 기간 내내 온도 변화에 신경 써야 했어요.
haeri_life,유럽,몬테네그로,온대기후,경수,★☆☆☆☆,남성,55,디자이너,건성,26°C (체감),60%,"수분 크림, 선크림, 립밤",가벼운 톤업로션 정도로 자연스럽게 표현하는 메이크업이 잘 어울립니다.,일교차로 예민해지기 쉬운 피부에는 저자극 진정 라인 사용을 권장합니다.,생각보다 자외선이 강해서 선크림을 안 쓰면 금방 붉어졌어요.
jisoo_love,아프리카,모잠비크,열대기후,연수,★★★★★,여성,52,영업직,건성,33°C (체감),87%,"매트 선크림, 블로팅 페이퍼, 쿨링 토너",촉촉한 쿠션으로 습기에도 밀리지 않게 가볍게 표현하는 것을 추천합니다.,실내외 온습도 차이가 크므로 미스트로 수시로 수분을 보충해 주세요.,에어컨 실내와 습한 실외를 오가다 보니 피부 컨디션이 계속 오락가락했어요.
jihoon_zone,아프리카,모잠비크,열대기후,연수,★★★★☆,남성,59,대학생,건성,35°C (체감),90%,"저자극 선크림, 진정 스프레이, 수분 시트마스크",색조보다는 톤업 선크림 위주로 산뜻하게 마무리하는 것을 권장합니다.,피지 분비가 많아지는 시기이므로 클레이 마스크로 주 1~2회 관리해 주는 것을 추천합니다.,습도가 정말 높아서 화장이 금방 무너졌어요. 저자극 선크림 없이는 하루도 버티기 힘들었어요.
eunji_k,아프리카,모잠비크,열대기후,연수,★★★☆☆,여성,26,간호사,건성,30°C (체감),77%,"가벼운 수분 선크림, 쿠션, 미스트",워터프루프 아이라이너와 마스카라로 땀과 습기에 대비하는 것이 좋습니다.,저녁에 이중세안을 꼭 하고 산뜻한 젤 타입 제품으로 유수분 밸런스를 유지하세요.,생각보다 더 더워서 땀 때문에 끈적임이 심했는데 가벼운 수분 선크림이 정말 큰 도움이 됐습니다.
hana_story,아프리카,모잠비크,열대기후,연수,★★★★☆,남성,33,사진작가,건성,32°C (체감),80%,"워터프루프 아이라이너, 피지 흡수 패드, 쿨링 젤",얇은 베이스에 워터프루프 제품 위주로 메이크업하고 픽싱 스프레이로 마무리하는 것을 추천합니다.,외출 중 블로팅 페이퍼로 피지를 자주 관리하고 쿨링 토너로 진정시켜 주세요.,야외 일정이 많았는데 자외선이 강해서 워터프루프 아이라이너을 자주 덧발라야 했어요.
jihoon_mode,아프리카,모잠비크,열대기후,연수,★★★★★,여성,40,엔지니어,건성,34°C (체감),83%,"워터프루프 선크림, 피지 컨트롤 파우더, 픽싱 미스트",매트한 베이스로 유분과 땀을 컨트롤하며 색조는 최소화하는 것이 좋습니다.,자외선 노출 후에는 진정 스프레이와 수분 시트마스크로 피부를 달래주는 것이 좋습니다.,고온다습한 날씨 탓에 피부 트러블이 갑자기 올라와서 당황했어요.
hydrationqueen99,아프리카,모잠비크,열대기후,연수,★★★☆☆,남성,47,약사,건성,36°C (체감),86%,"매트 선크림, 블로팅 페이퍼, 쿨링 토너",촉촉한 쿠션으로 습기에도 밀리지 않게 가볍게 표현하는 것을 추천합니다.,실내외 온습도 차이가 크므로 미스트로 수시로 수분을 보충해 주세요.,에어컨 실내와 습한 실외를 오가다 보니 피부 컨디션이 계속 오락가락했어요.
moisturemax01,아프리카,모잠비크,열대기후,연수,★★★☆☆,여성,54,트레이너,건성,31°C (체감),89%,"저자극 선크림, 진정 스프레이, 수분 시트마스크",색조보다는 톤업 선크림 위주로 산뜻하게 마무리하는 것을 권장합니다.,피지 분비가 많아지는 시기이므로 클레이 마스크로 주 1~2회 관리해 주는 것을 추천합니다.,습도가 정말 높아서 화장이 금방 무너졌어요. 저자극 선크림 없이는 하루도 버티기 힘들었어요.
cloudnine_mode,아프리카,모잠비크,열대기후,연수,★★★★☆,남성,21,건축가,건성,33°C (체감),76%,"가벼운 수분 선크림, 쿠션, 미스트",워터프루프 아이라이너와 마스카라로 땀과 습기에 대비하는 것이 좋습니다.,저녁에 이중세안을 꼭 하고 산뜻한 젤 타입 제품으로 유수분 밸런스를 유지하세요.,생각보다 더 더워서 땀 때문에 끈적임이 심했는데 가벼운 수분 선크림이 정말 큰 도움이 됐습니다.
yuna_k,아프리카,모잠비크,열대기후,연수,★★★★☆,여성,28,일러스트레이터,건성,35°C (체감),79%,"워터프루프 아이라이너, 피지 흡수 패드, 쿨링 젤",얇은 베이스에 워터프루프 제품 위주로 메이크업하고 픽싱 스프레이로 마무리하는 것을 추천합니다.,외출 중 블로팅 페이퍼로 피지를 자주 관리하고 쿨링 토너로 진정시켜 주세요.,야외 일정이 많았는데 자외선이 강해서 워터프루프 아이라이너을 자주 덧발라야 했어요.
jisoo_k,아프리카,모잠비크,열대기후,연수,★★★★★,남성,35,회사원,건성,30°C (체감),82%,"워터프루프 선크림, 피지 컨트롤 파우더, 픽싱 미스트",매트한 베이스로 유분과 땀을 컨트롤하며 색조는 최소화하는 것이 좋습니다.,자외선 노출 후에는 진정 스프레이와 수분 시트마스크로 피부를 달래주는 것이 좋습니다.,고온다습한 날씨 탓에 피부 트러블이 갑자기 올라와서 당황했어요.
hydrationqueen_life,아프리카,나미비아,건조기후,경수,★★★★☆,여성,44,디자이너,복합성,37°C (체감),15%,"고SPF 선크림, 쿨링 미스트, 립밤",립 제품은 보습 밤 타입을 선택해 건조함으로 인한 각질을 예방하세요.,건조한 기후이므로 미스트를 수시로 뿌려 수분을 보충하는 것이 중요합니다.,일교차가 커서 낮에는 덥고 밤에는 쌀쌀해 피부가 예민해졌어요.
fiona_mode,아프리카,나미비아,건조기후,경수,★★★☆☆,남성,51,승무원,복합성,39°C (체감),18%,"수분 크림, 선쿠션, 진정 스프레이",촉촉한 베이스에 크림 타입 블러셔로 생기를 더하는 메이크업을 추천합니다.,강한 햇빛 대비 SPF 높은 제품을 사용하고 쿨링 미스트로 열감을 진정시켜 주세요.,건조한 바람 때문에 입술과 볼이 자주 텄어요. 수분 크림 없이는 힘들었을 것 같아요.
sunnytraveler01,아프리카,나미비아,건조기후,경수,★★★★☆,여성,58,마케터,복합성,41°C (체감),21%,"고보습 선크림, 미스트, 영양 크림",메이크업은 최소화하고 톤업 선크림으로 자연스럽게 마무리하는 것을 권장합니다.,자외선 노출 후 진정 젤로 쿨다운하고 세럼으로 수분을 채워주는 것을 추천합니다.,햇빛이 강렬해서 선크림을 2~3시간마다 덧발라야 했어요.
skinfirst23,아프리카,나미비아,건조기후,경수,★☆☆☆☆,남성,25,공무원,복합성,29°C (체감),24%,"저자극 선크림, 진정 젤, 수분 세럼",가벼운 수분 쿠션으로 건조함을 커버하며 자연스러운 룩을 연출하세요.,낮은 습도로 인한 수분 손실을 막기 위해 고보습 크림을 겹겹이 발라주세요.,사막성 기후라 그런지 평소보다 피부가 훨씬 건조해지는 걸 느꼈어요.
chaewon_k,아프리카,나미비아,건조기후,경수,★★★★☆,여성,32,회계사,복합성,31°C (체감),27%,"수분 로션, 선크림, 핸드크림",고보습 베이스 제품으로 들뜸 없이 매끈한 피부 표현이 가능합니다.,입술과 손이 트기 쉬우므로 립밤과 핸드크림을 항상 휴대하는 것이 좋습니다.,낮은 습도 때문에 피부가 계속 당기고 화장이 들떴어요. 수분 로션이 필수였습니다.
jisoo_vibe,아프리카,나미비아,건조기후,경수,★★★★☆,남성,39,수의사,복합성,33°C (체감),30%,"고SPF 선크림, 쿨링 미스트, 립밤",립 제품은 보습 밤 타입을 선택해 건조함으로 인한 각질을 예방하세요.,건조한 기후이므로 미스트를 수시로 뿌려 수분을 보충하는 것이 중요합니다.,일교차가 커서 낮에는 덥고 밤에는 쌀쌀해 피부가 예민해졌어요.
funtraveler_vibe,아프리카,나미비아,건조기후,경수,★★★☆☆,여성,46,영업직,복합성,35°C (체감),33%,"수분 크림, 선쿠션, 진정 스프레이",촉촉한 베이스에 크림 타입 블러셔로 생기를 더하는 메이크업을 추천합니다.,강한 햇빛 대비 SPF 높은 제품을 사용하고 쿨링 미스트로 열감을 진정시켜 주세요.,건조한 바람 때문에 입술과 볼이 자주 텄어요. 수분 크림 없이는 힘들었을 것 같아요.
travelbug_log,아프리카,나미비아,건조기후,경수,★★☆☆☆,남성,53,대학생,복합성,37°C (체감),16%,"고보습 선크림, 미스트, 영양 크림",메이크업은 최소화하고 톤업 선크림으로 자연스럽게 마무리하는 것을 권장합니다.,자외선 노출 후 진정 젤로 쿨다운하고 세럼으로 수분을 채워주는 것을 추천합니다.,햇빛이 강렬해서 선크림을 2~3시간마다 덧발라야 했어요.
yeji99,아프리카,나미비아,건조기후,경수,★★★☆☆,여성,20,간호사,복합성,39°C (체감),19%,"저자극 선크림, 진정 젤, 수분 세럼",가벼운 수분 쿠션으로 건조함을 커버하며 자연스러운 룩을 연출하세요.,낮은 습도로 인한 수분 손실을 막기 위해 고보습 크림을 겹겹이 발라주세요.,사막성 기후라 그런지 평소보다 피부가 훨씬 건조해지는 걸 느꼈어요.
chorong_daily,아프리카,나미비아,건조기후,경수,★★★★☆,남성,27,사진작가,복합성,41°C (체감),22%,"수분 로션, 선크림, 핸드크림",고보습 베이스 제품으로 들뜸 없이 매끈한 피부 표현이 가능합니다.,입술과 손이 트기 쉬우므로 립밤과 핸드크림을 항상 휴대하는 것이 좋습니다.,낮은 습도 때문에 피부가 계속 당기고 화장이 들떴어요. 수분 로션이 필수였습니다.
haeri99,오세아니아,나우루,열대기후,연수,★★★★☆,남성,41,여행가이드,건성,31°C (체감),76%,"워터프루프 선크림, 피지 컨트롤 파우더, 픽싱 미스트",매트한 베이스로 유분과 땀을 컨트롤하며 색조는 최소화하는 것이 좋습니다.,자외선 노출 후에는 진정 스프레이와 수분 시트마스크로 피부를 달래주는 것이 좋습니다.,고온다습한 날씨 탓에 피부 트러블이 갑자기 올라와서 당황했어요.
backpacklife23,오세아니아,나우루,열대기후,연수,★★★★★,여성,48,작가,지성,33°C (체감),79%,"매트 선크림, 블로팅 페이퍼, 쿨링 토너",촉촉한 쿠션으로 습기에도 밀리지 않게 가볍게 표현하는 것을 추천합니다.,실내외 온습도 차이가 크므로 미스트로 수시로 수분을 보충해 주세요.,에어컨 실내와 습한 실외를 오가다 보니 피부 컨디션이 계속 오락가락했어요.
hyejin_story,오세아니아,나우루,열대기후,연수,★★★★☆,남성,55,연구원,복합성,35°C (체감),82%,"저자극 선크림, 진정 스프레이, 수분 시트마스크",색조보다는 톤업 선크림 위주로 산뜻하게 마무리하는 것을 권장합니다.,피지 분비가 많아지는 시기이므로 클레이 마스크로 주 1~2회 관리해 주는 것을 추천합니다.,습도가 정말 높아서 화장이 금방 무너졌어요. 저자극 선크림 없이는 하루도 버티기 힘들었어요.
minji_story,오세아니아,나우루,열대기후,연수,★★★☆☆,여성,22,바리스타,민감성,30°C (체감),85%,"가벼운 수분 선크림, 쿠션, 미스트",워터프루프 아이라이너와 마스카라로 땀과 습기에 대비하는 것이 좋습니다.,저녁에 이중세안을 꼭 하고 산뜻한 젤 타입 제품으로 유수분 밸런스를 유지하세요.,생각보다 더 더워서 땀 때문에 끈적임이 심했는데 가벼운 수분 선크림이 정말 큰 도움이 됐습니다.
iseul_life,오세아니아,나우루,열대기후,연수,★★★★★,남성,29,프로그래머,건성,32°C (체감),88%,"워터프루프 아이라이너, 피지 흡수 패드, 쿨링 젤",얇은 베이스에 워터프루프 제품 위주로 메이크업하고 픽싱 스프레이로 마무리하는 것을 추천합니다.,외출 중 블로팅 페이퍼로 피지를 자주 관리하고 쿨링 토너로 진정시켜 주세요.,야외 일정이 많았는데 자외선이 강해서 워터프루프 아이라이너을 자주 덧발라야 했어요.
globetrotter99,오세아니아,나우루,열대기후,연수,★★★★★,여성,36,프리랜서,지성,34°C (체감),75%,"워터프루프 선크림, 피지 컨트롤 파우더, 픽싱 미스트",매트한 베이스로 유분과 땀을 컨트롤하며 색조는 최소화하는 것이 좋습니다.,자외선 노출 후에는 진정 스프레이와 수분 시트마스크로 피부를 달래주는 것이 좋습니다.,고온다습한 날씨 탓에 피부 트러블이 갑자기 올라와서 당황했어요.
frostyvibe88,오세아니아,나우루,열대기후,연수,★★★★★,남성,43,디자이너,복합성,36°C (체감),78%,"매트 선크림, 블로팅 페이퍼, 쿨링 토너",촉촉한 쿠션으로 습기에도 밀리지 않게 가볍게 표현하는 것을 추천합니다.,실내외 온습도 차이가 크므로 미스트로 수시로 수분을 보충해 주세요.,에어컨 실내와 습한 실외를 오가다 보니 피부 컨디션이 계속 오락가락했어요.
jiyeon07,오세아니아,나우루,열대기후,연수,★★★★☆,여성,50,승무원,민감성,31°C (체감),81%,"저자극 선크림, 진정 스프레이, 수분 시트마스크",색조보다는 톤업 선크림 위주로 산뜻하게 마무리하는 것을 권장합니다.,피지 분비가 많아지는 시기이므로 클레이 마스크로 주 1~2회 관리해 주는 것을 추천합니다.,습도가 정말 높아서 화장이 금방 무너졌어요. 저자극 선크림 없이는 하루도 버티기 힘들었어요.
jiho23,오세아니아,나우루,열대기후,연수,★★★★☆,남성,57,마케터,건성,33°C (체감),84%,"가벼운 수분 선크림, 쿠션, 미스트",워터프루프 아이라이너와 마스카라로 땀과 습기에 대비하는 것이 좋습니다.,저녁에 이중세안을 꼭 하고 산뜻한 젤 타입 제품으로 유수분 밸런스를 유지하세요.,생각보다 더 더워서 땀 때문에 끈적임이 심했는데 가벼운 수분 선크림이 정말 큰 도움이 됐습니다.
cloudnine_life,오세아니아,나우루,열대기후,연수,★☆☆☆☆,여성,24,공무원,지성,35°C (체감),87%,"워터프루프 아이라이너, 피지 흡수 패드, 쿨링 젤",얇은 베이스에 워터프루프 제품 위주로 메이크업하고 픽싱 스프레이로 마무리하는 것을 추천합니다.,외출 중 블로팅 페이퍼로 피지를 자주 관리하고 쿨링 토너로 진정시켜 주세요.,야외 일정이 많았는데 자외선이 강해서 워터프루프 아이라이너을 자주 덧발라야 했어요.
suji99,아시아,네팔,온대기후,연수,★★★☆☆,여성,52,영업직,건성,26°C (체감),53%,"올인원 로션, 선크림, 미스트",저자극 톤업크림 위주로 하고 색조는 최소화하는 것을 권장합니다.,실내 난방·냉방으로 건조해지기 쉬우니 블로팅 페이퍼와 미스트를 함께 챙기세요.,쾌적한 날씨였지만 건조해서 립밤과 수분크림을 자주 발라야 했어요.
urbanexplorer_life,아시아,네팔,온대기후,연수,★★☆☆☆,남성,59,대학생,건성,28°C (체감),56%,"저자극 크림, 진정 토너, 수분 마스크팩",가벼운 산뜻한 로션 타입으로 유분이 적은 제품 위주로 사용하세요.,실내외 온도차가 큰 날에는 수분크림을 자주 덧발라 주는 것이 좋습니다.,일교차가 커서 아침저녁으로 피부 컨디션이 완전히 달랐어요. 저자극 크림이 도움이 됐어요.
hyerin_note,아시아,네팔,온대기후,연수,★★★★★,여성,26,간호사,건성,16°C (체감),59%,"산뜻한 로션, 선크림, 블로팅 페이퍼",촉촉한 선쿠션과 립틴트로 화사한 인상을 연출할 수 있습니다.,일교차가 크므로 수분 크림으로 아침저녁 보습을 꼼꼼히 챙겨주세요.,날씨는 선선했는데 실내 난방 때문에 오히려 피부가 건조하고 번들거렸어요.
glowygirl_love,아시아,네팔,온대기후,연수,★★★★☆,남성,33,사진작가,건성,18°C (체감),62%,"수분 크림, 립틴트, 선쿠션",촉촉한 쿠션과 크림 블러셔로 생기 있는 룩을 연출하는 것을 추천합니다.,환절기 피부 컨디션 변화에 대비해 올인원 로션으로 간편하게 보습을 유지하세요.,사계절이 뚜렷한 곳이라 그런지 여행 기간 내내 온도 변화에 신경 써야 했어요.
jiho_zone,아시아,네팔,온대기후,연수,★★★☆☆,여성,40,엔지니어,건성,20°C (체감),45%,"수분 크림, 선크림, 립밤",가벼운 톤업로션 정도로 자연스럽게 표현하는 메이크업이 잘 어울립니다.,일교차로 예민해지기 쉬운 피부에는 저자극 진정 라인 사용을 권장합니다.,생각보다 자외선이 강해서 선크림을 안 쓰면 금방 붉어졌어요.
daon_daily,아시아,네팔,온대기후,연수,★★★★★,남성,47,약사,건성,22°C (체감),48%,"올인원 로션, 선크림, 미스트",저자극 톤업크림 위주로 하고 색조는 최소화하는 것을 권장합니다.,실내 난방·냉방으로 건조해지기 쉬우니 블로팅 페이퍼와 미스트를 함께 챙기세요.,쾌적한 날씨였지만 건조해서 립밤과 수분크림을 자주 발라야 했어요.
dailyglow_92,아시아,네팔,온대기후,연수,★★★★☆,여성,54,트레이너,건성,24°C (체감),51%,"저자극 크림, 진정 토너, 수분 마스크팩",가벼운 산뜻한 로션 타입으로 유분이 적은 제품 위주로 사용하세요.,실내외 온도차가 큰 날에는 수분크림을 자주 덧발라 주는 것이 좋습니다.,일교차가 커서 아침저녁으로 피부 컨디션이 완전히 달랐어요. 저자극 크림이 도움이 됐어요.
haru23,아시아,네팔,온대기후,연수,★★★★☆,남성,21,건축가,건성,26°C (체감),54%,"산뜻한 로션, 선크림, 블로팅 페이퍼",촉촉한 선쿠션과 립틴트로 화사한 인상을 연출할 수 있습니다.,일교차가 크므로 수분 크림으로 아침저녁 보습을 꼼꼼히 챙겨주세요.,날씨는 선선했는데 실내 난방 때문에 오히려 피부가 건조하고 번들거렸어요.
radiantme88,아시아,네팔,온대기후,연수,★★★★★,여성,28,일러스트레이터,건성,28°C (체감),57%,"수분 크림, 립틴트, 선쿠션",촉촉한 쿠션과 크림 블러셔로 생기 있는 룩을 연출하는 것을 추천합니다.,환절기 피부 컨디션 변화에 대비해 올인원 로션으로 간편하게 보습을 유지하세요.,사계절이 뚜렷한 곳이라 그런지 여행 기간 내내 온도 변화에 신경 써야 했어요.
seungmin_k,아시아,네팔,온대기후,연수,★★★★★,남성,35,회사원,건성,16°C (체감),60%,"수분 크림, 선크림, 립밤",가벼운 톤업로션 정도로 자연스럽게 표현하는 메이크업이 잘 어울립니다.,일교차로 예민해지기 쉬운 피부에는 저자극 진정 라인 사용을 권장합니다.,생각보다 자외선이 강해서 선크림을 안 쓰면 금방 붉어졌어요.
olivia_diary,아프리카,니제르,건조기후,경수,★★★☆☆,여성,44,작가,복합성,41°C (체감),15%,"고SPF 선크림, 쿨링 미스트, 립밤",립 제품은 보습 밤 타입을 선택해 건조함으로 인한 각질을 예방하세요.,건조한 기후이므로 미스트를 수시로 뿌려 수분을 보충하는 것이 중요합니다.,일교차가 커서 낮에는 덥고 밤에는 쌀쌀해 피부가 예민해졌어요.
jetsetter_story,아프리카,니제르,건조기후,경수,★★★★★,남성,51,연구원,복합성,29°C (체감),18%,"수분 크림, 선쿠션, 진정 스프레이",촉촉한 베이스에 크림 타입 블러셔로 생기를 더하는 메이크업을 추천합니다.,강한 햇빛 대비 SPF 높은 제품을 사용하고 쿨링 미스트로 열감을 진정시켜 주세요.,건조한 바람 때문에 입술과 볼이 자주 텄어요. 수분 크림 없이는 힘들었을 것 같아요.
dryskin_ing,아프리카,니제르,건조기후,경수,★★★★☆,여성,58,바리스타,복합성,31°C (체감),21%,"고보습 선크림, 미스트, 영양 크림",메이크업은 최소화하고 톤업 선크림으로 자연스럽게 마무리하는 것을 권장합니다.,자외선 노출 후 진정 젤로 쿨다운하고 세럼으로 수분을 채워주는 것을 추천합니다.,햇빛이 강렬해서 선크림을 2~3시간마다 덧발라야 했어요.
funtraveler_official,아프리카,니제르,건조기후,경수,★★★★☆,남성,25,프로그래머,복합성,33°C (체감),24%,"저자극 선크림, 진정 젤, 수분 세럼",가벼운 수분 쿠션으로 건조함을 커버하며 자연스러운 룩을 연출하세요.,낮은 습도로 인한 수분 손실을 막기 위해 고보습 크림을 겹겹이 발라주세요.,사막성 기후라 그런지 평소보다 피부가 훨씬 건조해지는 걸 느꼈어요.
tintedlips_story,아프리카,니제르,건조기후,경수,★★★★☆,여성,32,프리랜서,복합성,35°C (체감),27%,"수분 로션, 선크림, 핸드크림",고보습 베이스 제품으로 들뜸 없이 매끈한 피부 표현이 가능합니다.,입술과 손이 트기 쉬우므로 립밤과 핸드크림을 항상 휴대하는 것이 좋습니다.,낮은 습도 때문에 피부가 계속 당기고 화장이 들떴어요. 수분 로션이 필수였습니다.
mountainhiker01,아프리카,니제르,건조기후,경수,★★☆☆☆,남성,39,디자이너,복합성,37°C (체감),30%,"고SPF 선크림, 쿨링 미스트, 립밤",립 제품은 보습 밤 타입을 선택해 건조함으로 인한 각질을 예방하세요.,건조한 기후이므로 미스트를 수시로 뿌려 수분을 보충하는 것이 중요합니다.,일교차가 커서 낮에는 덥고 밤에는 쌀쌀해 피부가 예민해졌어요.
jaewon07,아프리카,니제르,건조기후,경수,★★★★☆,여성,46,승무원,복합성,39°C (체감),33%,"수분 크림, 선쿠션, 진정 스프레이",촉촉한 베이스에 크림 타입 블러셔로 생기를 더하는 메이크업을 추천합니다.,강한 햇빛 대비 SPF 높은 제품을 사용하고 쿨링 미스트로 열감을 진정시켜 주세요.,건조한 바람 때문에 입술과 볼이 자주 텄어요. 수분 크림 없이는 힘들었을 것 같아요.
humidmood01,아프리카,니제르,건조기후,경수,★★☆☆☆,남성,53,마케터,복합성,41°C (체감),16%,"고보습 선크림, 미스트, 영양 크림",메이크업은 최소화하고 톤업 선크림으로 자연스럽게 마무리하는 것을 권장합니다.,자외선 노출 후 진정 젤로 쿨다운하고 세럼으로 수분을 채워주는 것을 추천합니다.,햇빛이 강렬해서 선크림을 2~3시간마다 덧발라야 했어요.
daon_vibe,아프리카,니제르,건조기후,경수,★★★☆☆,여성,20,공무원,복합성,29°C (체감),19%,"저자극 선크림, 진정 젤, 수분 세럼",가벼운 수분 쿠션으로 건조함을 커버하며 자연스러운 룩을 연출하세요.,낮은 습도로 인한 수분 손실을 막기 위해 고보습 크림을 겹겹이 발라주세요.,사막성 기후라 그런지 평소보다 피부가 훨씬 건조해지는 걸 느꼈어요.
seungmin_world,아프리카,니제르,건조기후,경수,★★★★☆,남성,27,회계사,복합성,31°C (체감),22%,"수분 로션, 선크림, 핸드크림",고보습 베이스 제품으로 들뜸 없이 매끈한 피부 표현이 가능합니다.,입술과 손이 트기 쉬우므로 립밤과 핸드크림을 항상 휴대하는 것이 좋습니다.,낮은 습도 때문에 피부가 계속 당기고 화장이 들떴어요. 수분 로션이 필수였습니다.
chorong_mode,아시아,북한,온대기후,연수,★★★★★,여성,46,회계사,복합성,24°C (체감),47%,"수분 크림, 선크림, 립밤",가벼운 톤업로션 정도로 자연스럽게 표현하는 메이크업이 잘 어울립니다.,일교차로 예민해지기 쉬운 피부에는 저자극 진정 라인 사용을 권장합니다.,생각보다 자외선이 강해서 선크림을 안 쓰면 금방 붉어졌어요.
minji_daily,아시아,북한,온대기후,연수,★★★★★,남성,53,수의사,민감성,26°C (체감),50%,"올인원 로션, 선크림, 미스트",저자극 톤업크림 위주로 하고 색조는 최소화하는 것을 권장합니다.,실내 난방·냉방으로 건조해지기 쉬우니 블로팅 페이퍼와 미스트를 함께 챙기세요.,쾌적한 날씨였지만 건조해서 립밤과 수분크림을 자주 발라야 했어요.
dailyglow07,아시아,북한,온대기후,연수,★☆☆☆☆,여성,20,영업직,건성,28°C (체감),53%,"저자극 크림, 진정 토너, 수분 마스크팩",가벼운 산뜻한 로션 타입으로 유분이 적은 제품 위주로 사용하세요.,실내외 온도차가 큰 날에는 수분크림을 자주 덧발라 주는 것이 좋습니다.,일교차가 커서 아침저녁으로 피부 컨디션이 완전히 달랐어요. 저자극 크림이 도움이 됐어요.
dahye07,아시아,북한,온대기후,연수,★★★★★,남성,27,대학생,지성,16°C (체감),56%,"산뜻한 로션, 선크림, 블로팅 페이퍼",촉촉한 선쿠션과 립틴트로 화사한 인상을 연출할 수 있습니다.,일교차가 크므로 수분 크림으로 아침저녁 보습을 꼼꼼히 챙겨주세요.,날씨는 선선했는데 실내 난방 때문에 오히려 피부가 건조하고 번들거렸어요.
chaewon_log,아시아,북한,온대기후,연수,★★★★☆,여성,34,간호사,복합성,18°C (체감),59%,"수분 크림, 립틴트, 선쿠션",촉촉한 쿠션과 크림 블러셔로 생기 있는 룩을 연출하는 것을 추천합니다.,환절기 피부 컨디션 변화에 대비해 올인원 로션으로 간편하게 보습을 유지하세요.,사계절이 뚜렷한 곳이라 그런지 여행 기간 내내 온도 변화에 신경 써야 했어요.
suji23,아시아,북한,온대기후,연수,★★★★★,남성,41,사진작가,민감성,20°C (체감),62%,"수분 크림, 선크림, 립밤",가벼운 톤업로션 정도로 자연스럽게 표현하는 메이크업이 잘 어울립니다.,일교차로 예민해지기 쉬운 피부에는 저자극 진정 라인 사용을 권장합니다.,생각보다 자외선이 강해서 선크림을 안 쓰면 금방 붉어졌어요.
dohyun_log,아시아,북한,온대기후,연수,★★★☆☆,여성,48,엔지니어,건성,22°C (체감),45%,"올인원 로션, 선크림, 미스트",저자극 톤업크림 위주로 하고 색조는 최소화하는 것을 권장합니다.,실내 난방·냉방으로 건조해지기 쉬우니 블로팅 페이퍼와 미스트를 함께 챙기세요.,쾌적한 날씨였지만 건조해서 립밤과 수분크림을 자주 발라야 했어요.
passportready_story,아시아,북한,온대기후,연수,★★★☆☆,남성,55,약사,지성,24°C (체감),48%,"저자극 크림, 진정 토너, 수분 마스크팩",가벼운 산뜻한 로션 타입으로 유분이 적은 제품 위주로 사용하세요.,실내외 온도차가 큰 날에는 수분크림을 자주 덧발라 주는 것이 좋습니다.,일교차가 커서 아침저녁으로 피부 컨디션이 완전히 달랐어요. 저자극 크림이 도움이 됐어요.
oilyskin_note,아시아,북한,온대기후,연수,★★☆☆☆,여성,22,트레이너,복합성,26°C (체감),51%,"산뜻한 로션, 선크림, 블로팅 페이퍼",촉촉한 선쿠션과 립틴트로 화사한 인상을 연출할 수 있습니다.,일교차가 크므로 수분 크림으로 아침저녁 보습을 꼼꼼히 챙겨주세요.,날씨는 선선했는데 실내 난방 때문에 오히려 피부가 건조하고 번들거렸어요.
jiho07,아시아,북한,온대기후,연수,★★★★☆,남성,29,건축가,민감성,28°C (체감),54%,"수분 크림, 립틴트, 선쿠션",촉촉한 쿠션과 크림 블러셔로 생기 있는 룩을 연출하는 것을 추천합니다.,환절기 피부 컨디션 변화에 대비해 올인원 로션으로 간편하게 보습을 유지하세요.,사계절이 뚜렷한 곳이라 그런지 여행 기간 내내 온도 변화에 신경 써야 했어요.
haeun_world,유럽,북마케도니아,온대기후,경수,★★★★★,남성,43,건축가,지성,15°C (체감),64%,"저자극 크림, 진정 토너, 수분 마스크팩",가벼운 산뜻한 로션 타입으로 유분이 적은 제품 위주로 사용하세요.,실내외 온도차가 큰 날에는 수분크림을 자주 덧발라 주는 것이 좋습니다.,일교차가 커서 아침저녁으로 피부 컨디션이 완전히 달랐어요. 저자극 크림이 도움이 됐어요.
jiwoo99,유럽,북마케도니아,온대기후,경수,★★★☆☆,여성,50,일러스트레이터,지성,17°C (체감),47%,"산뜻한 로션, 선크림, 블로팅 페이퍼",촉촉한 선쿠션과 립틴트로 화사한 인상을 연출할 수 있습니다.,일교차가 크므로 수분 크림으로 아침저녁 보습을 꼼꼼히 챙겨주세요.,날씨는 선선했는데 실내 난방 때문에 오히려 피부가 건조하고 번들거렸어요.
daeun_mode,유럽,북마케도니아,온대기후,경수,★★★★☆,남성,57,회사원,지성,19°C (체감),50%,"수분 크림, 립틴트, 선쿠션",촉촉한 쿠션과 크림 블러셔로 생기 있는 룩을 연출하는 것을 추천합니다.,환절기 피부 컨디션 변화에 대비해 올인원 로션으로 간편하게 보습을 유지하세요.,사계절이 뚜렷한 곳이라 그런지 여행 기간 내내 온도 변화에 신경 써야 했어요.
dryskin07,유럽,북마케도니아,온대기후,경수,★★☆☆☆,여성,24,교사,지성,21°C (체감),53%,"수분 크림, 선크림, 립밤",가벼운 톤업로션 정도로 자연스럽게 표현하는 메이크업이 잘 어울립니다.,일교차로 예민해지기 쉬운 피부에는 저자극 진정 라인 사용을 권장합니다.,생각보다 자외선이 강해서 선크림을 안 쓰면 금방 붉어졌어요.
haeri_world,유럽,북마케도니아,온대기후,경수,★★★★☆,남성,31,요리사,지성,23°C (체감),56%,"올인원 로션, 선크림, 미스트",저자극 톤업크림 위주로 하고 색조는 최소화하는 것을 권장합니다.,실내 난방·냉방으로 건조해지기 쉬우니 블로팅 페이퍼와 미스트를 함께 챙기세요.,쾌적한 날씨였지만 건조해서 립밤과 수분크림을 자주 발라야 했어요.
luna01,유럽,북마케도니아,온대기후,경수,★★★★★,여성,38,자영업,지성,25°C (체감),59%,"저자극 크림, 진정 토너, 수분 마스크팩",가벼운 산뜻한 로션 타입으로 유분이 적은 제품 위주로 사용하세요.,실내외 온도차가 큰 날에는 수분크림을 자주 덧발라 주는 것이 좋습니다.,일교차가 커서 아침저녁으로 피부 컨디션이 완전히 달랐어요. 저자극 크림이 도움이 됐어요.
spflover_k,유럽,북마케도니아,온대기후,경수,★★★★☆,남성,45,여행가이드,지성,27°C (체감),62%,"산뜻한 로션, 선크림, 블로팅 페이퍼",촉촉한 선쿠션과 립틴트로 화사한 인상을 연출할 수 있습니다.,일교차가 크므로 수분 크림으로 아침저녁 보습을 꼼꼼히 챙겨주세요.,날씨는 선선했는데 실내 난방 때문에 오히려 피부가 건조하고 번들거렸어요.
areum_92,유럽,북마케도니아,온대기후,경수,★★★★☆,여성,52,작가,지성,15°C (체감),45%,"수분 크림, 립틴트, 선쿠션",촉촉한 쿠션과 크림 블러셔로 생기 있는 룩을 연출하는 것을 추천합니다.,환절기 피부 컨디션 변화에 대비해 올인원 로션으로 간편하게 보습을 유지하세요.,사계절이 뚜렷한 곳이라 그런지 여행 기간 내내 온도 변화에 신경 써야 했어요.
yeji_mode,유럽,북마케도니아,온대기후,경수,★★★☆☆,남성,59,연구원,지성,17°C (체감),48%,"수분 크림, 선크림, 립밤",가벼운 톤업로션 정도로 자연스럽게 표현하는 메이크업이 잘 어울립니다.,일교차로 예민해지기 쉬운 피부에는 저자극 진정 라인 사용을 권장합니다.,생각보다 자외선이 강해서 선크림을 안 쓰면 금방 붉어졌어요.
cushionfan_story,유럽,북마케도니아,온대기후,경수,★★★★☆,여성,26,바리스타,지성,19°C (체감),51%,"올인원 로션, 선크림, 미스트",저자극 톤업크림 위주로 하고 색조는 최소화하는 것을 권장합니다.,실내 난방·냉방으로 건조해지기 쉬우니 블로팅 페이퍼와 미스트를 함께 챙기세요.,쾌적한 날씨였지만 건조해서 립밤과 수분크림을 자주 발라야 했어요.
islandhopper_92,오세아니아,팔라우,열대기후,연수,★★☆☆☆,여성,28,공무원,지성,33°C (체감),87%,"저자극 선크림, 진정 스프레이, 수분 시트마스크",색조보다는 톤업 선크림 위주로 산뜻하게 마무리하는 것을 권장합니다.,피지 분비가 많아지는 시기이므로 클레이 마스크로 주 1~2회 관리해 주는 것을 추천합니다.,습도가 정말 높아서 화장이 금방 무너졌어요. 저자극 선크림 없이는 하루도 버티기 힘들었어요.
jihoon_diary,오세아니아,팔라우,열대기후,연수,★★★★☆,남성,35,회계사,지성,35°C (체감),90%,"가벼운 수분 선크림, 쿠션, 미스트",워터프루프 아이라이너와 마스카라로 땀과 습기에 대비하는 것이 좋습니다.,저녁에 이중세안을 꼭 하고 산뜻한 젤 타입 제품으로 유수분 밸런스를 유지하세요.,생각보다 더 더워서 땀 때문에 끈적임이 심했는데 가벼운 수분 선크림이 정말 큰 도움이 됐습니다.
glowygirl_daily,오세아니아,팔라우,열대기후,연수,★★★★★,여성,42,수의사,지성,30°C (체감),77%,"워터프루프 아이라이너, 피지 흡수 패드, 쿨링 젤",얇은 베이스에 워터프루프 제품 위주로 메이크업하고 픽싱 스프레이로 마무리하는 것을 추천합니다.,외출 중 블로팅 페이퍼로 피지를 자주 관리하고 쿨링 토너로 진정시켜 주세요.,야외 일정이 많았는데 자외선이 강해서 워터프루프 아이라이너을 자주 덧발라야 했어요.
barefaced99,오세아니아,팔라우,열대기후,연수,★★☆☆☆,남성,49,영업직,지성,32°C (체감),80%,"워터프루프 선크림, 피지 컨트롤 파우더, 픽싱 미스트",매트한 베이스로 유분과 땀을 컨트롤하며 색조는 최소화하는 것이 좋습니다.,자외선 노출 후에는 진정 스프레이와 수분 시트마스크로 피부를 달래주는 것이 좋습니다.,고온다습한 날씨 탓에 피부 트러블이 갑자기 올라와서 당황했어요.
barefaced_official,오세아니아,팔라우,열대기후,연수,★★★☆☆,여성,56,대학생,지성,34°C (체감),83%,"매트 선크림, 블로팅 페이퍼, 쿨링 토너",촉촉한 쿠션으로 습기에도 밀리지 않게 가볍게 표현하는 것을 추천합니다.,실내외 온습도 차이가 크므로 미스트로 수시로 수분을 보충해 주세요.,에어컨 실내와 습한 실외를 오가다 보니 피부 컨디션이 계속 오락가락했어요.
mia23,오세아니아,팔라우,열대기후,연수,★★★★★,남성,23,간호사,지성,36°C (체감),86%,"저자극 선크림, 진정 스프레이, 수분 시트마스크",색조보다는 톤업 선크림 위주로 산뜻하게 마무리하는 것을 권장합니다.,피지 분비가 많아지는 시기이므로 클레이 마스크로 주 1~2회 관리해 주는 것을 추천합니다.,습도가 정말 높아서 화장이 금방 무너졌어요. 저자극 선크림 없이는 하루도 버티기 힘들었어요.
seoyeon07,오세아니아,팔라우,열대기후,연수,★★★★☆,여성,30,사진작가,지성,31°C (체감),89%,"가벼운 수분 선크림, 쿠션, 미스트",워터프루프 아이라이너와 마스카라로 땀과 습기에 대비하는 것이 좋습니다.,저녁에 이중세안을 꼭 하고 산뜻한 젤 타입 제품으로 유수분 밸런스를 유지하세요.,생각보다 더 더워서 땀 때문에 끈적임이 심했는데 가벼운 수분 선크림이 정말 큰 도움이 됐습니다.
daeun_love,오세아니아,팔라우,열대기후,연수,★★☆☆☆,남성,37,엔지니어,지성,33°C (체감),76%,"워터프루프 아이라이너, 피지 흡수 패드, 쿨링 젤",얇은 베이스에 워터프루프 제품 위주로 메이크업하고 픽싱 스프레이로 마무리하는 것을 추천합니다.,외출 중 블로팅 페이퍼로 피지를 자주 관리하고 쿨링 토너로 진정시켜 주세요.,야외 일정이 많았는데 자외선이 강해서 워터프루프 아이라이너을 자주 덧발라야 했어요.
hyejin_vibe,오세아니아,팔라우,열대기후,연수,★★★★☆,여성,44,약사,지성,35°C (체감),79%,"워터프루프 선크림, 피지 컨트롤 파우더, 픽싱 미스트",매트한 베이스로 유분과 땀을 컨트롤하며 색조는 최소화하는 것이 좋습니다.,자외선 노출 후에는 진정 스프레이와 수분 시트마스크로 피부를 달래주는 것이 좋습니다.,고온다습한 날씨 탓에 피부 트러블이 갑자기 올라와서 당황했어요.
radiantme01,오세아니아,팔라우,열대기후,연수,★★★★★,남성,51,트레이너,지성,30°C (체감),82%,"매트 선크림, 블로팅 페이퍼, 쿨링 토너",촉촉한 쿠션으로 습기에도 밀리지 않게 가볍게 표현하는 것을 추천합니다.,실내외 온습도 차이가 크므로 미스트로 수시로 수분을 보충해 주세요.,에어컨 실내와 습한 실외를 오가다 보니 피부 컨디션이 계속 오락가락했어요.
sunkissed_vibe,아프리카,르완다,열대기후,연수,★★☆☆☆,여성,34,디자이너,복합성,35°C (체감),77%,"가벼운 수분 선크림, 쿠션, 미스트",워터프루프 아이라이너와 마스카라로 땀과 습기에 대비하는 것이 좋습니다.,저녁에 이중세안을 꼭 하고 산뜻한 젤 타입 제품으로 유수분 밸런스를 유지하세요.,생각보다 더 더워서 땀 때문에 끈적임이 심했는데 가벼운 수분 선크림이 정말 큰 도움이 됐습니다.
spflover_daily,아프리카,르완다,열대기후,연수,★★★☆☆,남성,41,승무원,복합성,30°C (체감),80%,"워터프루프 아이라이너, 피지 흡수 패드, 쿨링 젤",얇은 베이스에 워터프루프 제품 위주로 메이크업하고 픽싱 스프레이로 마무리하는 것을 추천합니다.,외출 중 블로팅 페이퍼로 피지를 자주 관리하고 쿨링 토너로 진정시켜 주세요.,야외 일정이 많았는데 자외선이 강해서 워터프루프 아이라이너을 자주 덧발라야 했어요.
balmaddict_diary,아프리카,르완다,열대기후,연수,★★★★★,여성,48,마케터,복합성,32°C (체감),83%,"워터프루프 선크림, 피지 컨트롤 파우더, 픽싱 미스트",매트한 베이스로 유분과 땀을 컨트롤하며 색조는 최소화하는 것이 좋습니다.,자외선 노출 후에는 진정 스프레이와 수분 시트마스크로 피부를 달래주는 것이 좋습니다.,고온다습한 날씨 탓에 피부 트러블이 갑자기 올라와서 당황했어요.
kyla_life,아프리카,르완다,열대기후,연수,★★★☆☆,남성,55,공무원,복합성,34°C (체감),86%,"매트 선크림, 블로팅 페이퍼, 쿨링 토너",촉촉한 쿠션으로 습기에도 밀리지 않게 가볍게 표현하는 것을 추천합니다.,실내외 온습도 차이가 크므로 미스트로 수시로 수분을 보충해 주세요.,에어컨 실내와 습한 실외를 오가다 보니 피부 컨디션이 계속 오락가락했어요.
minho07,아프리카,르완다,열대기후,연수,★★☆☆☆,여성,22,회계사,복합성,36°C (체감),89%,"저자극 선크림, 진정 스프레이, 수분 시트마스크",색조보다는 톤업 선크림 위주로 산뜻하게 마무리하는 것을 권장합니다.,피지 분비가 많아지는 시기이므로 클레이 마스크로 주 1~2회 관리해 주는 것을 추천합니다.,습도가 정말 높아서 화장이 금방 무너졌어요. 저자극 선크림 없이는 하루도 버티기 힘들었어요.
passportready_world,아프리카,르완다,열대기후,연수,★★★★☆,남성,29,수의사,복합성,31°C (체감),76%,"가벼운 수분 선크림, 쿠션, 미스트",워터프루프 아이라이너와 마스카라로 땀과 습기에 대비하는 것이 좋습니다.,저녁에 이중세안을 꼭 하고 산뜻한 젤 타입 제품으로 유수분 밸런스를 유지하세요.,생각보다 더 더워서 땀 때문에 끈적임이 심했는데 가벼운 수분 선크림이 정말 큰 도움이 됐습니다.
minji_life,아프리카,르완다,열대기후,연수,★★☆☆☆,여성,36,영업직,복합성,33°C (체감),79%,"워터프루프 아이라이너, 피지 흡수 패드, 쿨링 젤",얇은 베이스에 워터프루프 제품 위주로 메이크업하고 픽싱 스프레이로 마무리하는 것을 추천합니다.,외출 중 블로팅 페이퍼로 피지를 자주 관리하고 쿨링 토너로 진정시켜 주세요.,야외 일정이 많았는데 자외선이 강해서 워터프루프 아이라이너을 자주 덧발라야 했어요.
jihoon07,아프리카,르완다,열대기후,연수,★★★★☆,남성,43,대학생,복합성,35°C (체감),82%,"워터프루프 선크림, 피지 컨트롤 파우더, 픽싱 미스트",매트한 베이스로 유분과 땀을 컨트롤하며 색조는 최소화하는 것이 좋습니다.,자외선 노출 후에는 진정 스프레이와 수분 시트마스크로 피부를 달래주는 것이 좋습니다.,고온다습한 날씨 탓에 피부 트러블이 갑자기 올라와서 당황했어요.
dryskin_mode,아프리카,르완다,열대기후,연수,★★★★★,여성,50,간호사,복합성,30°C (체감),85%,"매트 선크림, 블로팅 페이퍼, 쿨링 토너",촉촉한 쿠션으로 습기에도 밀리지 않게 가볍게 표현하는 것을 추천합니다.,실내외 온습도 차이가 크므로 미스트로 수시로 수분을 보충해 주세요.,에어컨 실내와 습한 실외를 오가다 보니 피부 컨디션이 계속 오락가락했어요.
paul_92,아프리카,르완다,열대기후,연수,★★★☆☆,남성,57,사진작가,복합성,32°C (체감),88%,"저자극 선크림, 진정 스프레이, 수분 시트마스크",색조보다는 톤업 선크림 위주로 산뜻하게 마무리하는 것을 권장합니다.,피지 분비가 많아지는 시기이므로 클레이 마스크로 주 1~2회 관리해 주는 것을 추천합니다.,습도가 정말 높아서 화장이 금방 무너졌어요. 저자극 선크림 없이는 하루도 버티기 힘들었어요.
roadtripper_life,북아메리카,세인트키츠네비스,열대기후,경수,★★★☆☆,남성,51,회계사,건성,30°C (체감),78%,"워터프루프 선크림, 피지 컨트롤 파우더, 픽싱 미스트",매트한 베이스로 유분과 땀을 컨트롤하며 색조는 최소화하는 것이 좋습니다.,자외선 노출 후에는 진정 스프레이와 수분 시트마스크로 피부를 달래주는 것이 좋습니다.,고온다습한 날씨 탓에 피부 트러블이 갑자기 올라와서 당황했어요.
hyejin_world,북아메리카,세인트키츠네비스,열대기후,경수,★★☆☆☆,여성,58,수의사,지성,32°C (체감),81%,"매트 선크림, 블로팅 페이퍼, 쿨링 토너",촉촉한 쿠션으로 습기에도 밀리지 않게 가볍게 표현하는 것을 추천합니다.,실내외 온습도 차이가 크므로 미스트로 수시로 수분을 보충해 주세요.,에어컨 실내와 습한 실외를 오가다 보니 피부 컨디션이 계속 오락가락했어요.
eunji_zone,북아메리카,세인트키츠네비스,열대기후,경수,★★★☆☆,남성,25,영업직,복합성,34°C (체감),84%,"저자극 선크림, 진정 스프레이, 수분 시트마스크",색조보다는 톤업 선크림 위주로 산뜻하게 마무리하는 것을 권장합니다.,피지 분비가 많아지는 시기이므로 클레이 마스크로 주 1~2회 관리해 주는 것을 추천합니다.,습도가 정말 높아서 화장이 금방 무너졌어요. 저자극 선크림 없이는 하루도 버티기 힘들었어요.
jihoon88,북아메리카,세인트키츠네비스,열대기후,경수,★★☆☆☆,여성,32,대학생,민감성,36°C (체감),87%,"가벼운 수분 선크림, 쿠션, 미스트",워터프루프 아이라이너와 마스카라로 땀과 습기에 대비하는 것이 좋습니다.,저녁에 이중세안을 꼭 하고 산뜻한 젤 타입 제품으로 유수분 밸런스를 유지하세요.,생각보다 더 더워서 땀 때문에 끈적임이 심했는데 가벼운 수분 선크림이 정말 큰 도움이 됐습니다.
minji_official,북아메리카,세인트키츠네비스,열대기후,경수,★★★☆☆,남성,39,간호사,건성,31°C (체감),90%,"워터프루프 아이라이너, 피지 흡수 패드, 쿨링 젤",얇은 베이스에 워터프루프 제품 위주로 메이크업하고 픽싱 스프레이로 마무리하는 것을 추천합니다.,외출 중 블로팅 페이퍼로 피지를 자주 관리하고 쿨링 토너로 진정시켜 주세요.,야외 일정이 많았는데 자외선이 강해서 워터프루프 아이라이너을 자주 덧발라야 했어요.
humidmood_zone,북아메리카,세인트키츠네비스,열대기후,경수,★★★★☆,여성,46,사진작가,지성,33°C (체감),77%,"워터프루프 선크림, 피지 컨트롤 파우더, 픽싱 미스트",매트한 베이스로 유분과 땀을 컨트롤하며 색조는 최소화하는 것이 좋습니다.,자외선 노출 후에는 진정 스프레이와 수분 시트마스크로 피부를 달래주는 것이 좋습니다.,고온다습한 날씨 탓에 피부 트러블이 갑자기 올라와서 당황했어요.
minseo_ing,북아메리카,세인트키츠네비스,열대기후,경수,★★★★★,남성,53,엔지니어,복합성,35°C (체감),80%,"매트 선크림, 블로팅 페이퍼, 쿨링 토너",촉촉한 쿠션으로 습기에도 밀리지 않게 가볍게 표현하는 것을 추천합니다.,실내외 온습도 차이가 크므로 미스트로 수시로 수분을 보충해 주세요.,에어컨 실내와 습한 실외를 오가다 보니 피부 컨디션이 계속 오락가락했어요.
haeri_zone,북아메리카,세인트키츠네비스,열대기후,경수,★★★★★,여성,20,약사,민감성,30°C (체감),83%,"저자극 선크림, 진정 스프레이, 수분 시트마스크",색조보다는 톤업 선크림 위주로 산뜻하게 마무리하는 것을 권장합니다.,피지 분비가 많아지는 시기이므로 클레이 마스크로 주 1~2회 관리해 주는 것을 추천합니다.,습도가 정말 높아서 화장이 금방 무너졌어요. 저자극 선크림 없이는 하루도 버티기 힘들었어요.
glowygirl_story,북아메리카,세인트키츠네비스,열대기후,경수,★★★★★,남성,27,트레이너,건성,32°C (체감),86%,"가벼운 수분 선크림, 쿠션, 미스트",워터프루프 아이라이너와 마스카라로 땀과 습기에 대비하는 것이 좋습니다.,저녁에 이중세안을 꼭 하고 산뜻한 젤 타입 제품으로 유수분 밸런스를 유지하세요.,생각보다 더 더워서 땀 때문에 끈적임이 심했는데 가벼운 수분 선크림이 정말 큰 도움이 됐습니다.
somin_daily,북아메리카,세인트키츠네비스,열대기후,경수,★★☆☆☆,여성,34,건축가,지성,34°C (체감),89%,"워터프루프 아이라이너, 피지 흡수 패드, 쿨링 젤",얇은 베이스에 워터프루프 제품 위주로 메이크업하고 픽싱 스프레이로 마무리하는 것을 추천합니다.,외출 중 블로팅 페이퍼로 피지를 자주 관리하고 쿨링 토너로 진정시켜 주세요.,야외 일정이 많았는데 자외선이 강해서 워터프루프 아이라이너을 자주 덧발라야 했어요.
mia_log,북아메리카,세인트루시아,열대기후,경수,★★★☆☆,여성,50,요리사,민감성,31°C (체감),77%,"워터프루프 아이라이너, 피지 흡수 패드, 쿨링 젤",얇은 베이스에 워터프루프 제품 위주로 메이크업하고 픽싱 스프레이로 마무리하는 것을 추천합니다.,외출 중 블로팅 페이퍼로 피지를 자주 관리하고 쿨링 토너로 진정시켜 주세요.,야외 일정이 많았는데 자외선이 강해서 워터프루프 아이라이너을 자주 덧발라야 했어요.
hydrated_official,북아메리카,세인트루시아,열대기후,경수,★★☆☆☆,남성,57,자영업,민감성,33°C (체감),80%,"워터프루프 선크림, 피지 컨트롤 파우더, 픽싱 미스트",매트한 베이스로 유분과 땀을 컨트롤하며 색조는 최소화하는 것이 좋습니다.,자외선 노출 후에는 진정 스프레이와 수분 시트마스크로 피부를 달래주는 것이 좋습니다.,고온다습한 날씨 탓에 피부 트러블이 갑자기 올라와서 당황했어요.
rina_vibe,북아메리카,세인트루시아,열대기후,경수,★★★☆☆,여성,24,여행가이드,민감성,35°C (체감),83%,"매트 선크림, 블로팅 페이퍼, 쿨링 토너",촉촉한 쿠션으로 습기에도 밀리지 않게 가볍게 표현하는 것을 추천합니다.,실내외 온습도 차이가 크므로 미스트로 수시로 수분을 보충해 주세요.,에어컨 실내와 습한 실외를 오가다 보니 피부 컨디션이 계속 오락가락했어요.
iseul_92,북아메리카,세인트루시아,열대기후,경수,★★★★☆,남성,31,작가,민감성,30°C (체감),86%,"저자극 선크림, 진정 스프레이, 수분 시트마스크",색조보다는 톤업 선크림 위주로 산뜻하게 마무리하는 것을 권장합니다.,피지 분비가 많아지는 시기이므로 클레이 마스크로 주 1~2회 관리해 주는 것을 추천합니다.,습도가 정말 높아서 화장이 금방 무너졌어요. 저자극 선크림 없이는 하루도 버티기 힘들었어요.
spflover_love,북아메리카,세인트루시아,열대기후,경수,★★★★☆,여성,38,연구원,민감성,32°C (체감),89%,"가벼운 수분 선크림, 쿠션, 미스트",워터프루프 아이라이너와 마스카라로 땀과 습기에 대비하는 것이 좋습니다.,저녁에 이중세안을 꼭 하고 산뜻한 젤 타입 제품으로 유수분 밸런스를 유지하세요.,생각보다 더 더워서 땀 때문에 끈적임이 심했는데 가벼운 수분 선크림이 정말 큰 도움이 됐습니다.
dailyglow_mode,북아메리카,세인트루시아,열대기후,경수,★★★★★,남성,45,바리스타,민감성,34°C (체감),76%,"워터프루프 아이라이너, 피지 흡수 패드, 쿨링 젤",얇은 베이스에 워터프루프 제품 위주로 메이크업하고 픽싱 스프레이로 마무리하는 것을 추천합니다.,외출 중 블로팅 페이퍼로 피지를 자주 관리하고 쿨링 토너로 진정시켜 주세요.,야외 일정이 많았는데 자외선이 강해서 워터프루프 아이라이너을 자주 덧발라야 했어요.
serumfan_ing,북아메리카,세인트루시아,열대기후,경수,★★★★★,여성,52,프로그래머,민감성,36°C (체감),79%,"워터프루프 선크림, 피지 컨트롤 파우더, 픽싱 미스트",매트한 베이스로 유분과 땀을 컨트롤하며 색조는 최소화하는 것이 좋습니다.,자외선 노출 후에는 진정 스프레이와 수분 시트마스크로 피부를 달래주는 것이 좋습니다.,고온다습한 날씨 탓에 피부 트러블이 갑자기 올라와서 당황했어요.
seojun_official,북아메리카,세인트루시아,열대기후,경수,★★★★☆,남성,59,프리랜서,민감성,31°C (체감),82%,"매트 선크림, 블로팅 페이퍼, 쿨링 토너",촉촉한 쿠션으로 습기에도 밀리지 않게 가볍게 표현하는 것을 추천합니다.,실내외 온습도 차이가 크므로 미스트로 수시로 수분을 보충해 주세요.,에어컨 실내와 습한 실외를 오가다 보니 피부 컨디션이 계속 오락가락했어요.
jiho_vibe,북아메리카,세인트루시아,열대기후,경수,★★★★★,여성,26,디자이너,민감성,33°C (체감),85%,"저자극 선크림, 진정 스프레이, 수분 시트마스크",색조보다는 톤업 선크림 위주로 산뜻하게 마무리하는 것을 권장합니다.,피지 분비가 많아지는 시기이므로 클레이 마스크로 주 1~2회 관리해 주는 것을 추천합니다.,습도가 정말 높아서 화장이 금방 무너졌어요. 저자극 선크림 없이는 하루도 버티기 힘들었어요.
eunwoo_official,북아메리카,세인트루시아,열대기후,경수,★★★★★,남성,33,승무원,민감성,35°C (체감),88%,"가벼운 수분 선크림, 쿠션, 미스트",워터프루프 아이라이너와 마스카라로 땀과 습기에 대비하는 것이 좋습니다.,저녁에 이중세안을 꼭 하고 산뜻한 젤 타입 제품으로 유수분 밸런스를 유지하세요.,생각보다 더 더워서 땀 때문에 끈적임이 심했는데 가벼운 수분 선크림이 정말 큰 도움이 됐습니다.
funtraveler99,북아메리카,세인트빈센트그레나딘,열대기후,경수,★★★★☆,여성,30,바리스타,민감성,35°C (체감),89%,"워터프루프 아이라이너, 피지 흡수 패드, 쿨링 젤",얇은 베이스에 워터프루프 제품 위주로 메이크업하고 픽싱 스프레이로 마무리하는 것을 추천합니다.,외출 중 블로팅 페이퍼로 피지를 자주 관리하고 쿨링 토너로 진정시켜 주세요.,야외 일정이 많았는데 자외선이 강해서 워터프루프 아이라이너을 자주 덧발라야 했어요.
dahye_story,북아메리카,세인트빈센트그레나딘,열대기후,경수,★★★★★,남성,37,프로그래머,민감성,30°C (체감),76%,"워터프루프 선크림, 피지 컨트롤 파우더, 픽싱 미스트",매트한 베이스로 유분과 땀을 컨트롤하며 색조는 최소화하는 것이 좋습니다.,자외선 노출 후에는 진정 스프레이와 수분 시트마스크로 피부를 달래주는 것이 좋습니다.,고온다습한 날씨 탓에 피부 트러블이 갑자기 올라와서 당황했어요.
coolbreeze_daily,북아메리카,세인트빈센트그레나딘,열대기후,경수,★★★★★,여성,44,프리랜서,민감성,32°C (체감),79%,"매트 선크림, 블로팅 페이퍼, 쿨링 토너",촉촉한 쿠션으로 습기에도 밀리지 않게 가볍게 표현하는 것을 추천합니다.,실내외 온습도 차이가 크므로 미스트로 수시로 수분을 보충해 주세요.,에어컨 실내와 습한 실외를 오가다 보니 피부 컨디션이 계속 오락가락했어요.
nari07,북아메리카,세인트빈센트그레나딘,열대기후,경수,★★★★★,남성,51,디자이너,민감성,34°C (체감),82%,"저자극 선크림, 진정 스프레이, 수분 시트마스크",색조보다는 톤업 선크림 위주로 산뜻하게 마무리하는 것을 권장합니다.,피지 분비가 많아지는 시기이므로 클레이 마스크로 주 1~2회 관리해 주는 것을 추천합니다.,습도가 정말 높아서 화장이 금방 무너졌어요. 저자극 선크림 없이는 하루도 버티기 힘들었어요.
hyerin_k,북아메리카,세인트빈센트그레나딘,열대기후,경수,★★★★☆,여성,58,승무원,민감성,36°C (체감),85%,"가벼운 수분 선크림, 쿠션, 미스트",워터프루프 아이라이너와 마스카라로 땀과 습기에 대비하는 것이 좋습니다.,저녁에 이중세안을 꼭 하고 산뜻한 젤 타입 제품으로 유수분 밸런스를 유지하세요.,생각보다 더 더워서 땀 때문에 끈적임이 심했는데 가벼운 수분 선크림이 정말 큰 도움이 됐습니다.
radiantme_life,북아메리카,세인트빈센트그레나딘,열대기후,경수,★★★☆☆,남성,25,마케터,민감성,31°C (체감),88%,"워터프루프 아이라이너, 피지 흡수 패드, 쿨링 젤",얇은 베이스에 워터프루프 제품 위주로 메이크업하고 픽싱 스프레이로 마무리하는 것을 추천합니다.,외출 중 블로팅 페이퍼로 피지를 자주 관리하고 쿨링 토너로 진정시켜 주세요.,야외 일정이 많았는데 자외선이 강해서 워터프루프 아이라이너을 자주 덧발라야 했어요.
somin07,북아메리카,세인트빈센트그레나딘,열대기후,경수,★★★★☆,여성,32,공무원,민감성,33°C (체감),75%,"워터프루프 선크림, 피지 컨트롤 파우더, 픽싱 미스트",매트한 베이스로 유분과 땀을 컨트롤하며 색조는 최소화하는 것이 좋습니다.,자외선 노출 후에는 진정 스프레이와 수분 시트마스크로 피부를 달래주는 것이 좋습니다.,고온다습한 날씨 탓에 피부 트러블이 갑자기 올라와서 당황했어요.
rina23,북아메리카,세인트빈센트그레나딘,열대기후,경수,★★★☆☆,남성,39,회계사,민감성,35°C (체감),78%,"매트 선크림, 블로팅 페이퍼, 쿨링 토너",촉촉한 쿠션으로 습기에도 밀리지 않게 가볍게 표현하는 것을 추천합니다.,실내외 온습도 차이가 크므로 미스트로 수시로 수분을 보충해 주세요.,에어컨 실내와 습한 실외를 오가다 보니 피부 컨디션이 계속 오락가락했어요.
freshface23,북아메리카,세인트빈센트그레나딘,열대기후,경수,★★★☆☆,여성,46,수의사,민감성,30°C (체감),81%,"저자극 선크림, 진정 스프레이, 수분 시트마스크",색조보다는 톤업 선크림 위주로 산뜻하게 마무리하는 것을 권장합니다.,피지 분비가 많아지는 시기이므로 클레이 마스크로 주 1~2회 관리해 주는 것을 추천합니다.,습도가 정말 높아서 화장이 금방 무너졌어요. 저자극 선크림 없이는 하루도 버티기 힘들었어요.
sensitiveskin_daily,북아메리카,세인트빈센트그레나딘,열대기후,경수,★★★☆☆,남성,53,영업직,민감성,32°C (체감),84%,"가벼운 수분 선크림, 쿠션, 미스트",워터프루프 아이라이너와 마스카라로 땀과 습기에 대비하는 것이 좋습니다.,저녁에 이중세안을 꼭 하고 산뜻한 젤 타입 제품으로 유수분 밸런스를 유지하세요.,생각보다 더 더워서 땀 때문에 끈적임이 심했는데 가벼운 수분 선크림이 정말 큰 도움이 됐습니다.
chillmode_92,오세아니아,사모아,열대기후,연수,★★★☆☆,여성,36,사진작가,복합성,30°C (체감),79%,"워터프루프 선크림, 피지 컨트롤 파우더, 픽싱 미스트",매트한 베이스로 유분과 땀을 컨트롤하며 색조는 최소화하는 것이 좋습니다.,자외선 노출 후에는 진정 스프레이와 수분 시트마스크로 피부를 달래주는 것이 좋습니다.,고온다습한 날씨 탓에 피부 트러블이 갑자기 올라와서 당황했어요.
seoyeon_story,오세아니아,사모아,열대기후,연수,★★★★☆,남성,43,엔지니어,민감성,32°C (체감),82%,"매트 선크림, 블로팅 페이퍼, 쿨링 토너",촉촉한 쿠션으로 습기에도 밀리지 않게 가볍게 표현하는 것을 추천합니다.,실내외 온습도 차이가 크므로 미스트로 수시로 수분을 보충해 주세요.,에어컨 실내와 습한 실외를 오가다 보니 피부 컨디션이 계속 오락가락했어요.
sora_ing,오세아니아,사모아,열대기후,연수,★★★★★,여성,50,약사,건성,34°C (체감),85%,"저자극 선크림, 진정 스프레이, 수분 시트마스크",색조보다는 톤업 선크림 위주로 산뜻하게 마무리하는 것을 권장합니다.,피지 분비가 많아지는 시기이므로 클레이 마스크로 주 1~2회 관리해 주는 것을 추천합니다.,습도가 정말 높아서 화장이 금방 무너졌어요. 저자극 선크림 없이는 하루도 버티기 힘들었어요.
minho_note,오세아니아,사모아,열대기후,연수,★★★★★,남성,57,트레이너,지성,36°C (체감),88%,"가벼운 수분 선크림, 쿠션, 미스트",워터프루프 아이라이너와 마스카라로 땀과 습기에 대비하는 것이 좋습니다.,저녁에 이중세안을 꼭 하고 산뜻한 젤 타입 제품으로 유수분 밸런스를 유지하세요.,생각보다 더 더워서 땀 때문에 끈적임이 심했는데 가벼운 수분 선크림이 정말 큰 도움이 됐습니다.
beachbum_note,오세아니아,사모아,열대기후,연수,★★★★★,여성,24,건축가,복합성,31°C (체감),75%,"워터프루프 아이라이너, 피지 흡수 패드, 쿨링 젤",얇은 베이스에 워터프루프 제품 위주로 메이크업하고 픽싱 스프레이로 마무리하는 것을 추천합니다.,외출 중 블로팅 페이퍼로 피지를 자주 관리하고 쿨링 토너로 진정시켜 주세요.,야외 일정이 많았는데 자외선이 강해서 워터프루프 아이라이너을 자주 덧발라야 했어요.
weekendtrip88,오세아니아,사모아,열대기후,연수,★★★★★,남성,31,일러스트레이터,민감성,33°C (체감),78%,"워터프루프 선크림, 피지 컨트롤 파우더, 픽싱 미스트",매트한 베이스로 유분과 땀을 컨트롤하며 색조는 최소화하는 것이 좋습니다.,자외선 노출 후에는 진정 스프레이와 수분 시트마스크로 피부를 달래주는 것이 좋습니다.,고온다습한 날씨 탓에 피부 트러블이 갑자기 올라와서 당황했어요.
jina99,오세아니아,사모아,열대기후,연수,★★★★☆,여성,38,회사원,건성,35°C (체감),81%,"매트 선크림, 블로팅 페이퍼, 쿨링 토너",촉촉한 쿠션으로 습기에도 밀리지 않게 가볍게 표현하는 것을 추천합니다.,실내외 온습도 차이가 크므로 미스트로 수시로 수분을 보충해 주세요.,에어컨 실내와 습한 실외를 오가다 보니 피부 컨디션이 계속 오락가락했어요.
yerim_official,오세아니아,사모아,열대기후,연수,★★★★☆,남성,45,교사,지성,30°C (체감),84%,"저자극 선크림, 진정 스프레이, 수분 시트마스크",색조보다는 톤업 선크림 위주로 산뜻하게 마무리하는 것을 권장합니다.,피지 분비가 많아지는 시기이므로 클레이 마스크로 주 1~2회 관리해 주는 것을 추천합니다.,습도가 정말 높아서 화장이 금방 무너졌어요. 저자극 선크림 없이는 하루도 버티기 힘들었어요.
sunny_92,오세아니아,사모아,열대기후,연수,★★★★★,여성,52,요리사,복합성,32°C (체감),87%,"가벼운 수분 선크림, 쿠션, 미스트",워터프루프 아이라이너와 마스카라로 땀과 습기에 대비하는 것이 좋습니다.,저녁에 이중세안을 꼭 하고 산뜻한 젤 타입 제품으로 유수분 밸런스를 유지하세요.,생각보다 더 더워서 땀 때문에 끈적임이 심했는데 가벼운 수분 선크림이 정말 큰 도움이 됐습니다.
eunji_92,오세아니아,사모아,열대기후,연수,★★★★★,남성,59,자영업,민감성,34°C (체감),90%,"워터프루프 아이라이너, 피지 흡수 패드, 쿨링 젤",얇은 베이스에 워터프루프 제품 위주로 메이크업하고 픽싱 스프레이로 마무리하는 것을 추천합니다.,외출 중 블로팅 페이퍼로 피지를 자주 관리하고 쿨링 토너로 진정시켜 주세요.,야외 일정이 많았는데 자외선이 강해서 워터프루프 아이라이너을 자주 덧발라야 했어요.
frostyvibe01,유럽,산마리노,온대기후,경수,★★★☆☆,여성,54,엔지니어,복합성,16°C (체감),55%,"산뜻한 로션, 선크림, 블로팅 페이퍼",촉촉한 선쿠션과 립틴트로 화사한 인상을 연출할 수 있습니다.,일교차가 크므로 수분 크림으로 아침저녁 보습을 꼼꼼히 챙겨주세요.,날씨는 선선했는데 실내 난방 때문에 오히려 피부가 건조하고 번들거렸어요.
chorong_official,유럽,산마리노,온대기후,경수,★☆☆☆☆,남성,21,약사,복합성,18°C (체감),58%,"수분 크림, 립틴트, 선쿠션",촉촉한 쿠션과 크림 블러셔로 생기 있는 룩을 연출하는 것을 추천합니다.,환절기 피부 컨디션 변화에 대비해 올인원 로션으로 간편하게 보습을 유지하세요.,사계절이 뚜렷한 곳이라 그런지 여행 기간 내내 온도 변화에 신경 써야 했어요.
bomi01,유럽,산마리노,온대기후,경수,★★★☆☆,여성,28,트레이너,복합성,20°C (체감),61%,"수분 크림, 선크림, 립밤",가벼운 톤업로션 정도로 자연스럽게 표현하는 메이크업이 잘 어울립니다.,일교차로 예민해지기 쉬운 피부에는 저자극 진정 라인 사용을 권장합니다.,생각보다 자외선이 강해서 선크림을 안 쓰면 금방 붉어졌어요.
moisturemax_love,유럽,산마리노,온대기후,경수,★★★★★,남성,35,건축가,복합성,22°C (체감),64%,"올인원 로션, 선크림, 미스트",저자극 톤업크림 위주로 하고 색조는 최소화하는 것을 권장합니다.,실내 난방·냉방으로 건조해지기 쉬우니 블로팅 페이퍼와 미스트를 함께 챙기세요.,쾌적한 날씨였지만 건조해서 립밤과 수분크림을 자주 발라야 했어요.
spflover_log,유럽,산마리노,온대기후,경수,★★★☆☆,여성,42,일러스트레이터,복합성,24°C (체감),47%,"저자극 크림, 진정 토너, 수분 마스크팩",가벼운 산뜻한 로션 타입으로 유분이 적은 제품 위주로 사용하세요.,실내외 온도차가 큰 날에는 수분크림을 자주 덧발라 주는 것이 좋습니다.,일교차가 커서 아침저녁으로 피부 컨디션이 완전히 달랐어요. 저자극 크림이 도움이 됐어요.
subin01,유럽,산마리노,온대기후,경수,★★★☆☆,남성,49,회사원,복합성,26°C (체감),50%,"산뜻한 로션, 선크림, 블로팅 페이퍼",촉촉한 선쿠션과 립틴트로 화사한 인상을 연출할 수 있습니다.,일교차가 크므로 수분 크림으로 아침저녁 보습을 꼼꼼히 챙겨주세요.,날씨는 선선했는데 실내 난방 때문에 오히려 피부가 건조하고 번들거렸어요.
oilyskin99,유럽,산마리노,온대기후,경수,★★★★☆,여성,56,교사,복합성,28°C (체감),53%,"수분 크림, 립틴트, 선쿠션",촉촉한 쿠션과 크림 블러셔로 생기 있는 룩을 연출하는 것을 추천합니다.,환절기 피부 컨디션 변화에 대비해 올인원 로션으로 간편하게 보습을 유지하세요.,사계절이 뚜렷한 곳이라 그런지 여행 기간 내내 온도 변화에 신경 써야 했어요.
jiho_mode,유럽,산마리노,온대기후,경수,★★★★☆,남성,23,요리사,복합성,16°C (체감),56%,"수분 크림, 선크림, 립밤",가벼운 톤업로션 정도로 자연스럽게 표현하는 메이크업이 잘 어울립니다.,일교차로 예민해지기 쉬운 피부에는 저자극 진정 라인 사용을 권장합니다.,생각보다 자외선이 강해서 선크림을 안 쓰면 금방 붉어졌어요.
kyla_log,유럽,산마리노,온대기후,경수,★★☆☆☆,여성,30,자영업,복합성,18°C (체감),59%,"올인원 로션, 선크림, 미스트",저자극 톤업크림 위주로 하고 색조는 최소화하는 것을 권장합니다.,실내 난방·냉방으로 건조해지기 쉬우니 블로팅 페이퍼와 미스트를 함께 챙기세요.,쾌적한 날씨였지만 건조해서 립밤과 수분크림을 자주 발라야 했어요.
dailyglow01,유럽,산마리노,온대기후,경수,★★★★☆,남성,37,여행가이드,복합성,20°C (체감),62%,"저자극 크림, 진정 토너, 수분 마스크팩",가벼운 산뜻한 로션 타입으로 유분이 적은 제품 위주로 사용하세요.,실내외 온도차가 큰 날에는 수분크림을 자주 덧발라 주는 것이 좋습니다.,일교차가 커서 아침저녁으로 피부 컨디션이 완전히 달랐어요. 저자극 크림이 도움이 됐어요.
mountainhiker_zone,아프리카,상투메프린시페,열대기후,연수,★★★☆☆,여성,52,교사,건성,36°C (체감),87%,"매트 선크림, 블로팅 페이퍼, 쿨링 토너",촉촉한 쿠션으로 습기에도 밀리지 않게 가볍게 표현하는 것을 추천합니다.,실내외 온습도 차이가 크므로 미스트로 수시로 수분을 보충해 주세요.,에어컨 실내와 습한 실외를 오가다 보니 피부 컨디션이 계속 오락가락했어요.
haru_vibe,아프리카,상투메프린시페,열대기후,연수,★★★★★,남성,59,요리사,건성,31°C (체감),90%,"저자극 선크림, 진정 스프레이, 수분 시트마스크",색조보다는 톤업 선크림 위주로 산뜻하게 마무리하는 것을 권장합니다.,피지 분비가 많아지는 시기이므로 클레이 마스크로 주 1~2회 관리해 주는 것을 추천합니다.,습도가 정말 높아서 화장이 금방 무너졌어요. 저자극 선크림 없이는 하루도 버티기 힘들었어요.
minjun_world,아프리카,상투메프린시페,열대기후,연수,★★★☆☆,여성,26,자영업,건성,33°C (체감),77%,"가벼운 수분 선크림, 쿠션, 미스트",워터프루프 아이라이너와 마스카라로 땀과 습기에 대비하는 것이 좋습니다.,저녁에 이중세안을 꼭 하고 산뜻한 젤 타입 제품으로 유수분 밸런스를 유지하세요.,생각보다 더 더워서 땀 때문에 끈적임이 심했는데 가벼운 수분 선크림이 정말 큰 도움이 됐습니다.
desertrose_love,아프리카,상투메프린시페,열대기후,연수,★★★★☆,남성,33,여행가이드,건성,35°C (체감),80%,"워터프루프 아이라이너, 피지 흡수 패드, 쿨링 젤",얇은 베이스에 워터프루프 제품 위주로 메이크업하고 픽싱 스프레이로 마무리하는 것을 추천합니다.,외출 중 블로팅 페이퍼로 피지를 자주 관리하고 쿨링 토너로 진정시켜 주세요.,야외 일정이 많았는데 자외선이 강해서 워터프루프 아이라이너을 자주 덧발라야 했어요.
hayoung07,아프리카,상투메프린시페,열대기후,연수,★★★★★,여성,40,작가,건성,30°C (체감),83%,"워터프루프 선크림, 피지 컨트롤 파우더, 픽싱 미스트",매트한 베이스로 유분과 땀을 컨트롤하며 색조는 최소화하는 것이 좋습니다.,자외선 노출 후에는 진정 스프레이와 수분 시트마스크로 피부를 달래주는 것이 좋습니다.,고온다습한 날씨 탓에 피부 트러블이 갑자기 올라와서 당황했어요.
hydrated_mode,아프리카,상투메프린시페,열대기후,연수,★★★★☆,남성,47,연구원,건성,32°C (체감),86%,"매트 선크림, 블로팅 페이퍼, 쿨링 토너",촉촉한 쿠션으로 습기에도 밀리지 않게 가볍게 표현하는 것을 추천합니다.,실내외 온습도 차이가 크므로 미스트로 수시로 수분을 보충해 주세요.,에어컨 실내와 습한 실외를 오가다 보니 피부 컨디션이 계속 오락가락했어요.
daeun01,아프리카,상투메프린시페,열대기후,연수,★★★☆☆,여성,54,바리스타,건성,34°C (체감),89%,"저자극 선크림, 진정 스프레이, 수분 시트마스크",색조보다는 톤업 선크림 위주로 산뜻하게 마무리하는 것을 권장합니다.,피지 분비가 많아지는 시기이므로 클레이 마스크로 주 1~2회 관리해 주는 것을 추천합니다.,습도가 정말 높아서 화장이 금방 무너졌어요. 저자극 선크림 없이는 하루도 버티기 힘들었어요.
jiho_note,아프리카,상투메프린시페,열대기후,연수,★★★★☆,남성,21,프로그래머,건성,36°C (체감),76%,"가벼운 수분 선크림, 쿠션, 미스트",워터프루프 아이라이너와 마스카라로 땀과 습기에 대비하는 것이 좋습니다.,저녁에 이중세안을 꼭 하고 산뜻한 젤 타입 제품으로 유수분 밸런스를 유지하세요.,생각보다 더 더워서 땀 때문에 끈적임이 심했는데 가벼운 수분 선크림이 정말 큰 도움이 됐습니다.
desertrose07,아프리카,상투메프린시페,열대기후,연수,★★★★★,여성,28,프리랜서,건성,31°C (체감),79%,"워터프루프 아이라이너, 피지 흡수 패드, 쿨링 젤",얇은 베이스에 워터프루프 제품 위주로 메이크업하고 픽싱 스프레이로 마무리하는 것을 추천합니다.,외출 중 블로팅 페이퍼로 피지를 자주 관리하고 쿨링 토너로 진정시켜 주세요.,야외 일정이 많았는데 자외선이 강해서 워터프루프 아이라이너을 자주 덧발라야 했어요.
haeun_92,아프리카,상투메프린시페,열대기후,연수,★★★☆☆,남성,35,디자이너,건성,33°C (체감),82%,"워터프루프 선크림, 피지 컨트롤 파우더, 픽싱 미스트",매트한 베이스로 유분과 땀을 컨트롤하며 색조는 최소화하는 것이 좋습니다.,자외선 노출 후에는 진정 스프레이와 수분 시트마스크로 피부를 달래주는 것이 좋습니다.,고온다습한 날씨 탓에 피부 트러블이 갑자기 올라와서 당황했어요.
minji07,아프리카,세네갈,건조기후,경수,★☆☆☆☆,남성,27,영업직,건성,34°C (체감),18%,"저자극 선크림, 진정 젤, 수분 세럼",가벼운 수분 쿠션으로 건조함을 커버하며 자연스러운 룩을 연출하세요.,낮은 습도로 인한 수분 손실을 막기 위해 고보습 크림을 겹겹이 발라주세요.,사막성 기후라 그런지 평소보다 피부가 훨씬 건조해지는 걸 느꼈어요.
haeri_story,아프리카,세네갈,건조기후,경수,★☆☆☆☆,여성,34,대학생,건성,36°C (체감),21%,"수분 로션, 선크림, 핸드크림",고보습 베이스 제품으로 들뜸 없이 매끈한 피부 표현이 가능합니다.,입술과 손이 트기 쉬우므로 립밤과 핸드크림을 항상 휴대하는 것이 좋습니다.,낮은 습도 때문에 피부가 계속 당기고 화장이 들떴어요. 수분 로션이 필수였습니다.
suncareguru_daily,아프리카,세네갈,건조기후,경수,★★★★★,남성,41,간호사,건성,38°C (체감),24%,"고SPF 선크림, 쿨링 미스트, 립밤",립 제품은 보습 밤 타입을 선택해 건조함으로 인한 각질을 예방하세요.,건조한 기후이므로 미스트를 수시로 뿌려 수분을 보충하는 것이 중요합니다.,일교차가 커서 낮에는 덥고 밤에는 쌀쌀해 피부가 예민해졌어요.
sensitiveskin_log,아프리카,세네갈,건조기후,경수,★★★★☆,여성,48,사진작가,건성,40°C (체감),27%,"수분 크림, 선쿠션, 진정 스프레이",촉촉한 베이스에 크림 타입 블러셔로 생기를 더하는 메이크업을 추천합니다.,강한 햇빛 대비 SPF 높은 제품을 사용하고 쿨링 미스트로 열감을 진정시켜 주세요.,건조한 바람 때문에 입술과 볼이 자주 텄어요. 수분 크림 없이는 힘들었을 것 같아요.
coolbreeze_official,아프리카,세네갈,건조기후,경수,★★★★☆,남성,55,엔지니어,건성,28°C (체감),30%,"고보습 선크림, 미스트, 영양 크림",메이크업은 최소화하고 톤업 선크림으로 자연스럽게 마무리하는 것을 권장합니다.,자외선 노출 후 진정 젤로 쿨다운하고 세럼으로 수분을 채워주는 것을 추천합니다.,햇빛이 강렬해서 선크림을 2~3시간마다 덧발라야 했어요.
luna_zone,아프리카,세네갈,건조기후,경수,★★★★★,여성,22,약사,건성,30°C (체감),33%,"저자극 선크림, 진정 젤, 수분 세럼",가벼운 수분 쿠션으로 건조함을 커버하며 자연스러운 룩을 연출하세요.,낮은 습도로 인한 수분 손실을 막기 위해 고보습 크림을 겹겹이 발라주세요.,사막성 기후라 그런지 평소보다 피부가 훨씬 건조해지는 걸 느꼈어요.
softskin_zone,아프리카,세네갈,건조기후,경수,★★★★☆,남성,29,트레이너,건성,32°C (체감),16%,"수분 로션, 선크림, 핸드크림",고보습 베이스 제품으로 들뜸 없이 매끈한 피부 표현이 가능합니다.,입술과 손이 트기 쉬우므로 립밤과 핸드크림을 항상 휴대하는 것이 좋습니다.,낮은 습도 때문에 피부가 계속 당기고 화장이 들떴어요. 수분 로션이 필수였습니다.
dewyskin_world,아프리카,세네갈,건조기후,경수,★★★★★,여성,36,건축가,건성,34°C (체감),19%,"고SPF 선크림, 쿨링 미스트, 립밤",립 제품은 보습 밤 타입을 선택해 건조함으로 인한 각질을 예방하세요.,건조한 기후이므로 미스트를 수시로 뿌려 수분을 보충하는 것이 중요합니다.,일교차가 커서 낮에는 덥고 밤에는 쌀쌀해 피부가 예민해졌어요.
daon_official,아프리카,세네갈,건조기후,경수,★★★★☆,남성,43,일러스트레이터,건성,36°C (체감),22%,"수분 크림, 선쿠션, 진정 스프레이",촉촉한 베이스에 크림 타입 블러셔로 생기를 더하는 메이크업을 추천합니다.,강한 햇빛 대비 SPF 높은 제품을 사용하고 쿨링 미스트로 열감을 진정시켜 주세요.,건조한 바람 때문에 입술과 볼이 자주 텄어요. 수분 크림 없이는 힘들었을 것 같아요.
minho88,아프리카,세네갈,건조기후,경수,★★★☆☆,여성,50,회사원,건성,38°C (체감),25%,"고보습 선크림, 미스트, 영양 크림",메이크업은 최소화하고 톤업 선크림으로 자연스럽게 마무리하는 것을 권장합니다.,자외선 노출 후 진정 젤로 쿨다운하고 세럼으로 수분을 채워주는 것을 추천합니다.,햇빛이 강렬해서 선크림을 2~3시간마다 덧발라야 했어요.
radiantme_diary,아프리카,세이셸,열대기후,연수,★★★★☆,여성,44,엔지니어,복합성,34°C (체감),87%,"가벼운 수분 선크림, 쿠션, 미스트",워터프루프 아이라이너와 마스카라로 땀과 습기에 대비하는 것이 좋습니다.,저녁에 이중세안을 꼭 하고 산뜻한 젤 타입 제품으로 유수분 밸런스를 유지하세요.,생각보다 더 더워서 땀 때문에 끈적임이 심했는데 가벼운 수분 선크림이 정말 큰 도움이 됐습니다.
quinn_daily,아프리카,세이셸,열대기후,연수,★☆☆☆☆,남성,51,약사,복합성,36°C (체감),90%,"워터프루프 아이라이너, 피지 흡수 패드, 쿨링 젤",얇은 베이스에 워터프루프 제품 위주로 메이크업하고 픽싱 스프레이로 마무리하는 것을 추천합니다.,외출 중 블로팅 페이퍼로 피지를 자주 관리하고 쿨링 토너로 진정시켜 주세요.,야외 일정이 많았는데 자외선이 강해서 워터프루프 아이라이너을 자주 덧발라야 했어요.
yuna_ing,아프리카,세이셸,열대기후,연수,★★★★★,여성,58,트레이너,복합성,31°C (체감),77%,"워터프루프 선크림, 피지 컨트롤 파우더, 픽싱 미스트",매트한 베이스로 유분과 땀을 컨트롤하며 색조는 최소화하는 것이 좋습니다.,자외선 노출 후에는 진정 스프레이와 수분 시트마스크로 피부를 달래주는 것이 좋습니다.,고온다습한 날씨 탓에 피부 트러블이 갑자기 올라와서 당황했어요.
sunkissed88,아프리카,세이셸,열대기후,연수,★★★★★,남성,25,건축가,복합성,33°C (체감),80%,"매트 선크림, 블로팅 페이퍼, 쿨링 토너",촉촉한 쿠션으로 습기에도 밀리지 않게 가볍게 표현하는 것을 추천합니다.,실내외 온습도 차이가 크므로 미스트로 수시로 수분을 보충해 주세요.,에어컨 실내와 습한 실외를 오가다 보니 피부 컨디션이 계속 오락가락했어요.
chillmode_life,아프리카,세이셸,열대기후,연수,★★★★★,여성,32,일러스트레이터,복합성,35°C (체감),83%,"저자극 선크림, 진정 스프레이, 수분 시트마스크",색조보다는 톤업 선크림 위주로 산뜻하게 마무리하는 것을 권장합니다.,피지 분비가 많아지는 시기이므로 클레이 마스크로 주 1~2회 관리해 주는 것을 추천합니다.,습도가 정말 높아서 화장이 금방 무너졌어요. 저자극 선크림 없이는 하루도 버티기 힘들었어요.
yoonseo_love,아프리카,세이셸,열대기후,연수,★★★☆☆,남성,39,회사원,복합성,30°C (체감),86%,"가벼운 수분 선크림, 쿠션, 미스트",워터프루프 아이라이너와 마스카라로 땀과 습기에 대비하는 것이 좋습니다.,저녁에 이중세안을 꼭 하고 산뜻한 젤 타입 제품으로 유수분 밸런스를 유지하세요.,생각보다 더 더워서 땀 때문에 끈적임이 심했는데 가벼운 수분 선크림이 정말 큰 도움이 됐습니다.
oilyskin_92,아프리카,세이셸,열대기후,연수,★★★★★,여성,46,교사,복합성,32°C (체감),89%,"워터프루프 아이라이너, 피지 흡수 패드, 쿨링 젤",얇은 베이스에 워터프루프 제품 위주로 메이크업하고 픽싱 스프레이로 마무리하는 것을 추천합니다.,외출 중 블로팅 페이퍼로 피지를 자주 관리하고 쿨링 토너로 진정시켜 주세요.,야외 일정이 많았는데 자외선이 강해서 워터프루프 아이라이너을 자주 덧발라야 했어요.
sunnytraveler_zone,아프리카,세이셸,열대기후,연수,★★★★★,남성,53,요리사,복합성,34°C (체감),76%,"워터프루프 선크림, 피지 컨트롤 파우더, 픽싱 미스트",매트한 베이스로 유분과 땀을 컨트롤하며 색조는 최소화하는 것이 좋습니다.,자외선 노출 후에는 진정 스프레이와 수분 시트마스크로 피부를 달래주는 것이 좋습니다.,고온다습한 날씨 탓에 피부 트러블이 갑자기 올라와서 당황했어요.
yoona_zone,아프리카,세이셸,열대기후,연수,★★★★☆,여성,20,자영업,복합성,36°C (체감),79%,"매트 선크림, 블로팅 페이퍼, 쿨링 토너",촉촉한 쿠션으로 습기에도 밀리지 않게 가볍게 표현하는 것을 추천합니다.,실내외 온습도 차이가 크므로 미스트로 수시로 수분을 보충해 주세요.,에어컨 실내와 습한 실외를 오가다 보니 피부 컨디션이 계속 오락가락했어요.
hydrated_k,아프리카,세이셸,열대기후,연수,★☆☆☆☆,남성,27,여행가이드,복합성,31°C (체감),82%,"저자극 선크림, 진정 스프레이, 수분 시트마스크",색조보다는 톤업 선크림 위주로 산뜻하게 마무리하는 것을 권장합니다.,피지 분비가 많아지는 시기이므로 클레이 마스크로 주 1~2회 관리해 주는 것을 추천합니다.,습도가 정말 높아서 화장이 금방 무너졌어요. 저자극 선크림 없이는 하루도 버티기 힘들었어요.
backpacklife99,아프리카,시에라리온,열대기후,연수,★★★☆☆,여성,50,요리사,민감성,36°C (체감),77%,"워터프루프 아이라이너, 피지 흡수 패드, 쿨링 젤",얇은 베이스에 워터프루프 제품 위주로 메이크업하고 픽싱 스프레이로 마무리하는 것을 추천합니다.,외출 중 블로팅 페이퍼로 피지를 자주 관리하고 쿨링 토너로 진정시켜 주세요.,야외 일정이 많았는데 자외선이 강해서 워터프루프 아이라이너을 자주 덧발라야 했어요.
skinfirst88,아프리카,시에라리온,열대기후,연수,★☆☆☆☆,남성,57,자영업,민감성,31°C (체감),80%,"워터프루프 선크림, 피지 컨트롤 파우더, 픽싱 미스트",매트한 베이스로 유분과 땀을 컨트롤하며 색조는 최소화하는 것이 좋습니다.,자외선 노출 후에는 진정 스프레이와 수분 시트마스크로 피부를 달래주는 것이 좋습니다.,고온다습한 날씨 탓에 피부 트러블이 갑자기 올라와서 당황했어요.
quinn99,아프리카,시에라리온,열대기후,연수,★★☆☆☆,여성,24,여행가이드,민감성,33°C (체감),83%,"매트 선크림, 블로팅 페이퍼, 쿨링 토너",촉촉한 쿠션으로 습기에도 밀리지 않게 가볍게 표현하는 것을 추천합니다.,실내외 온습도 차이가 크므로 미스트로 수시로 수분을 보충해 주세요.,에어컨 실내와 습한 실외를 오가다 보니 피부 컨디션이 계속 오락가락했어요.
haeri88,아프리카,시에라리온,열대기후,연수,★★★★☆,남성,31,작가,민감성,35°C (체감),86%,"저자극 선크림, 진정 스프레이, 수분 시트마스크",색조보다는 톤업 선크림 위주로 산뜻하게 마무리하는 것을 권장합니다.,피지 분비가 많아지는 시기이므로 클레이 마스크로 주 1~2회 관리해 주는 것을 추천합니다.,습도가 정말 높아서 화장이 금방 무너졌어요. 저자극 선크림 없이는 하루도 버티기 힘들었어요.
wanderlust88,아프리카,시에라리온,열대기후,연수,★★★★★,여성,38,연구원,민감성,30°C (체감),89%,"가벼운 수분 선크림, 쿠션, 미스트",워터프루프 아이라이너와 마스카라로 땀과 습기에 대비하는 것이 좋습니다.,저녁에 이중세안을 꼭 하고 산뜻한 젤 타입 제품으로 유수분 밸런스를 유지하세요.,생각보다 더 더워서 땀 때문에 끈적임이 심했는데 가벼운 수분 선크림이 정말 큰 도움이 됐습니다.
jiyoung_ing,아프리카,시에라리온,열대기후,연수,★★★☆☆,남성,45,바리스타,민감성,32°C (체감),76%,"워터프루프 아이라이너, 피지 흡수 패드, 쿨링 젤",얇은 베이스에 워터프루프 제품 위주로 메이크업하고 픽싱 스프레이로 마무리하는 것을 추천합니다.,외출 중 블로팅 페이퍼로 피지를 자주 관리하고 쿨링 토너로 진정시켜 주세요.,야외 일정이 많았는데 자외선이 강해서 워터프루프 아이라이너을 자주 덧발라야 했어요.
calmnface_mode,아프리카,시에라리온,열대기후,연수,★★★★★,여성,52,프로그래머,민감성,34°C (체감),79%,"워터프루프 선크림, 피지 컨트롤 파우더, 픽싱 미스트",매트한 베이스로 유분과 땀을 컨트롤하며 색조는 최소화하는 것이 좋습니다.,자외선 노출 후에는 진정 스프레이와 수분 시트마스크로 피부를 달래주는 것이 좋습니다.,고온다습한 날씨 탓에 피부 트러블이 갑자기 올라와서 당황했어요.
daeun_zone,아프리카,시에라리온,열대기후,연수,★★★★★,남성,59,프리랜서,민감성,36°C (체감),82%,"매트 선크림, 블로팅 페이퍼, 쿨링 토너",촉촉한 쿠션으로 습기에도 밀리지 않게 가볍게 표현하는 것을 추천합니다.,실내외 온습도 차이가 크므로 미스트로 수시로 수분을 보충해 주세요.,에어컨 실내와 습한 실외를 오가다 보니 피부 컨디션이 계속 오락가락했어요.
somin_mode,아프리카,시에라리온,열대기후,연수,★★★★☆,여성,26,디자이너,민감성,31°C (체감),85%,"저자극 선크림, 진정 스프레이, 수분 시트마스크",색조보다는 톤업 선크림 위주로 산뜻하게 마무리하는 것을 권장합니다.,피지 분비가 많아지는 시기이므로 클레이 마스크로 주 1~2회 관리해 주는 것을 추천합니다.,습도가 정말 높아서 화장이 금방 무너졌어요. 저자극 선크림 없이는 하루도 버티기 힘들었어요.
sora_zone,아프리카,시에라리온,열대기후,연수,★★★☆☆,남성,33,승무원,민감성,33°C (체감),88%,"가벼운 수분 선크림, 쿠션, 미스트",워터프루프 아이라이너와 마스카라로 땀과 습기에 대비하는 것이 좋습니다.,저녁에 이중세안을 꼭 하고 산뜻한 젤 타입 제품으로 유수분 밸런스를 유지하세요.,생각보다 더 더워서 땀 때문에 끈적임이 심했는데 가벼운 수분 선크림이 정말 큰 도움이 됐습니다.
sunny_ing,오세아니아,솔로몬제도,열대기후,연수,★★★★☆,남성,49,작가,복합성,31°C (체감),84%,"가벼운 수분 선크림, 쿠션, 미스트",워터프루프 아이라이너와 마스카라로 땀과 습기에 대비하는 것이 좋습니다.,저녁에 이중세안을 꼭 하고 산뜻한 젤 타입 제품으로 유수분 밸런스를 유지하세요.,생각보다 더 더워서 땀 때문에 끈적임이 심했는데 가벼운 수분 선크림이 정말 큰 도움이 됐습니다.
softskin_mode,오세아니아,솔로몬제도,열대기후,연수,★★★★☆,여성,56,연구원,복합성,33°C (체감),87%,"워터프루프 아이라이너, 피지 흡수 패드, 쿨링 젤",얇은 베이스에 워터프루프 제품 위주로 메이크업하고 픽싱 스프레이로 마무리하는 것을 추천합니다.,외출 중 블로팅 페이퍼로 피지를 자주 관리하고 쿨링 토너로 진정시켜 주세요.,야외 일정이 많았는데 자외선이 강해서 워터프루프 아이라이너을 자주 덧발라야 했어요.
seungmin_mode,오세아니아,솔로몬제도,열대기후,연수,★★★★★,남성,23,바리스타,복합성,35°C (체감),90%,"워터프루프 선크림, 피지 컨트롤 파우더, 픽싱 미스트",매트한 베이스로 유분과 땀을 컨트롤하며 색조는 최소화하는 것이 좋습니다.,자외선 노출 후에는 진정 스프레이와 수분 시트마스크로 피부를 달래주는 것이 좋습니다.,고온다습한 날씨 탓에 피부 트러블이 갑자기 올라와서 당황했어요.
backpacklife_diary,오세아니아,솔로몬제도,열대기후,연수,★★★★★,여성,30,프로그래머,복합성,30°C (체감),77%,"매트 선크림, 블로팅 페이퍼, 쿨링 토너",촉촉한 쿠션으로 습기에도 밀리지 않게 가볍게 표현하는 것을 추천합니다.,실내외 온습도 차이가 크므로 미스트로 수시로 수분을 보충해 주세요.,에어컨 실내와 습한 실외를 오가다 보니 피부 컨디션이 계속 오락가락했어요.
coolbreeze_ing,오세아니아,솔로몬제도,열대기후,연수,★★★★☆,남성,37,프리랜서,복합성,32°C (체감),80%,"저자극 선크림, 진정 스프레이, 수분 시트마스크",색조보다는 톤업 선크림 위주로 산뜻하게 마무리하는 것을 권장합니다.,피지 분비가 많아지는 시기이므로 클레이 마스크로 주 1~2회 관리해 주는 것을 추천합니다.,습도가 정말 높아서 화장이 금방 무너졌어요. 저자극 선크림 없이는 하루도 버티기 힘들었어요.
serumfan_diary,오세아니아,솔로몬제도,열대기후,연수,★★★★☆,여성,44,디자이너,복합성,34°C (체감),83%,"가벼운 수분 선크림, 쿠션, 미스트",워터프루프 아이라이너와 마스카라로 땀과 습기에 대비하는 것이 좋습니다.,저녁에 이중세안을 꼭 하고 산뜻한 젤 타입 제품으로 유수분 밸런스를 유지하세요.,생각보다 더 더워서 땀 때문에 끈적임이 심했는데 가벼운 수분 선크림이 정말 큰 도움이 됐습니다.
travelbug07,오세아니아,솔로몬제도,열대기후,연수,★★★★☆,남성,51,승무원,복합성,36°C (체감),86%,"워터프루프 아이라이너, 피지 흡수 패드, 쿨링 젤",얇은 베이스에 워터프루프 제품 위주로 메이크업하고 픽싱 스프레이로 마무리하는 것을 추천합니다.,외출 중 블로팅 페이퍼로 피지를 자주 관리하고 쿨링 토너로 진정시켜 주세요.,야외 일정이 많았는데 자외선이 강해서 워터프루프 아이라이너을 자주 덧발라야 했어요.
tintedlips_ing,오세아니아,솔로몬제도,열대기후,연수,★★★☆☆,여성,58,마케터,복합성,31°C (체감),89%,"워터프루프 선크림, 피지 컨트롤 파우더, 픽싱 미스트",매트한 베이스로 유분과 땀을 컨트롤하며 색조는 최소화하는 것이 좋습니다.,자외선 노출 후에는 진정 스프레이와 수분 시트마스크로 피부를 달래주는 것이 좋습니다.,고온다습한 날씨 탓에 피부 트러블이 갑자기 올라와서 당황했어요.
subin_log,오세아니아,솔로몬제도,열대기후,연수,★★★★☆,남성,25,공무원,복합성,33°C (체감),76%,"매트 선크림, 블로팅 페이퍼, 쿨링 토너",촉촉한 쿠션으로 습기에도 밀리지 않게 가볍게 표현하는 것을 추천합니다.,실내외 온습도 차이가 크므로 미스트로 수시로 수분을 보충해 주세요.,에어컨 실내와 습한 실외를 오가다 보니 피부 컨디션이 계속 오락가락했어요.
jisoo_world,오세아니아,솔로몬제도,열대기후,연수,★★☆☆☆,여성,32,회계사,복합성,35°C (체감),79%,"저자극 선크림, 진정 스프레이, 수분 시트마스크",색조보다는 톤업 선크림 위주로 산뜻하게 마무리하는 것을 권장합니다.,피지 분비가 많아지는 시기이므로 클레이 마스크로 주 1~2회 관리해 주는 것을 추천합니다.,습도가 정말 높아서 화장이 금방 무너졌어요. 저자극 선크림 없이는 하루도 버티기 힘들었어요.
yoonseo23,아프리카,소말리아,건조기후,경수,★★☆☆☆,남성,57,영업직,건성,28°C (체감),28%,"저자극 선크림, 진정 젤, 수분 세럼",가벼운 수분 쿠션으로 건조함을 커버하며 자연스러운 룩을 연출하세요.,낮은 습도로 인한 수분 손실을 막기 위해 고보습 크림을 겹겹이 발라주세요.,사막성 기후라 그런지 평소보다 피부가 훨씬 건조해지는 걸 느꼈어요.
mattefinish_daily,아프리카,소말리아,건조기후,경수,★★★★☆,여성,24,대학생,건성,30°C (체감),31%,"수분 로션, 선크림, 핸드크림",고보습 베이스 제품으로 들뜸 없이 매끈한 피부 표현이 가능합니다.,입술과 손이 트기 쉬우므로 립밤과 핸드크림을 항상 휴대하는 것이 좋습니다.,낮은 습도 때문에 피부가 계속 당기고 화장이 들떴어요. 수분 로션이 필수였습니다.
gina_note,아프리카,소말리아,건조기후,경수,★★★★☆,남성,31,간호사,건성,32°C (체감),34%,"고SPF 선크림, 쿨링 미스트, 립밤",립 제품은 보습 밤 타입을 선택해 건조함으로 인한 각질을 예방하세요.,건조한 기후이므로 미스트를 수시로 뿌려 수분을 보충하는 것이 중요합니다.,일교차가 커서 낮에는 덥고 밤에는 쌀쌀해 피부가 예민해졌어요.
nayeon_zone,아프리카,소말리아,건조기후,경수,★★★★☆,여성,38,사진작가,건성,34°C (체감),17%,"수분 크림, 선쿠션, 진정 스프레이",촉촉한 베이스에 크림 타입 블러셔로 생기를 더하는 메이크업을 추천합니다.,강한 햇빛 대비 SPF 높은 제품을 사용하고 쿨링 미스트로 열감을 진정시켜 주세요.,건조한 바람 때문에 입술과 볼이 자주 텄어요. 수분 크림 없이는 힘들었을 것 같아요.
yuna_story,아프리카,소말리아,건조기후,경수,★★★★★,남성,45,엔지니어,건성,36°C (체감),20%,"고보습 선크림, 미스트, 영양 크림",메이크업은 최소화하고 톤업 선크림으로 자연스럽게 마무리하는 것을 권장합니다.,자외선 노출 후 진정 젤로 쿨다운하고 세럼으로 수분을 채워주는 것을 추천합니다.,햇빛이 강렬해서 선크림을 2~3시간마다 덧발라야 했어요.
sora_daily,아프리카,소말리아,건조기후,경수,★★★★★,여성,52,약사,건성,38°C (체감),23%,"저자극 선크림, 진정 젤, 수분 세럼",가벼운 수분 쿠션으로 건조함을 커버하며 자연스러운 룩을 연출하세요.,낮은 습도로 인한 수분 손실을 막기 위해 고보습 크림을 겹겹이 발라주세요.,사막성 기후라 그런지 평소보다 피부가 훨씬 건조해지는 걸 느꼈어요.
yoona_vibe,아프리카,소말리아,건조기후,경수,★★★☆☆,남성,59,트레이너,건성,40°C (체감),26%,"수분 로션, 선크림, 핸드크림",고보습 베이스 제품으로 들뜸 없이 매끈한 피부 표현이 가능합니다.,입술과 손이 트기 쉬우므로 립밤과 핸드크림을 항상 휴대하는 것이 좋습니다.,낮은 습도 때문에 피부가 계속 당기고 화장이 들떴어요. 수분 로션이 필수였습니다.
yeji_world,아프리카,소말리아,건조기후,경수,★★★★☆,여성,26,건축가,건성,28°C (체감),29%,"고SPF 선크림, 쿨링 미스트, 립밤",립 제품은 보습 밤 타입을 선택해 건조함으로 인한 각질을 예방하세요.,건조한 기후이므로 미스트를 수시로 뿌려 수분을 보충하는 것이 중요합니다.,일교차가 커서 낮에는 덥고 밤에는 쌀쌀해 피부가 예민해졌어요.
cushionfan_diary,아프리카,소말리아,건조기후,경수,★★★★★,남성,33,일러스트레이터,건성,30°C (체감),32%,"수분 크림, 선쿠션, 진정 스프레이",촉촉한 베이스에 크림 타입 블러셔로 생기를 더하는 메이크업을 추천합니다.,강한 햇빛 대비 SPF 높은 제품을 사용하고 쿨링 미스트로 열감을 진정시켜 주세요.,건조한 바람 때문에 입술과 볼이 자주 텄어요. 수분 크림 없이는 힘들었을 것 같아요.
desertrose_note,아프리카,소말리아,건조기후,경수,★★★★☆,여성,40,회사원,건성,32°C (체감),15%,"고보습 선크림, 미스트, 영양 크림",메이크업은 최소화하고 톤업 선크림으로 자연스럽게 마무리하는 것을 권장합니다.,자외선 노출 후 진정 젤로 쿨다운하고 세럼으로 수분을 채워주는 것을 추천합니다.,햇빛이 강렬해서 선크림을 2~3시간마다 덧발라야 했어요.
luna_story,아프리카,남수단,열대기후,연수,★★★★★,여성,26,회계사,건성,30°C (체감),85%,"워터프루프 선크림, 피지 컨트롤 파우더, 픽싱 미스트",매트한 베이스로 유분과 땀을 컨트롤하며 색조는 최소화하는 것이 좋습니다.,자외선 노출 후에는 진정 스프레이와 수분 시트마스크로 피부를 달래주는 것이 좋습니다.,고온다습한 날씨 탓에 피부 트러블이 갑자기 올라와서 당황했어요.
jetsetter_diary,아프리카,남수단,열대기후,연수,★★★★★,남성,33,수의사,지성,32°C (체감),88%,"매트 선크림, 블로팅 페이퍼, 쿨링 토너",촉촉한 쿠션으로 습기에도 밀리지 않게 가볍게 표현하는 것을 추천합니다.,실내외 온습도 차이가 크므로 미스트로 수시로 수분을 보충해 주세요.,에어컨 실내와 습한 실외를 오가다 보니 피부 컨디션이 계속 오락가락했어요.
seungmin_life,아프리카,남수단,열대기후,연수,★★★★★,여성,40,영업직,복합성,34°C (체감),75%,"저자극 선크림, 진정 스프레이, 수분 시트마스크",색조보다는 톤업 선크림 위주로 산뜻하게 마무리하는 것을 권장합니다.,피지 분비가 많아지는 시기이므로 클레이 마스크로 주 1~2회 관리해 주는 것을 추천합니다.,습도가 정말 높아서 화장이 금방 무너졌어요. 저자극 선크림 없이는 하루도 버티기 힘들었어요.
yerin_diary,아프리카,남수단,열대기후,연수,★★★★☆,남성,47,대학생,민감성,36°C (체감),78%,"가벼운 수분 선크림, 쿠션, 미스트",워터프루프 아이라이너와 마스카라로 땀과 습기에 대비하는 것이 좋습니다.,저녁에 이중세안을 꼭 하고 산뜻한 젤 타입 제품으로 유수분 밸런스를 유지하세요.,생각보다 더 더워서 땀 때문에 끈적임이 심했는데 가벼운 수분 선크림이 정말 큰 도움이 됐습니다.
rina_world,아프리카,남수단,열대기후,연수,★★★☆☆,여성,54,간호사,건성,31°C (체감),81%,"워터프루프 아이라이너, 피지 흡수 패드, 쿨링 젤",얇은 베이스에 워터프루프 제품 위주로 메이크업하고 픽싱 스프레이로 마무리하는 것을 추천합니다.,외출 중 블로팅 페이퍼로 피지를 자주 관리하고 쿨링 토너로 진정시켜 주세요.,야외 일정이 많았는데 자외선이 강해서 워터프루프 아이라이너을 자주 덧발라야 했어요.
packlight_zone,아프리카,남수단,열대기후,연수,★★★☆☆,남성,21,사진작가,지성,33°C (체감),84%,"워터프루프 선크림, 피지 컨트롤 파우더, 픽싱 미스트",매트한 베이스로 유분과 땀을 컨트롤하며 색조는 최소화하는 것이 좋습니다.,자외선 노출 후에는 진정 스프레이와 수분 시트마스크로 피부를 달래주는 것이 좋습니다.,고온다습한 날씨 탓에 피부 트러블이 갑자기 올라와서 당황했어요.
chorong_note,아프리카,남수단,열대기후,연수,★★★★☆,여성,28,엔지니어,복합성,35°C (체감),87%,"매트 선크림, 블로팅 페이퍼, 쿨링 토너",촉촉한 쿠션으로 습기에도 밀리지 않게 가볍게 표현하는 것을 추천합니다.,실내외 온습도 차이가 크므로 미스트로 수시로 수분을 보충해 주세요.,에어컨 실내와 습한 실외를 오가다 보니 피부 컨디션이 계속 오락가락했어요.
haeun_ing,아프리카,남수단,열대기후,연수,★★★★★,남성,35,약사,민감성,30°C (체감),90%,"저자극 선크림, 진정 스프레이, 수분 시트마스크",색조보다는 톤업 선크림 위주로 산뜻하게 마무리하는 것을 권장합니다.,피지 분비가 많아지는 시기이므로 클레이 마스크로 주 1~2회 관리해 주는 것을 추천합니다.,습도가 정말 높아서 화장이 금방 무너졌어요. 저자극 선크림 없이는 하루도 버티기 힘들었어요.
olivia_daily,아프리카,남수단,열대기후,연수,★★★★☆,여성,42,트레이너,건성,32°C (체감),77%,"가벼운 수분 선크림, 쿠션, 미스트",워터프루프 아이라이너와 마스카라로 땀과 습기에 대비하는 것이 좋습니다.,저녁에 이중세안을 꼭 하고 산뜻한 젤 타입 제품으로 유수분 밸런스를 유지하세요.,생각보다 더 더워서 땀 때문에 끈적임이 심했는데 가벼운 수분 선크림이 정말 큰 도움이 됐습니다.
globetrotter_log,아프리카,남수단,열대기후,연수,★★★★★,남성,49,건축가,지성,34°C (체감),80%,"워터프루프 아이라이너, 피지 흡수 패드, 쿨링 젤",얇은 베이스에 워터프루프 제품 위주로 메이크업하고 픽싱 스프레이로 마무리하는 것을 추천합니다.,외출 중 블로팅 페이퍼로 피지를 자주 관리하고 쿨링 토너로 진정시켜 주세요.,야외 일정이 많았는데 자외선이 강해서 워터프루프 아이라이너을 자주 덧발라야 했어요.
humidmood_note,아프리카,수단,건조기후,경수,★★★★★,여성,24,엔지니어,복합성,37°C (체감),15%,"고SPF 선크림, 쿨링 미스트, 립밤",립 제품은 보습 밤 타입을 선택해 건조함으로 인한 각질을 예방하세요.,건조한 기후이므로 미스트를 수시로 뿌려 수분을 보충하는 것이 중요합니다.,일교차가 커서 낮에는 덥고 밤에는 쌀쌀해 피부가 예민해졌어요.
mattefinish07,아프리카,수단,건조기후,경수,★★★★★,남성,31,약사,복합성,39°C (체감),18%,"수분 크림, 선쿠션, 진정 스프레이",촉촉한 베이스에 크림 타입 블러셔로 생기를 더하는 메이크업을 추천합니다.,강한 햇빛 대비 SPF 높은 제품을 사용하고 쿨링 미스트로 열감을 진정시켜 주세요.,건조한 바람 때문에 입술과 볼이 자주 텄어요. 수분 크림 없이는 힘들었을 것 같아요.
yoonseo_mode,아프리카,수단,건조기후,경수,★★★★★,여성,38,트레이너,복합성,41°C (체감),21%,"고보습 선크림, 미스트, 영양 크림",메이크업은 최소화하고 톤업 선크림으로 자연스럽게 마무리하는 것을 권장합니다.,자외선 노출 후 진정 젤로 쿨다운하고 세럼으로 수분을 채워주는 것을 추천합니다.,햇빛이 강렬해서 선크림을 2~3시간마다 덧발라야 했어요.
beachbum01,아프리카,수단,건조기후,경수,★★★★★,남성,45,건축가,복합성,29°C (체감),24%,"저자극 선크림, 진정 젤, 수분 세럼",가벼운 수분 쿠션으로 건조함을 커버하며 자연스러운 룩을 연출하세요.,낮은 습도로 인한 수분 손실을 막기 위해 고보습 크림을 겹겹이 발라주세요.,사막성 기후라 그런지 평소보다 피부가 훨씬 건조해지는 걸 느꼈어요.
suji_mode,아프리카,수단,건조기후,경수,★☆☆☆☆,여성,52,일러스트레이터,복합성,31°C (체감),27%,"수분 로션, 선크림, 핸드크림",고보습 베이스 제품으로 들뜸 없이 매끈한 피부 표현이 가능합니다.,입술과 손이 트기 쉬우므로 립밤과 핸드크림을 항상 휴대하는 것이 좋습니다.,낮은 습도 때문에 피부가 계속 당기고 화장이 들떴어요. 수분 로션이 필수였습니다.
tropicalgirl_zone,아프리카,수단,건조기후,경수,★★★★★,남성,59,회사원,복합성,33°C (체감),30%,"고SPF 선크림, 쿨링 미스트, 립밤",립 제품은 보습 밤 타입을 선택해 건조함으로 인한 각질을 예방하세요.,건조한 기후이므로 미스트를 수시로 뿌려 수분을 보충하는 것이 중요합니다.,일교차가 커서 낮에는 덥고 밤에는 쌀쌀해 피부가 예민해졌어요.
sunny_love,아프리카,수단,건조기후,경수,★☆☆☆☆,여성,26,교사,복합성,35°C (체감),33%,"수분 크림, 선쿠션, 진정 스프레이",촉촉한 베이스에 크림 타입 블러셔로 생기를 더하는 메이크업을 추천합니다.,강한 햇빛 대비 SPF 높은 제품을 사용하고 쿨링 미스트로 열감을 진정시켜 주세요.,건조한 바람 때문에 입술과 볼이 자주 텄어요. 수분 크림 없이는 힘들었을 것 같아요.
dohyun_92,아프리카,수단,건조기후,경수,★★★☆☆,남성,33,요리사,복합성,37°C (체감),16%,"고보습 선크림, 미스트, 영양 크림",메이크업은 최소화하고 톤업 선크림으로 자연스럽게 마무리하는 것을 권장합니다.,자외선 노출 후 진정 젤로 쿨다운하고 세럼으로 수분을 채워주는 것을 추천합니다.,햇빛이 강렬해서 선크림을 2~3시간마다 덧발라야 했어요.
dryskin01,아프리카,수단,건조기후,경수,★★★☆☆,여성,40,자영업,복합성,39°C (체감),19%,"저자극 선크림, 진정 젤, 수분 세럼",가벼운 수분 쿠션으로 건조함을 커버하며 자연스러운 룩을 연출하세요.,낮은 습도로 인한 수분 손실을 막기 위해 고보습 크림을 겹겹이 발라주세요.,사막성 기후라 그런지 평소보다 피부가 훨씬 건조해지는 걸 느꼈어요.
travelbug_official,아프리카,수단,건조기후,경수,★★★★★,남성,47,여행가이드,복합성,41°C (체감),22%,"수분 로션, 선크림, 핸드크림",고보습 베이스 제품으로 들뜸 없이 매끈한 피부 표현이 가능합니다.,입술과 손이 트기 쉬우므로 립밤과 핸드크림을 항상 휴대하는 것이 좋습니다.,낮은 습도 때문에 피부가 계속 당기고 화장이 들떴어요. 수분 로션이 필수였습니다.
minseo23,남아메리카,수리남,열대기후,연수,★★★☆☆,남성,43,공무원,지성,34°C (체감),78%,"저자극 선크림, 진정 스프레이, 수분 시트마스크",색조보다는 톤업 선크림 위주로 산뜻하게 마무리하는 것을 권장합니다.,피지 분비가 많아지는 시기이므로 클레이 마스크로 주 1~2회 관리해 주는 것을 추천합니다.,습도가 정말 높아서 화장이 금방 무너졌어요. 저자극 선크림 없이는 하루도 버티기 힘들었어요.
calmnface_daily,남아메리카,수리남,열대기후,연수,★★★★★,여성,50,회계사,지성,36°C (체감),81%,"가벼운 수분 선크림, 쿠션, 미스트",워터프루프 아이라이너와 마스카라로 땀과 습기에 대비하는 것이 좋습니다.,저녁에 이중세안을 꼭 하고 산뜻한 젤 타입 제품으로 유수분 밸런스를 유지하세요.,생각보다 더 더워서 땀 때문에 끈적임이 심했는데 가벼운 수분 선크림이 정말 큰 도움이 됐습니다.
nari23,남아메리카,수리남,열대기후,연수,★★★★☆,남성,57,수의사,지성,31°C (체감),84%,"워터프루프 아이라이너, 피지 흡수 패드, 쿨링 젤",얇은 베이스에 워터프루프 제품 위주로 메이크업하고 픽싱 스프레이로 마무리하는 것을 추천합니다.,외출 중 블로팅 페이퍼로 피지를 자주 관리하고 쿨링 토너로 진정시켜 주세요.,야외 일정이 많았는데 자외선이 강해서 워터프루프 아이라이너을 자주 덧발라야 했어요.
seoyeon_vibe,남아메리카,수리남,열대기후,연수,★★★★☆,여성,24,영업직,지성,33°C (체감),87%,"워터프루프 선크림, 피지 컨트롤 파우더, 픽싱 미스트",매트한 베이스로 유분과 땀을 컨트롤하며 색조는 최소화하는 것이 좋습니다.,자외선 노출 후에는 진정 스프레이와 수분 시트마스크로 피부를 달래주는 것이 좋습니다.,고온다습한 날씨 탓에 피부 트러블이 갑자기 올라와서 당황했어요.
balmaddict23,남아메리카,수리남,열대기후,연수,★★☆☆☆,남성,31,대학생,지성,35°C (체감),90%,"매트 선크림, 블로팅 페이퍼, 쿨링 토너",촉촉한 쿠션으로 습기에도 밀리지 않게 가볍게 표현하는 것을 추천합니다.,실내외 온습도 차이가 크므로 미스트로 수시로 수분을 보충해 주세요.,에어컨 실내와 습한 실외를 오가다 보니 피부 컨디션이 계속 오락가락했어요.
yerin_note,남아메리카,수리남,열대기후,연수,★★★★★,여성,38,간호사,지성,30°C (체감),77%,"저자극 선크림, 진정 스프레이, 수분 시트마스크",색조보다는 톤업 선크림 위주로 산뜻하게 마무리하는 것을 권장합니다.,피지 분비가 많아지는 시기이므로 클레이 마스크로 주 1~2회 관리해 주는 것을 추천합니다.,습도가 정말 높아서 화장이 금방 무너졌어요. 저자극 선크림 없이는 하루도 버티기 힘들었어요.
somin88,남아메리카,수리남,열대기후,연수,★★★★★,남성,45,사진작가,지성,32°C (체감),80%,"가벼운 수분 선크림, 쿠션, 미스트",워터프루프 아이라이너와 마스카라로 땀과 습기에 대비하는 것이 좋습니다.,저녁에 이중세안을 꼭 하고 산뜻한 젤 타입 제품으로 유수분 밸런스를 유지하세요.,생각보다 더 더워서 땀 때문에 끈적임이 심했는데 가벼운 수분 선크림이 정말 큰 도움이 됐습니다.
sora_note,남아메리카,수리남,열대기후,연수,★★★★☆,여성,52,엔지니어,지성,34°C (체감),83%,"워터프루프 아이라이너, 피지 흡수 패드, 쿨링 젤",얇은 베이스에 워터프루프 제품 위주로 메이크업하고 픽싱 스프레이로 마무리하는 것을 추천합니다.,외출 중 블로팅 페이퍼로 피지를 자주 관리하고 쿨링 토너로 진정시켜 주세요.,야외 일정이 많았는데 자외선이 강해서 워터프루프 아이라이너을 자주 덧발라야 했어요.
balmaddict_life,남아메리카,수리남,열대기후,연수,★★★★☆,남성,59,약사,지성,36°C (체감),86%,"워터프루프 선크림, 피지 컨트롤 파우더, 픽싱 미스트",매트한 베이스로 유분과 땀을 컨트롤하며 색조는 최소화하는 것이 좋습니다.,자외선 노출 후에는 진정 스프레이와 수분 시트마스크로 피부를 달래주는 것이 좋습니다.,고온다습한 날씨 탓에 피부 트러블이 갑자기 올라와서 당황했어요.
soojin_story,남아메리카,수리남,열대기후,연수,★★★★☆,여성,26,트레이너,지성,31°C (체감),89%,"매트 선크림, 블로팅 페이퍼, 쿨링 토너",촉촉한 쿠션으로 습기에도 밀리지 않게 가볍게 표현하는 것을 추천합니다.,실내외 온습도 차이가 크므로 미스트로 수시로 수분을 보충해 주세요.,에어컨 실내와 습한 실외를 오가다 보니 피부 컨디션이 계속 오락가락했어요.
humidmood_official,아시아,시리아,건조기후,경수,★★★★★,남성,59,디자이너,복합성,34°C (체감),30%,"고SPF 선크림, 쿨링 미스트, 립밤",립 제품은 보습 밤 타입을 선택해 건조함으로 인한 각질을 예방하세요.,건조한 기후이므로 미스트를 수시로 뿌려 수분을 보충하는 것이 중요합니다.,일교차가 커서 낮에는 덥고 밤에는 쌀쌀해 피부가 예민해졌어요.
weekendtrip_note,아시아,시리아,건조기후,경수,★★★★☆,여성,26,승무원,복합성,36°C (체감),33%,"수분 크림, 선쿠션, 진정 스프레이",촉촉한 베이스에 크림 타입 블러셔로 생기를 더하는 메이크업을 추천합니다.,강한 햇빛 대비 SPF 높은 제품을 사용하고 쿨링 미스트로 열감을 진정시켜 주세요.,건조한 바람 때문에 입술과 볼이 자주 텄어요. 수분 크림 없이는 힘들었을 것 같아요.
areum_official,아시아,시리아,건조기후,경수,★★★☆☆,남성,33,마케터,복합성,38°C (체감),16%,"고보습 선크림, 미스트, 영양 크림",메이크업은 최소화하고 톤업 선크림으로 자연스럽게 마무리하는 것을 권장합니다.,자외선 노출 후 진정 젤로 쿨다운하고 세럼으로 수분을 채워주는 것을 추천합니다.,햇빛이 강렬해서 선크림을 2~3시간마다 덧발라야 했어요.
areum_story,아시아,시리아,건조기후,경수,★★★★☆,여성,40,공무원,복합성,40°C (체감),19%,"저자극 선크림, 진정 젤, 수분 세럼",가벼운 수분 쿠션으로 건조함을 커버하며 자연스러운 룩을 연출하세요.,낮은 습도로 인한 수분 손실을 막기 위해 고보습 크림을 겹겹이 발라주세요.,사막성 기후라 그런지 평소보다 피부가 훨씬 건조해지는 걸 느꼈어요.
spflover_zone,아시아,시리아,건조기후,경수,★★★★★,남성,47,회계사,복합성,28°C (체감),22%,"수분 로션, 선크림, 핸드크림",고보습 베이스 제품으로 들뜸 없이 매끈한 피부 표현이 가능합니다.,입술과 손이 트기 쉬우므로 립밤과 핸드크림을 항상 휴대하는 것이 좋습니다.,낮은 습도 때문에 피부가 계속 당기고 화장이 들떴어요. 수분 로션이 필수였습니다.
jiyeon_official,아시아,시리아,건조기후,경수,★★★★★,여성,54,수의사,복합성,30°C (체감),25%,"고SPF 선크림, 쿨링 미스트, 립밤",립 제품은 보습 밤 타입을 선택해 건조함으로 인한 각질을 예방하세요.,건조한 기후이므로 미스트를 수시로 뿌려 수분을 보충하는 것이 중요합니다.,일교차가 커서 낮에는 덥고 밤에는 쌀쌀해 피부가 예민해졌어요.
freshface_daily,아시아,시리아,건조기후,경수,★★★★★,남성,21,영업직,복합성,32°C (체감),28%,"수분 크림, 선쿠션, 진정 스프레이",촉촉한 베이스에 크림 타입 블러셔로 생기를 더하는 메이크업을 추천합니다.,강한 햇빛 대비 SPF 높은 제품을 사용하고 쿨링 미스트로 열감을 진정시켜 주세요.,건조한 바람 때문에 입술과 볼이 자주 텄어요. 수분 크림 없이는 힘들었을 것 같아요.
minho_world,아시아,시리아,건조기후,경수,★★☆☆☆,여성,28,대학생,복합성,34°C (체감),31%,"고보습 선크림, 미스트, 영양 크림",메이크업은 최소화하고 톤업 선크림으로 자연스럽게 마무리하는 것을 권장합니다.,자외선 노출 후 진정 젤로 쿨다운하고 세럼으로 수분을 채워주는 것을 추천합니다.,햇빛이 강렬해서 선크림을 2~3시간마다 덧발라야 했어요.
hydrated_daily,아시아,시리아,건조기후,경수,★★★★★,남성,35,간호사,복합성,36°C (체감),34%,"저자극 선크림, 진정 젤, 수분 세럼",가벼운 수분 쿠션으로 건조함을 커버하며 자연스러운 룩을 연출하세요.,낮은 습도로 인한 수분 손실을 막기 위해 고보습 크림을 겹겹이 발라주세요.,사막성 기후라 그런지 평소보다 피부가 훨씬 건조해지는 걸 느꼈어요.
spflover_vibe,아시아,시리아,건조기후,경수,★★★★★,여성,42,사진작가,복합성,38°C (체감),17%,"수분 로션, 선크림, 핸드크림",고보습 베이스 제품으로 들뜸 없이 매끈한 피부 표현이 가능합니다.,입술과 손이 트기 쉬우므로 립밤과 핸드크림을 항상 휴대하는 것이 좋습니다.,낮은 습도 때문에 피부가 계속 당기고 화장이 들떴어요. 수분 로션이 필수였습니다.
hana_life,아시아,타지키스탄,건조기후,경수,★★★★★,여성,42,승무원,건성,29°C (체감),33%,"저자극 선크림, 진정 젤, 수분 세럼",가벼운 수분 쿠션으로 건조함을 커버하며 자연스러운 룩을 연출하세요.,낮은 습도로 인한 수분 손실을 막기 위해 고보습 크림을 겹겹이 발라주세요.,사막성 기후라 그런지 평소보다 피부가 훨씬 건조해지는 걸 느꼈어요.
jina_official,아시아,타지키스탄,건조기후,경수,★★★★★,남성,49,마케터,건성,31°C (체감),16%,"수분 로션, 선크림, 핸드크림",고보습 베이스 제품으로 들뜸 없이 매끈한 피부 표현이 가능합니다.,입술과 손이 트기 쉬우므로 립밤과 핸드크림을 항상 휴대하는 것이 좋습니다.,낮은 습도 때문에 피부가 계속 당기고 화장이 들떴어요. 수분 로션이 필수였습니다.
passportready_diary,아시아,타지키스탄,건조기후,경수,★★★★☆,여성,56,공무원,건성,33°C (체감),19%,"고SPF 선크림, 쿨링 미스트, 립밤",립 제품은 보습 밤 타입을 선택해 건조함으로 인한 각질을 예방하세요.,건조한 기후이므로 미스트를 수시로 뿌려 수분을 보충하는 것이 중요합니다.,일교차가 커서 낮에는 덥고 밤에는 쌀쌀해 피부가 예민해졌어요.
chaewon_mode,아시아,타지키스탄,건조기후,경수,★★★★★,남성,23,회계사,건성,35°C (체감),22%,"수분 크림, 선쿠션, 진정 스프레이",촉촉한 베이스에 크림 타입 블러셔로 생기를 더하는 메이크업을 추천합니다.,강한 햇빛 대비 SPF 높은 제품을 사용하고 쿨링 미스트로 열감을 진정시켜 주세요.,건조한 바람 때문에 입술과 볼이 자주 텄어요. 수분 크림 없이는 힘들었을 것 같아요.
wanderlust_ing,아시아,타지키스탄,건조기후,경수,★★★★☆,여성,30,수의사,건성,37°C (체감),25%,"고보습 선크림, 미스트, 영양 크림",메이크업은 최소화하고 톤업 선크림으로 자연스럽게 마무리하는 것을 권장합니다.,자외선 노출 후 진정 젤로 쿨다운하고 세럼으로 수분을 채워주는 것을 추천합니다.,햇빛이 강렬해서 선크림을 2~3시간마다 덧발라야 했어요.
oilyskin07,아시아,타지키스탄,건조기후,경수,★★★★☆,남성,37,영업직,건성,39°C (체감),28%,"저자극 선크림, 진정 젤, 수분 세럼",가벼운 수분 쿠션으로 건조함을 커버하며 자연스러운 룩을 연출하세요.,낮은 습도로 인한 수분 손실을 막기 위해 고보습 크림을 겹겹이 발라주세요.,사막성 기후라 그런지 평소보다 피부가 훨씬 건조해지는 걸 느꼈어요.
hydrated_world,아시아,타지키스탄,건조기후,경수,★★★★☆,여성,44,대학생,건성,41°C (체감),31%,"수분 로션, 선크림, 핸드크림",고보습 베이스 제품으로 들뜸 없이 매끈한 피부 표현이 가능합니다.,입술과 손이 트기 쉬우므로 립밤과 핸드크림을 항상 휴대하는 것이 좋습니다.,낮은 습도 때문에 피부가 계속 당기고 화장이 들떴어요. 수분 로션이 필수였습니다.
taeyang_diary,아시아,타지키스탄,건조기후,경수,★★★★☆,남성,51,간호사,건성,29°C (체감),34%,"고SPF 선크림, 쿨링 미스트, 립밤",립 제품은 보습 밤 타입을 선택해 건조함으로 인한 각질을 예방하세요.,건조한 기후이므로 미스트를 수시로 뿌려 수분을 보충하는 것이 중요합니다.,일교차가 커서 낮에는 덥고 밤에는 쌀쌀해 피부가 예민해졌어요.
hydrated_diary,아시아,타지키스탄,건조기후,경수,★★★★★,여성,58,사진작가,건성,31°C (체감),17%,"수분 크림, 선쿠션, 진정 스프레이",촉촉한 베이스에 크림 타입 블러셔로 생기를 더하는 메이크업을 추천합니다.,강한 햇빛 대비 SPF 높은 제품을 사용하고 쿨링 미스트로 열감을 진정시켜 주세요.,건조한 바람 때문에 입술과 볼이 자주 텄어요. 수분 크림 없이는 힘들었을 것 같아요.
balmaddict99,아시아,타지키스탄,건조기후,경수,★★★★☆,남성,25,엔지니어,건성,33°C (체감),20%,"고보습 선크림, 미스트, 영양 크림",메이크업은 최소화하고 톤업 선크림으로 자연스럽게 마무리하는 것을 권장합니다.,자외선 노출 후 진정 젤로 쿨다운하고 세럼으로 수분을 채워주는 것을 추천합니다.,햇빛이 강렬해서 선크림을 2~3시간마다 덧발라야 했어요.
packlight_world,아시아,동티모르,열대기후,연수,★★★☆☆,여성,20,요리사,민감성,32°C (체감),87%,"워터프루프 아이라이너, 피지 흡수 패드, 쿨링 젤",얇은 베이스에 워터프루프 제품 위주로 메이크업하고 픽싱 스프레이로 마무리하는 것을 추천합니다.,외출 중 블로팅 페이퍼로 피지를 자주 관리하고 쿨링 토너로 진정시켜 주세요.,야외 일정이 많았는데 자외선이 강해서 워터프루프 아이라이너을 자주 덧발라야 했어요.
chorong_story,아시아,동티모르,열대기후,연수,★★★★★,남성,27,자영업,민감성,34°C (체감),90%,"워터프루프 선크림, 피지 컨트롤 파우더, 픽싱 미스트",매트한 베이스로 유분과 땀을 컨트롤하며 색조는 최소화하는 것이 좋습니다.,자외선 노출 후에는 진정 스프레이와 수분 시트마스크로 피부를 달래주는 것이 좋습니다.,고온다습한 날씨 탓에 피부 트러블이 갑자기 올라와서 당황했어요.
packlight_love,아시아,동티모르,열대기후,연수,★★★☆☆,여성,34,여행가이드,민감성,36°C (체감),77%,"매트 선크림, 블로팅 페이퍼, 쿨링 토너",촉촉한 쿠션으로 습기에도 밀리지 않게 가볍게 표현하는 것을 추천합니다.,실내외 온습도 차이가 크므로 미스트로 수시로 수분을 보충해 주세요.,에어컨 실내와 습한 실외를 오가다 보니 피부 컨디션이 계속 오락가락했어요.
hayoung_world,아시아,동티모르,열대기후,연수,★★★★★,남성,41,작가,민감성,31°C (체감),80%,"저자극 선크림, 진정 스프레이, 수분 시트마스크",색조보다는 톤업 선크림 위주로 산뜻하게 마무리하는 것을 권장합니다.,피지 분비가 많아지는 시기이므로 클레이 마스크로 주 1~2회 관리해 주는 것을 추천합니다.,습도가 정말 높아서 화장이 금방 무너졌어요. 저자극 선크림 없이는 하루도 버티기 힘들었어요.
rina_daily,아시아,동티모르,열대기후,연수,★★★★☆,여성,48,연구원,민감성,33°C (체감),83%,"가벼운 수분 선크림, 쿠션, 미스트",워터프루프 아이라이너와 마스카라로 땀과 습기에 대비하는 것이 좋습니다.,저녁에 이중세안을 꼭 하고 산뜻한 젤 타입 제품으로 유수분 밸런스를 유지하세요.,생각보다 더 더워서 땀 때문에 끈적임이 심했는데 가벼운 수분 선크림이 정말 큰 도움이 됐습니다.
iseul_story,아시아,동티모르,열대기후,연수,★★☆☆☆,남성,55,바리스타,민감성,35°C (체감),86%,"워터프루프 아이라이너, 피지 흡수 패드, 쿨링 젤",얇은 베이스에 워터프루프 제품 위주로 메이크업하고 픽싱 스프레이로 마무리하는 것을 추천합니다.,외출 중 블로팅 페이퍼로 피지를 자주 관리하고 쿨링 토너로 진정시켜 주세요.,야외 일정이 많았는데 자외선이 강해서 워터프루프 아이라이너을 자주 덧발라야 했어요.
mistyday07,아시아,동티모르,열대기후,연수,★★★☆☆,여성,22,프로그래머,민감성,30°C (체감),89%,"워터프루프 선크림, 피지 컨트롤 파우더, 픽싱 미스트",매트한 베이스로 유분과 땀을 컨트롤하며 색조는 최소화하는 것이 좋습니다.,자외선 노출 후에는 진정 스프레이와 수분 시트마스크로 피부를 달래주는 것이 좋습니다.,고온다습한 날씨 탓에 피부 트러블이 갑자기 올라와서 당황했어요.
minji99,아시아,동티모르,열대기후,연수,★★★★★,남성,29,프리랜서,민감성,32°C (체감),76%,"매트 선크림, 블로팅 페이퍼, 쿨링 토너",촉촉한 쿠션으로 습기에도 밀리지 않게 가볍게 표현하는 것을 추천합니다.,실내외 온습도 차이가 크므로 미스트로 수시로 수분을 보충해 주세요.,에어컨 실내와 습한 실외를 오가다 보니 피부 컨디션이 계속 오락가락했어요.
chaewon_note,아시아,동티모르,열대기후,연수,★★★★☆,여성,36,디자이너,민감성,34°C (체감),79%,"저자극 선크림, 진정 스프레이, 수분 시트마스크",색조보다는 톤업 선크림 위주로 산뜻하게 마무리하는 것을 권장합니다.,피지 분비가 많아지는 시기이므로 클레이 마스크로 주 1~2회 관리해 주는 것을 추천합니다.,습도가 정말 높아서 화장이 금방 무너졌어요. 저자극 선크림 없이는 하루도 버티기 힘들었어요.
travelbug_ing,아시아,동티모르,열대기후,연수,★★★★★,남성,43,승무원,민감성,36°C (체감),82%,"가벼운 수분 선크림, 쿠션, 미스트",워터프루프 아이라이너와 마스카라로 땀과 습기에 대비하는 것이 좋습니다.,저녁에 이중세안을 꼭 하고 산뜻한 젤 타입 제품으로 유수분 밸런스를 유지하세요.,생각보다 더 더워서 땀 때문에 끈적임이 심했는데 가벼운 수분 선크림이 정말 큰 도움이 됐습니다.
suncareguru_note,아프리카,토고,열대기후,연수,★★★☆☆,남성,59,회사원,복합성,33°C (체감),86%,"가벼운 수분 선크림, 쿠션, 미스트",워터프루프 아이라이너와 마스카라로 땀과 습기에 대비하는 것이 좋습니다.,저녁에 이중세안을 꼭 하고 산뜻한 젤 타입 제품으로 유수분 밸런스를 유지하세요.,생각보다 더 더워서 땀 때문에 끈적임이 심했는데 가벼운 수분 선크림이 정말 큰 도움이 됐습니다.
cushionfan88,아프리카,토고,열대기후,연수,★★★★☆,여성,26,교사,복합성,35°C (체감),89%,"워터프루프 아이라이너, 피지 흡수 패드, 쿨링 젤",얇은 베이스에 워터프루프 제품 위주로 메이크업하고 픽싱 스프레이로 마무리하는 것을 추천합니다.,외출 중 블로팅 페이퍼로 피지를 자주 관리하고 쿨링 토너로 진정시켜 주세요.,야외 일정이 많았는데 자외선이 강해서 워터프루프 아이라이너을 자주 덧발라야 했어요.
yoonseo_story,아프리카,토고,열대기후,연수,★★★☆☆,남성,33,요리사,복합성,30°C (체감),76%,"워터프루프 선크림, 피지 컨트롤 파우더, 픽싱 미스트",매트한 베이스로 유분과 땀을 컨트롤하며 색조는 최소화하는 것이 좋습니다.,자외선 노출 후에는 진정 스프레이와 수분 시트마스크로 피부를 달래주는 것이 좋습니다.,고온다습한 날씨 탓에 피부 트러블이 갑자기 올라와서 당황했어요.
jisoo_official,아프리카,토고,열대기후,연수,★★★☆☆,여성,40,자영업,복합성,32°C (체감),79%,"매트 선크림, 블로팅 페이퍼, 쿨링 토너",촉촉한 쿠션으로 습기에도 밀리지 않게 가볍게 표현하는 것을 추천합니다.,실내외 온습도 차이가 크므로 미스트로 수시로 수분을 보충해 주세요.,에어컨 실내와 습한 실외를 오가다 보니 피부 컨디션이 계속 오락가락했어요.
taeyang99,아프리카,토고,열대기후,연수,★★★☆☆,남성,47,여행가이드,복합성,34°C (체감),82%,"저자극 선크림, 진정 스프레이, 수분 시트마스크",색조보다는 톤업 선크림 위주로 산뜻하게 마무리하는 것을 권장합니다.,피지 분비가 많아지는 시기이므로 클레이 마스크로 주 1~2회 관리해 주는 것을 추천합니다.,습도가 정말 높아서 화장이 금방 무너졌어요. 저자극 선크림 없이는 하루도 버티기 힘들었어요.
hyejin_ing,아프리카,토고,열대기후,연수,★★★★☆,여성,54,작가,복합성,36°C (체감),85%,"가벼운 수분 선크림, 쿠션, 미스트",워터프루프 아이라이너와 마스카라로 땀과 습기에 대비하는 것이 좋습니다.,저녁에 이중세안을 꼭 하고 산뜻한 젤 타입 제품으로 유수분 밸런스를 유지하세요.,생각보다 더 더워서 땀 때문에 끈적임이 심했는데 가벼운 수분 선크림이 정말 큰 도움이 됐습니다.
suji_daily,아프리카,토고,열대기후,연수,★★★★★,남성,21,연구원,복합성,31°C (체감),88%,"워터프루프 아이라이너, 피지 흡수 패드, 쿨링 젤",얇은 베이스에 워터프루프 제품 위주로 메이크업하고 픽싱 스프레이로 마무리하는 것을 추천합니다.,외출 중 블로팅 페이퍼로 피지를 자주 관리하고 쿨링 토너로 진정시켜 주세요.,야외 일정이 많았는데 자외선이 강해서 워터프루프 아이라이너을 자주 덧발라야 했어요.
daon_world,아프리카,토고,열대기후,연수,★★★☆☆,여성,28,바리스타,복합성,33°C (체감),75%,"워터프루프 선크림, 피지 컨트롤 파우더, 픽싱 미스트",매트한 베이스로 유분과 땀을 컨트롤하며 색조는 최소화하는 것이 좋습니다.,자외선 노출 후에는 진정 스프레이와 수분 시트마스크로 피부를 달래주는 것이 좋습니다.,고온다습한 날씨 탓에 피부 트러블이 갑자기 올라와서 당황했어요.
eden_ing,아프리카,토고,열대기후,연수,★★★★☆,남성,35,프로그래머,복합성,35°C (체감),78%,"매트 선크림, 블로팅 페이퍼, 쿨링 토너",촉촉한 쿠션으로 습기에도 밀리지 않게 가볍게 표현하는 것을 추천합니다.,실내외 온습도 차이가 크므로 미스트로 수시로 수분을 보충해 주세요.,에어컨 실내와 습한 실외를 오가다 보니 피부 컨디션이 계속 오락가락했어요.
jihoon_love,아프리카,토고,열대기후,연수,★★★★★,여성,42,프리랜서,복합성,30°C (체감),81%,"저자극 선크림, 진정 스프레이, 수분 시트마스크",색조보다는 톤업 선크림 위주로 산뜻하게 마무리하는 것을 권장합니다.,피지 분비가 많아지는 시기이므로 클레이 마스크로 주 1~2회 관리해 주는 것을 추천합니다.,습도가 정말 높아서 화장이 금방 무너졌어요. 저자극 선크림 없이는 하루도 버티기 힘들었어요.
dryskin_vibe,오세아니아,통가,열대기후,연수,★★★★☆,여성,36,일러스트레이터,복합성,34°C (체감),87%,"워터프루프 선크림, 피지 컨트롤 파우더, 픽싱 미스트",매트한 베이스로 유분과 땀을 컨트롤하며 색조는 최소화하는 것이 좋습니다.,자외선 노출 후에는 진정 스프레이와 수분 시트마스크로 피부를 달래주는 것이 좋습니다.,고온다습한 날씨 탓에 피부 트러블이 갑자기 올라와서 당황했어요.
jihoon_log,오세아니아,통가,열대기후,연수,★★★★★,남성,43,회사원,민감성,36°C (체감),90%,"매트 선크림, 블로팅 페이퍼, 쿨링 토너",촉촉한 쿠션으로 습기에도 밀리지 않게 가볍게 표현하는 것을 추천합니다.,실내외 온습도 차이가 크므로 미스트로 수시로 수분을 보충해 주세요.,에어컨 실내와 습한 실외를 오가다 보니 피부 컨디션이 계속 오락가락했어요.
packlight_story,오세아니아,통가,열대기후,연수,★★★★★,여성,50,교사,건성,31°C (체감),77%,"저자극 선크림, 진정 스프레이, 수분 시트마스크",색조보다는 톤업 선크림 위주로 산뜻하게 마무리하는 것을 권장합니다.,피지 분비가 많아지는 시기이므로 클레이 마스크로 주 1~2회 관리해 주는 것을 추천합니다.,습도가 정말 높아서 화장이 금방 무너졌어요. 저자극 선크림 없이는 하루도 버티기 힘들었어요.
kyla_mode,오세아니아,통가,열대기후,연수,★★★★★,남성,57,요리사,지성,33°C (체감),80%,"가벼운 수분 선크림, 쿠션, 미스트",워터프루프 아이라이너와 마스카라로 땀과 습기에 대비하는 것이 좋습니다.,저녁에 이중세안을 꼭 하고 산뜻한 젤 타입 제품으로 유수분 밸런스를 유지하세요.,생각보다 더 더워서 땀 때문에 끈적임이 심했는데 가벼운 수분 선크림이 정말 큰 도움이 됐습니다.
beautyaddict23,오세아니아,통가,열대기후,연수,★☆☆☆☆,여성,24,자영업,복합성,35°C (체감),83%,"워터프루프 아이라이너, 피지 흡수 패드, 쿨링 젤",얇은 베이스에 워터프루프 제품 위주로 메이크업하고 픽싱 스프레이로 마무리하는 것을 추천합니다.,외출 중 블로팅 페이퍼로 피지를 자주 관리하고 쿨링 토너로 진정시켜 주세요.,야외 일정이 많았는데 자외선이 강해서 워터프루프 아이라이너을 자주 덧발라야 했어요.
haru_ing,오세아니아,통가,열대기후,연수,★★★☆☆,남성,31,여행가이드,민감성,30°C (체감),86%,"워터프루프 선크림, 피지 컨트롤 파우더, 픽싱 미스트",매트한 베이스로 유분과 땀을 컨트롤하며 색조는 최소화하는 것이 좋습니다.,자외선 노출 후에는 진정 스프레이와 수분 시트마스크로 피부를 달래주는 것이 좋습니다.,고온다습한 날씨 탓에 피부 트러블이 갑자기 올라와서 당황했어요.
toneuplife_ing,오세아니아,통가,열대기후,연수,★★★★☆,여성,38,작가,건성,32°C (체감),89%,"매트 선크림, 블로팅 페이퍼, 쿨링 토너",촉촉한 쿠션으로 습기에도 밀리지 않게 가볍게 표현하는 것을 추천합니다.,실내외 온습도 차이가 크므로 미스트로 수시로 수분을 보충해 주세요.,에어컨 실내와 습한 실외를 오가다 보니 피부 컨디션이 계속 오락가락했어요.
nomakeupdays_diary,오세아니아,통가,열대기후,연수,★★★★☆,남성,45,연구원,지성,34°C (체감),76%,"저자극 선크림, 진정 스프레이, 수분 시트마스크",색조보다는 톤업 선크림 위주로 산뜻하게 마무리하는 것을 권장합니다.,피지 분비가 많아지는 시기이므로 클레이 마스크로 주 1~2회 관리해 주는 것을 추천합니다.,습도가 정말 높아서 화장이 금방 무너졌어요. 저자극 선크림 없이는 하루도 버티기 힘들었어요.
globetrotter_mode,오세아니아,통가,열대기후,연수,★★★★☆,여성,52,바리스타,복합성,36°C (체감),79%,"가벼운 수분 선크림, 쿠션, 미스트",워터프루프 아이라이너와 마스카라로 땀과 습기에 대비하는 것이 좋습니다.,저녁에 이중세안을 꼭 하고 산뜻한 젤 타입 제품으로 유수분 밸런스를 유지하세요.,생각보다 더 더워서 땀 때문에 끈적임이 심했는데 가벼운 수분 선크림이 정말 큰 도움이 됐습니다.
passportready_love,오세아니아,통가,열대기후,연수,★★★★☆,남성,59,프로그래머,민감성,31°C (체감),82%,"워터프루프 아이라이너, 피지 흡수 패드, 쿨링 젤",얇은 베이스에 워터프루프 제품 위주로 메이크업하고 픽싱 스프레이로 마무리하는 것을 추천합니다.,외출 중 블로팅 페이퍼로 피지를 자주 관리하고 쿨링 토너로 진정시켜 주세요.,야외 일정이 많았는데 자외선이 강해서 워터프루프 아이라이너을 자주 덧발라야 했어요.
yerin_vibe,북아메리카,트리니다드토바고,열대기후,경수,★★★★★,남성,47,승무원,건성,33°C (체감),82%,"매트 선크림, 블로팅 페이퍼, 쿨링 토너",촉촉한 쿠션으로 습기에도 밀리지 않게 가볍게 표현하는 것을 추천합니다.,실내외 온습도 차이가 크므로 미스트로 수시로 수분을 보충해 주세요.,에어컨 실내와 습한 실외를 오가다 보니 피부 컨디션이 계속 오락가락했어요.
luna07,북아메리카,트리니다드토바고,열대기후,경수,★★☆☆☆,여성,54,마케터,건성,35°C (체감),85%,"저자극 선크림, 진정 스프레이, 수분 시트마스크",색조보다는 톤업 선크림 위주로 산뜻하게 마무리하는 것을 권장합니다.,피지 분비가 많아지는 시기이므로 클레이 마스크로 주 1~2회 관리해 주는 것을 추천합니다.,습도가 정말 높아서 화장이 금방 무너졌어요. 저자극 선크림 없이는 하루도 버티기 힘들었어요.
moisturemax88,북아메리카,트리니다드토바고,열대기후,경수,★★★☆☆,남성,21,공무원,건성,30°C (체감),88%,"가벼운 수분 선크림, 쿠션, 미스트",워터프루프 아이라이너와 마스카라로 땀과 습기에 대비하는 것이 좋습니다.,저녁에 이중세안을 꼭 하고 산뜻한 젤 타입 제품으로 유수분 밸런스를 유지하세요.,생각보다 더 더워서 땀 때문에 끈적임이 심했는데 가벼운 수분 선크림이 정말 큰 도움이 됐습니다.
weekendtrip_ing,북아메리카,트리니다드토바고,열대기후,경수,★★★★☆,여성,28,회계사,건성,32°C (체감),75%,"워터프루프 아이라이너, 피지 흡수 패드, 쿨링 젤",얇은 베이스에 워터프루프 제품 위주로 메이크업하고 픽싱 스프레이로 마무리하는 것을 추천합니다.,외출 중 블로팅 페이퍼로 피지를 자주 관리하고 쿨링 토너로 진정시켜 주세요.,야외 일정이 많았는데 자외선이 강해서 워터프루프 아이라이너을 자주 덧발라야 했어요.
toneuplife_daily,북아메리카,트리니다드토바고,열대기후,경수,★★★★☆,남성,35,수의사,건성,34°C (체감),78%,"워터프루프 선크림, 피지 컨트롤 파우더, 픽싱 미스트",매트한 베이스로 유분과 땀을 컨트롤하며 색조는 최소화하는 것이 좋습니다.,자외선 노출 후에는 진정 스프레이와 수분 시트마스크로 피부를 달래주는 것이 좋습니다.,고온다습한 날씨 탓에 피부 트러블이 갑자기 올라와서 당황했어요.
chaewon_zone,북아메리카,트리니다드토바고,열대기후,경수,★★★★☆,여성,42,영업직,건성,36°C (체감),81%,"매트 선크림, 블로팅 페이퍼, 쿨링 토너",촉촉한 쿠션으로 습기에도 밀리지 않게 가볍게 표현하는 것을 추천합니다.,실내외 온습도 차이가 크므로 미스트로 수시로 수분을 보충해 주세요.,에어컨 실내와 습한 실외를 오가다 보니 피부 컨디션이 계속 오락가락했어요.
backpacklife_mode,북아메리카,트리니다드토바고,열대기후,경수,★★★☆☆,남성,49,대학생,건성,31°C (체감),84%,"저자극 선크림, 진정 스프레이, 수분 시트마스크",색조보다는 톤업 선크림 위주로 산뜻하게 마무리하는 것을 권장합니다.,피지 분비가 많아지는 시기이므로 클레이 마스크로 주 1~2회 관리해 주는 것을 추천합니다.,습도가 정말 높아서 화장이 금방 무너졌어요. 저자극 선크림 없이는 하루도 버티기 힘들었어요.
nari_daily,북아메리카,트리니다드토바고,열대기후,경수,★★★☆☆,여성,56,간호사,건성,33°C (체감),87%,"가벼운 수분 선크림, 쿠션, 미스트",워터프루프 아이라이너와 마스카라로 땀과 습기에 대비하는 것이 좋습니다.,저녁에 이중세안을 꼭 하고 산뜻한 젤 타입 제품으로 유수분 밸런스를 유지하세요.,생각보다 더 더워서 땀 때문에 끈적임이 심했는데 가벼운 수분 선크림이 정말 큰 도움이 됐습니다.
haeun07,북아메리카,트리니다드토바고,열대기후,경수,★★☆☆☆,남성,23,사진작가,건성,35°C (체감),90%,"워터프루프 아이라이너, 피지 흡수 패드, 쿨링 젤",얇은 베이스에 워터프루프 제품 위주로 메이크업하고 픽싱 스프레이로 마무리하는 것을 추천합니다.,외출 중 블로팅 페이퍼로 피지를 자주 관리하고 쿨링 토너로 진정시켜 주세요.,야외 일정이 많았는데 자외선이 강해서 워터프루프 아이라이너을 자주 덧발라야 했어요.
spflover_ing,북아메리카,트리니다드토바고,열대기후,경수,★★★★★,여성,30,엔지니어,건성,30°C (체감),77%,"워터프루프 선크림, 피지 컨트롤 파우더, 픽싱 미스트",매트한 베이스로 유분과 땀을 컨트롤하며 색조는 최소화하는 것이 좋습니다.,자외선 노출 후에는 진정 스프레이와 수분 시트마스크로 피부를 달래주는 것이 좋습니다.,고온다습한 날씨 탓에 피부 트러블이 갑자기 올라와서 당황했어요.
jiyeon_mode,아시아,투르크메니스탄,건조기후,경수,★★☆☆☆,여성,38,간호사,지성,35°C (체감),29%,"수분 로션, 선크림, 핸드크림",고보습 베이스 제품으로 들뜸 없이 매끈한 피부 표현이 가능합니다.,입술과 손이 트기 쉬우므로 립밤과 핸드크림을 항상 휴대하는 것이 좋습니다.,낮은 습도 때문에 피부가 계속 당기고 화장이 들떴어요. 수분 로션이 필수였습니다.
jaewon88,아시아,투르크메니스탄,건조기후,경수,★★★★★,남성,45,사진작가,지성,37°C (체감),32%,"고SPF 선크림, 쿨링 미스트, 립밤",립 제품은 보습 밤 타입을 선택해 건조함으로 인한 각질을 예방하세요.,건조한 기후이므로 미스트를 수시로 뿌려 수분을 보충하는 것이 중요합니다.,일교차가 커서 낮에는 덥고 밤에는 쌀쌀해 피부가 예민해졌어요.
haeun_vibe,아시아,투르크메니스탄,건조기후,경수,★★★★★,여성,52,엔지니어,지성,39°C (체감),15%,"수분 크림, 선쿠션, 진정 스프레이",촉촉한 베이스에 크림 타입 블러셔로 생기를 더하는 메이크업을 추천합니다.,강한 햇빛 대비 SPF 높은 제품을 사용하고 쿨링 미스트로 열감을 진정시켜 주세요.,건조한 바람 때문에 입술과 볼이 자주 텄어요. 수분 크림 없이는 힘들었을 것 같아요.
spflover_story,아시아,투르크메니스탄,건조기후,경수,★★★★☆,남성,59,약사,지성,41°C (체감),18%,"고보습 선크림, 미스트, 영양 크림",메이크업은 최소화하고 톤업 선크림으로 자연스럽게 마무리하는 것을 권장합니다.,자외선 노출 후 진정 젤로 쿨다운하고 세럼으로 수분을 채워주는 것을 추천합니다.,햇빛이 강렬해서 선크림을 2~3시간마다 덧발라야 했어요.
minjun99,아시아,투르크메니스탄,건조기후,경수,★★★★☆,여성,26,트레이너,지성,29°C (체감),21%,"저자극 선크림, 진정 젤, 수분 세럼",가벼운 수분 쿠션으로 건조함을 커버하며 자연스러운 룩을 연출하세요.,낮은 습도로 인한 수분 손실을 막기 위해 고보습 크림을 겹겹이 발라주세요.,사막성 기후라 그런지 평소보다 피부가 훨씬 건조해지는 걸 느꼈어요.
nari_92,아시아,투르크메니스탄,건조기후,경수,★★★★★,남성,33,건축가,지성,31°C (체감),24%,"수분 로션, 선크림, 핸드크림",고보습 베이스 제품으로 들뜸 없이 매끈한 피부 표현이 가능합니다.,입술과 손이 트기 쉬우므로 립밤과 핸드크림을 항상 휴대하는 것이 좋습니다.,낮은 습도 때문에 피부가 계속 당기고 화장이 들떴어요. 수분 로션이 필수였습니다.
fiona_story,아시아,투르크메니스탄,건조기후,경수,★★★★☆,여성,40,일러스트레이터,지성,33°C (체감),27%,"고SPF 선크림, 쿨링 미스트, 립밤",립 제품은 보습 밤 타입을 선택해 건조함으로 인한 각질을 예방하세요.,건조한 기후이므로 미스트를 수시로 뿌려 수분을 보충하는 것이 중요합니다.,일교차가 커서 낮에는 덥고 밤에는 쌀쌀해 피부가 예민해졌어요.
eden_k,아시아,투르크메니스탄,건조기후,경수,★☆☆☆☆,남성,47,회사원,지성,35°C (체감),30%,"수분 크림, 선쿠션, 진정 스프레이",촉촉한 베이스에 크림 타입 블러셔로 생기를 더하는 메이크업을 추천합니다.,강한 햇빛 대비 SPF 높은 제품을 사용하고 쿨링 미스트로 열감을 진정시켜 주세요.,건조한 바람 때문에 입술과 볼이 자주 텄어요. 수분 크림 없이는 힘들었을 것 같아요.
rina_diary,아시아,투르크메니스탄,건조기후,경수,★★★☆☆,여성,54,교사,지성,37°C (체감),33%,"고보습 선크림, 미스트, 영양 크림",메이크업은 최소화하고 톤업 선크림으로 자연스럽게 마무리하는 것을 권장합니다.,자외선 노출 후 진정 젤로 쿨다운하고 세럼으로 수분을 채워주는 것을 추천합니다.,햇빛이 강렬해서 선크림을 2~3시간마다 덧발라야 했어요.
fiona99,아시아,투르크메니스탄,건조기후,경수,★★★☆☆,남성,21,요리사,지성,39°C (체감),16%,"저자극 선크림, 진정 젤, 수분 세럼",가벼운 수분 쿠션으로 건조함을 커버하며 자연스러운 룩을 연출하세요.,낮은 습도로 인한 수분 손실을 막기 위해 고보습 크림을 겹겹이 발라주세요.,사막성 기후라 그런지 평소보다 피부가 훨씬 건조해지는 걸 느꼈어요.
kyla_92,오세아니아,투발루,열대기후,연수,★★★★★,남성,41,프리랜서,건성,33°C (체감),84%,"워터프루프 선크림, 피지 컨트롤 파우더, 픽싱 미스트",매트한 베이스로 유분과 땀을 컨트롤하며 색조는 최소화하는 것이 좋습니다.,자외선 노출 후에는 진정 스프레이와 수분 시트마스크로 피부를 달래주는 것이 좋습니다.,고온다습한 날씨 탓에 피부 트러블이 갑자기 올라와서 당황했어요.
luna_vibe,오세아니아,투발루,열대기후,연수,★★★★★,여성,48,디자이너,지성,35°C (체감),87%,"매트 선크림, 블로팅 페이퍼, 쿨링 토너",촉촉한 쿠션으로 습기에도 밀리지 않게 가볍게 표현하는 것을 추천합니다.,실내외 온습도 차이가 크므로 미스트로 수시로 수분을 보충해 주세요.,에어컨 실내와 습한 실외를 오가다 보니 피부 컨디션이 계속 오락가락했어요.
quinn_log,오세아니아,투발루,열대기후,연수,★★★★★,남성,55,승무원,복합성,30°C (체감),90%,"저자극 선크림, 진정 스프레이, 수분 시트마스크",색조보다는 톤업 선크림 위주로 산뜻하게 마무리하는 것을 권장합니다.,피지 분비가 많아지는 시기이므로 클레이 마스크로 주 1~2회 관리해 주는 것을 추천합니다.,습도가 정말 높아서 화장이 금방 무너졌어요. 저자극 선크림 없이는 하루도 버티기 힘들었어요.
rina88,오세아니아,투발루,열대기후,연수,★★★★☆,여성,22,마케터,민감성,32°C (체감),77%,"가벼운 수분 선크림, 쿠션, 미스트",워터프루프 아이라이너와 마스카라로 땀과 습기에 대비하는 것이 좋습니다.,저녁에 이중세안을 꼭 하고 산뜻한 젤 타입 제품으로 유수분 밸런스를 유지하세요.,생각보다 더 더워서 땀 때문에 끈적임이 심했는데 가벼운 수분 선크림이 정말 큰 도움이 됐습니다.
olivia01,오세아니아,투발루,열대기후,연수,★★☆☆☆,남성,29,공무원,건성,34°C (체감),80%,"워터프루프 아이라이너, 피지 흡수 패드, 쿨링 젤",얇은 베이스에 워터프루프 제품 위주로 메이크업하고 픽싱 스프레이로 마무리하는 것을 추천합니다.,외출 중 블로팅 페이퍼로 피지를 자주 관리하고 쿨링 토너로 진정시켜 주세요.,야외 일정이 많았는데 자외선이 강해서 워터프루프 아이라이너을 자주 덧발라야 했어요.
minji_diary,오세아니아,투발루,열대기후,연수,★☆☆☆☆,여성,36,회계사,지성,36°C (체감),83%,"워터프루프 선크림, 피지 컨트롤 파우더, 픽싱 미스트",매트한 베이스로 유분과 땀을 컨트롤하며 색조는 최소화하는 것이 좋습니다.,자외선 노출 후에는 진정 스프레이와 수분 시트마스크로 피부를 달래주는 것이 좋습니다.,고온다습한 날씨 탓에 피부 트러블이 갑자기 올라와서 당황했어요.
jieun_ing,오세아니아,투발루,열대기후,연수,★★★★★,남성,43,수의사,복합성,31°C (체감),86%,"매트 선크림, 블로팅 페이퍼, 쿨링 토너",촉촉한 쿠션으로 습기에도 밀리지 않게 가볍게 표현하는 것을 추천합니다.,실내외 온습도 차이가 크므로 미스트로 수시로 수분을 보충해 주세요.,에어컨 실내와 습한 실외를 오가다 보니 피부 컨디션이 계속 오락가락했어요.
sunkissed_story,오세아니아,투발루,열대기후,연수,★★★★☆,여성,50,영업직,민감성,33°C (체감),89%,"저자극 선크림, 진정 스프레이, 수분 시트마스크",색조보다는 톤업 선크림 위주로 산뜻하게 마무리하는 것을 권장합니다.,피지 분비가 많아지는 시기이므로 클레이 마스크로 주 1~2회 관리해 주는 것을 추천합니다.,습도가 정말 높아서 화장이 금방 무너졌어요. 저자극 선크림 없이는 하루도 버티기 힘들었어요.
skincarelover23,오세아니아,투발루,열대기후,연수,★★★★☆,남성,57,대학생,건성,35°C (체감),76%,"가벼운 수분 선크림, 쿠션, 미스트",워터프루프 아이라이너와 마스카라로 땀과 습기에 대비하는 것이 좋습니다.,저녁에 이중세안을 꼭 하고 산뜻한 젤 타입 제품으로 유수분 밸런스를 유지하세요.,생각보다 더 더워서 땀 때문에 끈적임이 심했는데 가벼운 수분 선크림이 정말 큰 도움이 됐습니다.
sensitiveskin23,오세아니아,투발루,열대기후,연수,★☆☆☆☆,여성,24,간호사,지성,30°C (체감),79%,"워터프루프 아이라이너, 피지 흡수 패드, 쿨링 젤",얇은 베이스에 워터프루프 제품 위주로 메이크업하고 픽싱 스프레이로 마무리하는 것을 추천합니다.,외출 중 블로팅 페이퍼로 피지를 자주 관리하고 쿨링 토너로 진정시켜 주세요.,야외 일정이 많았는데 자외선이 강해서 워터프루프 아이라이너을 자주 덧발라야 했어요.
suncareguru_92,아프리카,우간다,열대기후,연수,★★★★☆,남성,57,교사,건성,30°C (체감),84%,"매트 선크림, 블로팅 페이퍼, 쿨링 토너",촉촉한 쿠션으로 습기에도 밀리지 않게 가볍게 표현하는 것을 추천합니다.,실내외 온습도 차이가 크므로 미스트로 수시로 수분을 보충해 주세요.,에어컨 실내와 습한 실외를 오가다 보니 피부 컨디션이 계속 오락가락했어요.
minseo_k,아프리카,우간다,열대기후,연수,★★★★★,여성,24,요리사,건성,32°C (체감),87%,"저자극 선크림, 진정 스프레이, 수분 시트마스크",색조보다는 톤업 선크림 위주로 산뜻하게 마무리하는 것을 권장합니다.,피지 분비가 많아지는 시기이므로 클레이 마스크로 주 1~2회 관리해 주는 것을 추천합니다.,습도가 정말 높아서 화장이 금방 무너졌어요. 저자극 선크림 없이는 하루도 버티기 힘들었어요.
jiwoo23,아프리카,우간다,열대기후,연수,★★★★★,남성,31,자영업,건성,34°C (체감),90%,"가벼운 수분 선크림, 쿠션, 미스트",워터프루프 아이라이너와 마스카라로 땀과 습기에 대비하는 것이 좋습니다.,저녁에 이중세안을 꼭 하고 산뜻한 젤 타입 제품으로 유수분 밸런스를 유지하세요.,생각보다 더 더워서 땀 때문에 끈적임이 심했는데 가벼운 수분 선크림이 정말 큰 도움이 됐습니다.
yoona_ing,아프리카,우간다,열대기후,연수,★★★★★,여성,38,여행가이드,건성,36°C (체감),77%,"워터프루프 아이라이너, 피지 흡수 패드, 쿨링 젤",얇은 베이스에 워터프루프 제품 위주로 메이크업하고 픽싱 스프레이로 마무리하는 것을 추천합니다.,외출 중 블로팅 페이퍼로 피지를 자주 관리하고 쿨링 토너로 진정시켜 주세요.,야외 일정이 많았는데 자외선이 강해서 워터프루프 아이라이너을 자주 덧발라야 했어요.
seoyeon_daily,아프리카,우간다,열대기후,연수,★★★★☆,남성,45,작가,건성,31°C (체감),80%,"워터프루프 선크림, 피지 컨트롤 파우더, 픽싱 미스트",매트한 베이스로 유분과 땀을 컨트롤하며 색조는 최소화하는 것이 좋습니다.,자외선 노출 후에는 진정 스프레이와 수분 시트마스크로 피부를 달래주는 것이 좋습니다.,고온다습한 날씨 탓에 피부 트러블이 갑자기 올라와서 당황했어요.
haeri_92,아프리카,우간다,열대기후,연수,★★★★★,여성,52,연구원,건성,33°C (체감),83%,"매트 선크림, 블로팅 페이퍼, 쿨링 토너",촉촉한 쿠션으로 습기에도 밀리지 않게 가볍게 표현하는 것을 추천합니다.,실내외 온습도 차이가 크므로 미스트로 수시로 수분을 보충해 주세요.,에어컨 실내와 습한 실외를 오가다 보니 피부 컨디션이 계속 오락가락했어요.
haru_k,아프리카,우간다,열대기후,연수,★★★☆☆,남성,59,바리스타,건성,35°C (체감),86%,"저자극 선크림, 진정 스프레이, 수분 시트마스크",색조보다는 톤업 선크림 위주로 산뜻하게 마무리하는 것을 권장합니다.,피지 분비가 많아지는 시기이므로 클레이 마스크로 주 1~2회 관리해 주는 것을 추천합니다.,습도가 정말 높아서 화장이 금방 무너졌어요. 저자극 선크림 없이는 하루도 버티기 힘들었어요.
suji_story,아프리카,우간다,열대기후,연수,★★★★★,여성,26,프로그래머,건성,30°C (체감),89%,"가벼운 수분 선크림, 쿠션, 미스트",워터프루프 아이라이너와 마스카라로 땀과 습기에 대비하는 것이 좋습니다.,저녁에 이중세안을 꼭 하고 산뜻한 젤 타입 제품으로 유수분 밸런스를 유지하세요.,생각보다 더 더워서 땀 때문에 끈적임이 심했는데 가벼운 수분 선크림이 정말 큰 도움이 됐습니다.
citywalker_log,아프리카,우간다,열대기후,연수,★★★★★,남성,33,프리랜서,건성,32°C (체감),76%,"워터프루프 아이라이너, 피지 흡수 패드, 쿨링 젤",얇은 베이스에 워터프루프 제품 위주로 메이크업하고 픽싱 스프레이로 마무리하는 것을 추천합니다.,외출 중 블로팅 페이퍼로 피지를 자주 관리하고 쿨링 토너로 진정시켜 주세요.,야외 일정이 많았는데 자외선이 강해서 워터프루프 아이라이너을 자주 덧발라야 했어요.
jihoon_92,아프리카,우간다,열대기후,연수,★★★☆☆,여성,40,디자이너,건성,34°C (체감),79%,"워터프루프 선크림, 피지 컨트롤 파우더, 픽싱 미스트",매트한 베이스로 유분과 땀을 컨트롤하며 색조는 최소화하는 것이 좋습니다.,자외선 노출 후에는 진정 스프레이와 수분 시트마스크로 피부를 달래주는 것이 좋습니다.,고온다습한 날씨 탓에 피부 트러블이 갑자기 올라와서 당황했어요.
islandhopper88,아시아,우즈베키스탄,건조기후,경수,★★★★☆,남성,29,작가,복합성,34°C (체감),20%,"고SPF 선크림, 쿨링 미스트, 립밤",립 제품은 보습 밤 타입을 선택해 건조함으로 인한 각질을 예방하세요.,건조한 기후이므로 미스트를 수시로 뿌려 수분을 보충하는 것이 중요합니다.,일교차가 커서 낮에는 덥고 밤에는 쌀쌀해 피부가 예민해졌어요.
makeupfan_ing,아시아,우즈베키스탄,건조기후,경수,★★★☆☆,여성,36,연구원,복합성,36°C (체감),23%,"수분 크림, 선쿠션, 진정 스프레이",촉촉한 베이스에 크림 타입 블러셔로 생기를 더하는 메이크업을 추천합니다.,강한 햇빛 대비 SPF 높은 제품을 사용하고 쿨링 미스트로 열감을 진정시켜 주세요.,건조한 바람 때문에 입술과 볼이 자주 텄어요. 수분 크림 없이는 힘들었을 것 같아요.
makeupfan07,아시아,우즈베키스탄,건조기후,경수,★★★★☆,남성,43,바리스타,복합성,38°C (체감),26%,"고보습 선크림, 미스트, 영양 크림",메이크업은 최소화하고 톤업 선크림으로 자연스럽게 마무리하는 것을 권장합니다.,자외선 노출 후 진정 젤로 쿨다운하고 세럼으로 수분을 채워주는 것을 추천합니다.,햇빛이 강렬해서 선크림을 2~3시간마다 덧발라야 했어요.
dahye99,아시아,우즈베키스탄,건조기후,경수,★★★★☆,여성,50,프로그래머,복합성,40°C (체감),29%,"저자극 선크림, 진정 젤, 수분 세럼",가벼운 수분 쿠션으로 건조함을 커버하며 자연스러운 룩을 연출하세요.,낮은 습도로 인한 수분 손실을 막기 위해 고보습 크림을 겹겹이 발라주세요.,사막성 기후라 그런지 평소보다 피부가 훨씬 건조해지는 걸 느꼈어요.
minho01,아시아,우즈베키스탄,건조기후,경수,★★★★★,남성,57,프리랜서,복합성,28°C (체감),32%,"수분 로션, 선크림, 핸드크림",고보습 베이스 제품으로 들뜸 없이 매끈한 피부 표현이 가능합니다.,입술과 손이 트기 쉬우므로 립밤과 핸드크림을 항상 휴대하는 것이 좋습니다.,낮은 습도 때문에 피부가 계속 당기고 화장이 들떴어요. 수분 로션이 필수였습니다.
nomakeupdays01,아시아,우즈베키스탄,건조기후,경수,★★☆☆☆,여성,24,디자이너,복합성,30°C (체감),15%,"고SPF 선크림, 쿨링 미스트, 립밤",립 제품은 보습 밤 타입을 선택해 건조함으로 인한 각질을 예방하세요.,건조한 기후이므로 미스트를 수시로 뿌려 수분을 보충하는 것이 중요합니다.,일교차가 커서 낮에는 덥고 밤에는 쌀쌀해 피부가 예민해졌어요.
mia_daily,아시아,우즈베키스탄,건조기후,경수,★★★☆☆,남성,31,승무원,복합성,32°C (체감),18%,"수분 크림, 선쿠션, 진정 스프레이",촉촉한 베이스에 크림 타입 블러셔로 생기를 더하는 메이크업을 추천합니다.,강한 햇빛 대비 SPF 높은 제품을 사용하고 쿨링 미스트로 열감을 진정시켜 주세요.,건조한 바람 때문에 입술과 볼이 자주 텄어요. 수분 크림 없이는 힘들었을 것 같아요.
areum_love,아시아,우즈베키스탄,건조기후,경수,★★★★★,여성,38,마케터,복합성,34°C (체감),21%,"고보습 선크림, 미스트, 영양 크림",메이크업은 최소화하고 톤업 선크림으로 자연스럽게 마무리하는 것을 권장합니다.,자외선 노출 후 진정 젤로 쿨다운하고 세럼으로 수분을 채워주는 것을 추천합니다.,햇빛이 강렬해서 선크림을 2~3시간마다 덧발라야 했어요.
minji_k,아시아,우즈베키스탄,건조기후,경수,★★★★★,남성,45,공무원,복합성,36°C (체감),24%,"저자극 선크림, 진정 젤, 수분 세럼",가벼운 수분 쿠션으로 건조함을 커버하며 자연스러운 룩을 연출하세요.,낮은 습도로 인한 수분 손실을 막기 위해 고보습 크림을 겹겹이 발라주세요.,사막성 기후라 그런지 평소보다 피부가 훨씬 건조해지는 걸 느꼈어요.
eden01,아시아,우즈베키스탄,건조기후,경수,★★★★☆,여성,52,회계사,복합성,38°C (체감),27%,"수분 로션, 선크림, 핸드크림",고보습 베이스 제품으로 들뜸 없이 매끈한 피부 표현이 가능합니다.,입술과 손이 트기 쉬우므로 립밤과 핸드크림을 항상 휴대하는 것이 좋습니다.,낮은 습도 때문에 피부가 계속 당기고 화장이 들떴어요. 수분 로션이 필수였습니다.
minseo_life,오세아니아,바누아투,열대기후,연수,★★☆☆☆,남성,49,회사원,복합성,36°C (체감),84%,"가벼운 수분 선크림, 쿠션, 미스트",워터프루프 아이라이너와 마스카라로 땀과 습기에 대비하는 것이 좋습니다.,저녁에 이중세안을 꼭 하고 산뜻한 젤 타입 제품으로 유수분 밸런스를 유지하세요.,생각보다 더 더워서 땀 때문에 끈적임이 심했는데 가벼운 수분 선크림이 정말 큰 도움이 됐습니다.
mattefinish_note,오세아니아,바누아투,열대기후,연수,★★★☆☆,여성,56,교사,복합성,31°C (체감),87%,"워터프루프 아이라이너, 피지 흡수 패드, 쿨링 젤",얇은 베이스에 워터프루프 제품 위주로 메이크업하고 픽싱 스프레이로 마무리하는 것을 추천합니다.,외출 중 블로팅 페이퍼로 피지를 자주 관리하고 쿨링 토너로 진정시켜 주세요.,야외 일정이 많았는데 자외선이 강해서 워터프루프 아이라이너을 자주 덧발라야 했어요.
soojin_life,오세아니아,바누아투,열대기후,연수,★★☆☆☆,남성,23,요리사,복합성,33°C (체감),90%,"워터프루프 선크림, 피지 컨트롤 파우더, 픽싱 미스트",매트한 베이스로 유분과 땀을 컨트롤하며 색조는 최소화하는 것이 좋습니다.,자외선 노출 후에는 진정 스프레이와 수분 시트마스크로 피부를 달래주는 것이 좋습니다.,고온다습한 날씨 탓에 피부 트러블이 갑자기 올라와서 당황했어요.
makeupfan_vibe,오세아니아,바누아투,열대기후,연수,★☆☆☆☆,여성,30,자영업,복합성,35°C (체감),77%,"매트 선크림, 블로팅 페이퍼, 쿨링 토너",촉촉한 쿠션으로 습기에도 밀리지 않게 가볍게 표현하는 것을 추천합니다.,실내외 온습도 차이가 크므로 미스트로 수시로 수분을 보충해 주세요.,에어컨 실내와 습한 실외를 오가다 보니 피부 컨디션이 계속 오락가락했어요.
mountainhiker23,오세아니아,바누아투,열대기후,연수,★★★★★,남성,37,여행가이드,복합성,30°C (체감),80%,"저자극 선크림, 진정 스프레이, 수분 시트마스크",색조보다는 톤업 선크림 위주로 산뜻하게 마무리하는 것을 권장합니다.,피지 분비가 많아지는 시기이므로 클레이 마스크로 주 1~2회 관리해 주는 것을 추천합니다.,습도가 정말 높아서 화장이 금방 무너졌어요. 저자극 선크림 없이는 하루도 버티기 힘들었어요.
frostyvibe_love,오세아니아,바누아투,열대기후,연수,★★★★★,여성,44,작가,복합성,32°C (체감),83%,"가벼운 수분 선크림, 쿠션, 미스트",워터프루프 아이라이너와 마스카라로 땀과 습기에 대비하는 것이 좋습니다.,저녁에 이중세안을 꼭 하고 산뜻한 젤 타입 제품으로 유수분 밸런스를 유지하세요.,생각보다 더 더워서 땀 때문에 끈적임이 심했는데 가벼운 수분 선크림이 정말 큰 도움이 됐습니다.
yerim_zone,오세아니아,바누아투,열대기후,연수,★★★★☆,남성,51,연구원,복합성,34°C (체감),86%,"워터프루프 아이라이너, 피지 흡수 패드, 쿨링 젤",얇은 베이스에 워터프루프 제품 위주로 메이크업하고 픽싱 스프레이로 마무리하는 것을 추천합니다.,외출 중 블로팅 페이퍼로 피지를 자주 관리하고 쿨링 토너로 진정시켜 주세요.,야외 일정이 많았는데 자외선이 강해서 워터프루프 아이라이너을 자주 덧발라야 했어요.
mountainhiker99,오세아니아,바누아투,열대기후,연수,★★★★★,여성,58,바리스타,복합성,36°C (체감),89%,"워터프루프 선크림, 피지 컨트롤 파우더, 픽싱 미스트",매트한 베이스로 유분과 땀을 컨트롤하며 색조는 최소화하는 것이 좋습니다.,자외선 노출 후에는 진정 스프레이와 수분 시트마스크로 피부를 달래주는 것이 좋습니다.,고온다습한 날씨 탓에 피부 트러블이 갑자기 올라와서 당황했어요.
islandhopper_official,오세아니아,바누아투,열대기후,연수,★★★★☆,남성,25,프로그래머,복합성,31°C (체감),76%,"매트 선크림, 블로팅 페이퍼, 쿨링 토너",촉촉한 쿠션으로 습기에도 밀리지 않게 가볍게 표현하는 것을 추천합니다.,실내외 온습도 차이가 크므로 미스트로 수시로 수분을 보충해 주세요.,에어컨 실내와 습한 실외를 오가다 보니 피부 컨디션이 계속 오락가락했어요.
weekendtrip_mode,오세아니아,바누아투,열대기후,연수,★★★☆☆,여성,32,프리랜서,복합성,33°C (체감),79%,"저자극 선크림, 진정 스프레이, 수분 시트마스크",색조보다는 톤업 선크림 위주로 산뜻하게 마무리하는 것을 권장합니다.,피지 분비가 많아지는 시기이므로 클레이 마스크로 주 1~2회 관리해 주는 것을 추천합니다.,습도가 정말 높아서 화장이 금방 무너졌어요. 저자극 선크림 없이는 하루도 버티기 힘들었어요.
jihoon_vibe,아시아,예멘,건조기후,경수,★★★★★,여성,36,사진작가,복합성,39°C (체감),27%,"고보습 선크림, 미스트, 영양 크림",메이크업은 최소화하고 톤업 선크림으로 자연스럽게 마무리하는 것을 권장합니다.,자외선 노출 후 진정 젤로 쿨다운하고 세럼으로 수분을 채워주는 것을 추천합니다.,햇빛이 강렬해서 선크림을 2~3시간마다 덧발라야 했어요.
somin_love,아시아,예멘,건조기후,경수,★★★☆☆,남성,43,엔지니어,민감성,41°C (체감),30%,"저자극 선크림, 진정 젤, 수분 세럼",가벼운 수분 쿠션으로 건조함을 커버하며 자연스러운 룩을 연출하세요.,낮은 습도로 인한 수분 손실을 막기 위해 고보습 크림을 겹겹이 발라주세요.,사막성 기후라 그런지 평소보다 피부가 훨씬 건조해지는 걸 느꼈어요.
clearskin88,아시아,예멘,건조기후,경수,★★★★★,여성,50,약사,건성,29°C (체감),33%,"수분 로션, 선크림, 핸드크림",고보습 베이스 제품으로 들뜸 없이 매끈한 피부 표현이 가능합니다.,입술과 손이 트기 쉬우므로 립밤과 핸드크림을 항상 휴대하는 것이 좋습니다.,낮은 습도 때문에 피부가 계속 당기고 화장이 들떴어요. 수분 로션이 필수였습니다.
skinfirst_note,아시아,예멘,건조기후,경수,★★★☆☆,남성,57,트레이너,지성,31°C (체감),16%,"고SPF 선크림, 쿨링 미스트, 립밤",립 제품은 보습 밤 타입을 선택해 건조함으로 인한 각질을 예방하세요.,건조한 기후이므로 미스트를 수시로 뿌려 수분을 보충하는 것이 중요합니다.,일교차가 커서 낮에는 덥고 밤에는 쌀쌀해 피부가 예민해졌어요.
travelbug_love,아시아,예멘,건조기후,경수,★★★★★,여성,24,건축가,복합성,33°C (체감),19%,"수분 크림, 선쿠션, 진정 스프레이",촉촉한 베이스에 크림 타입 블러셔로 생기를 더하는 메이크업을 추천합니다.,강한 햇빛 대비 SPF 높은 제품을 사용하고 쿨링 미스트로 열감을 진정시켜 주세요.,건조한 바람 때문에 입술과 볼이 자주 텄어요. 수분 크림 없이는 힘들었을 것 같아요.
dohyun_life,아시아,예멘,건조기후,경수,★★★★★,남성,31,일러스트레이터,민감성,35°C (체감),22%,"고보습 선크림, 미스트, 영양 크림",메이크업은 최소화하고 톤업 선크림으로 자연스럽게 마무리하는 것을 권장합니다.,자외선 노출 후 진정 젤로 쿨다운하고 세럼으로 수분을 채워주는 것을 추천합니다.,햇빛이 강렬해서 선크림을 2~3시간마다 덧발라야 했어요.
sunny88,아시아,예멘,건조기후,경수,★★★★★,여성,38,회사원,건성,37°C (체감),25%,"저자극 선크림, 진정 젤, 수분 세럼",가벼운 수분 쿠션으로 건조함을 커버하며 자연스러운 룩을 연출하세요.,낮은 습도로 인한 수분 손실을 막기 위해 고보습 크림을 겹겹이 발라주세요.,사막성 기후라 그런지 평소보다 피부가 훨씬 건조해지는 걸 느꼈어요.
haru_story,아시아,예멘,건조기후,경수,★★★★☆,남성,45,교사,지성,39°C (체감),28%,"수분 로션, 선크림, 핸드크림",고보습 베이스 제품으로 들뜸 없이 매끈한 피부 표현이 가능합니다.,입술과 손이 트기 쉬우므로 립밤과 핸드크림을 항상 휴대하는 것이 좋습니다.,낮은 습도 때문에 피부가 계속 당기고 화장이 들떴어요. 수분 로션이 필수였습니다.
olivia_world,아시아,예멘,건조기후,경수,★★★★★,여성,52,요리사,복합성,41°C (체감),31%,"고SPF 선크림, 쿨링 미스트, 립밤",립 제품은 보습 밤 타입을 선택해 건조함으로 인한 각질을 예방하세요.,건조한 기후이므로 미스트를 수시로 뿌려 수분을 보충하는 것이 중요합니다.,일교차가 커서 낮에는 덥고 밤에는 쌀쌀해 피부가 예민해졌어요.
jetsetter_zone,아시아,예멘,건조기후,경수,★★★☆☆,남성,59,자영업,민감성,29°C (체감),34%,"수분 크림, 선쿠션, 진정 스프레이",촉촉한 베이스에 크림 타입 블러셔로 생기를 더하는 메이크업을 추천합니다.,강한 햇빛 대비 SPF 높은 제품을 사용하고 쿨링 미스트로 열감을 진정시켜 주세요.,건조한 바람 때문에 입술과 볼이 자주 텄어요. 수분 크림 없이는 힘들었을 것 같아요.
sora_diary,아프리카,잠비아,열대기후,연수,★★★★☆,남성,45,트레이너,민감성,36°C (체감),80%,"워터프루프 아이라이너, 피지 흡수 패드, 쿨링 젤",얇은 베이스에 워터프루프 제품 위주로 메이크업하고 픽싱 스프레이로 마무리하는 것을 추천합니다.,외출 중 블로팅 페이퍼로 피지를 자주 관리하고 쿨링 토너로 진정시켜 주세요.,야외 일정이 많았는데 자외선이 강해서 워터프루프 아이라이너을 자주 덧발라야 했어요.
quinn_zone,아프리카,잠비아,열대기후,연수,★★☆☆☆,여성,52,건축가,민감성,31°C (체감),83%,"워터프루프 선크림, 피지 컨트롤 파우더, 픽싱 미스트",매트한 베이스로 유분과 땀을 컨트롤하며 색조는 최소화하는 것이 좋습니다.,자외선 노출 후에는 진정 스프레이와 수분 시트마스크로 피부를 달래주는 것이 좋습니다.,고온다습한 날씨 탓에 피부 트러블이 갑자기 올라와서 당황했어요.
desertrose_92,아프리카,잠비아,열대기후,연수,★★★★☆,남성,59,일러스트레이터,민감성,33°C (체감),86%,"매트 선크림, 블로팅 페이퍼, 쿨링 토너",촉촉한 쿠션으로 습기에도 밀리지 않게 가볍게 표현하는 것을 추천합니다.,실내외 온습도 차이가 크므로 미스트로 수시로 수분을 보충해 주세요.,에어컨 실내와 습한 실외를 오가다 보니 피부 컨디션이 계속 오락가락했어요.
glowygirl_world,아프리카,잠비아,열대기후,연수,★★★☆☆,여성,26,회사원,민감성,35°C (체감),89%,"저자극 선크림, 진정 스프레이, 수분 시트마스크",색조보다는 톤업 선크림 위주로 산뜻하게 마무리하는 것을 권장합니다.,피지 분비가 많아지는 시기이므로 클레이 마스크로 주 1~2회 관리해 주는 것을 추천합니다.,습도가 정말 높아서 화장이 금방 무너졌어요. 저자극 선크림 없이는 하루도 버티기 힘들었어요.
paul_official,아프리카,잠비아,열대기후,연수,★★★☆☆,남성,33,교사,민감성,30°C (체감),76%,"가벼운 수분 선크림, 쿠션, 미스트",워터프루프 아이라이너와 마스카라로 땀과 습기에 대비하는 것이 좋습니다.,저녁에 이중세안을 꼭 하고 산뜻한 젤 타입 제품으로 유수분 밸런스를 유지하세요.,생각보다 더 더워서 땀 때문에 끈적임이 심했는데 가벼운 수분 선크림이 정말 큰 도움이 됐습니다.
funtraveler_zone,아프리카,잠비아,열대기후,연수,★★★★☆,여성,40,요리사,민감성,32°C (체감),79%,"워터프루프 아이라이너, 피지 흡수 패드, 쿨링 젤",얇은 베이스에 워터프루프 제품 위주로 메이크업하고 픽싱 스프레이로 마무리하는 것을 추천합니다.,외출 중 블로팅 페이퍼로 피지를 자주 관리하고 쿨링 토너로 진정시켜 주세요.,야외 일정이 많았는데 자외선이 강해서 워터프루프 아이라이너을 자주 덧발라야 했어요.
backpacklife_k,아프리카,잠비아,열대기후,연수,★★★☆☆,남성,47,자영업,민감성,34°C (체감),82%,"워터프루프 선크림, 피지 컨트롤 파우더, 픽싱 미스트",매트한 베이스로 유분과 땀을 컨트롤하며 색조는 최소화하는 것이 좋습니다.,자외선 노출 후에는 진정 스프레이와 수분 시트마스크로 피부를 달래주는 것이 좋습니다.,고온다습한 날씨 탓에 피부 트러블이 갑자기 올라와서 당황했어요.
calmnface_vibe,아프리카,잠비아,열대기후,연수,★★★★☆,여성,54,여행가이드,민감성,36°C (체감),85%,"매트 선크림, 블로팅 페이퍼, 쿨링 토너",촉촉한 쿠션으로 습기에도 밀리지 않게 가볍게 표현하는 것을 추천합니다.,실내외 온습도 차이가 크므로 미스트로 수시로 수분을 보충해 주세요.,에어컨 실내와 습한 실외를 오가다 보니 피부 컨디션이 계속 오락가락했어요.
haeri_log,아프리카,잠비아,열대기후,연수,★★★★☆,남성,21,작가,민감성,31°C (체감),88%,"저자극 선크림, 진정 스프레이, 수분 시트마스크",색조보다는 톤업 선크림 위주로 산뜻하게 마무리하는 것을 권장합니다.,피지 분비가 많아지는 시기이므로 클레이 마스크로 주 1~2회 관리해 주는 것을 추천합니다.,습도가 정말 높아서 화장이 금방 무너졌어요. 저자극 선크림 없이는 하루도 버티기 힘들었어요.
dahye_official,아프리카,잠비아,열대기후,연수,★★★★☆,여성,28,연구원,민감성,33°C (체감),75%,"가벼운 수분 선크림, 쿠션, 미스트",워터프루프 아이라이너와 마스카라로 땀과 습기에 대비하는 것이 좋습니다.,저녁에 이중세안을 꼭 하고 산뜻한 젤 타입 제품으로 유수분 밸런스를 유지하세요.,생각보다 더 더워서 땀 때문에 끈적임이 심했는데 가벼운 수분 선크림이 정말 큰 도움이 됐습니다.
skinfirst_love,아프리카,짐바브웨,열대기후,연수,★★★★★,여성,56,회계사,건성,36°C (체감),83%,"워터프루프 선크림, 피지 컨트롤 파우더, 픽싱 미스트",매트한 베이스로 유분과 땀을 컨트롤하며 색조는 최소화하는 것이 좋습니다.,자외선 노출 후에는 진정 스프레이와 수분 시트마스크로 피부를 달래주는 것이 좋습니다.,고온다습한 날씨 탓에 피부 트러블이 갑자기 올라와서 당황했어요.
skincarelover_world,아프리카,짐바브웨,열대기후,연수,★★★★☆,남성,23,수의사,지성,31°C (체감),86%,"매트 선크림, 블로팅 페이퍼, 쿨링 토너",촉촉한 쿠션으로 습기에도 밀리지 않게 가볍게 표현하는 것을 추천합니다.,실내외 온습도 차이가 크므로 미스트로 수시로 수분을 보충해 주세요.,에어컨 실내와 습한 실외를 오가다 보니 피부 컨디션이 계속 오락가락했어요.
yerim_diary,아프리카,짐바브웨,열대기후,연수,★★★★☆,여성,30,영업직,복합성,33°C (체감),89%,"저자극 선크림, 진정 스프레이, 수분 시트마스크",색조보다는 톤업 선크림 위주로 산뜻하게 마무리하는 것을 권장합니다.,피지 분비가 많아지는 시기이므로 클레이 마스크로 주 1~2회 관리해 주는 것을 추천합니다.,습도가 정말 높아서 화장이 금방 무너졌어요. 저자극 선크림 없이는 하루도 버티기 힘들었어요.
minho_ing,아프리카,짐바브웨,열대기후,연수,★★★★☆,남성,37,대학생,민감성,35°C (체감),76%,"가벼운 수분 선크림, 쿠션, 미스트",워터프루프 아이라이너와 마스카라로 땀과 습기에 대비하는 것이 좋습니다.,저녁에 이중세안을 꼭 하고 산뜻한 젤 타입 제품으로 유수분 밸런스를 유지하세요.,생각보다 더 더워서 땀 때문에 끈적임이 심했는데 가벼운 수분 선크림이 정말 큰 도움이 됐습니다.
hayoung_note,아프리카,짐바브웨,열대기후,연수,★☆☆☆☆,여성,44,간호사,건성,30°C (체감),79%,"워터프루프 아이라이너, 피지 흡수 패드, 쿨링 젤",얇은 베이스에 워터프루프 제품 위주로 메이크업하고 픽싱 스프레이로 마무리하는 것을 추천합니다.,외출 중 블로팅 페이퍼로 피지를 자주 관리하고 쿨링 토너로 진정시켜 주세요.,야외 일정이 많았는데 자외선이 강해서 워터프루프 아이라이너을 자주 덧발라야 했어요.
seojun_mode,아프리카,짐바브웨,열대기후,연수,★★★★★,남성,51,사진작가,지성,32°C (체감),82%,"워터프루프 선크림, 피지 컨트롤 파우더, 픽싱 미스트",매트한 베이스로 유분과 땀을 컨트롤하며 색조는 최소화하는 것이 좋습니다.,자외선 노출 후에는 진정 스프레이와 수분 시트마스크로 피부를 달래주는 것이 좋습니다.,고온다습한 날씨 탓에 피부 트러블이 갑자기 올라와서 당황했어요.
seungmin01,아프리카,짐바브웨,열대기후,연수,★★☆☆☆,여성,58,엔지니어,복합성,34°C (체감),85%,"매트 선크림, 블로팅 페이퍼, 쿨링 토너",촉촉한 쿠션으로 습기에도 밀리지 않게 가볍게 표현하는 것을 추천합니다.,실내외 온습도 차이가 크므로 미스트로 수시로 수분을 보충해 주세요.,에어컨 실내와 습한 실외를 오가다 보니 피부 컨디션이 계속 오락가락했어요.
suji_ing,아프리카,짐바브웨,열대기후,연수,★★★★☆,남성,25,약사,민감성,36°C (체감),88%,"저자극 선크림, 진정 스프레이, 수분 시트마스크",색조보다는 톤업 선크림 위주로 산뜻하게 마무리하는 것을 권장합니다.,피지 분비가 많아지는 시기이므로 클레이 마스크로 주 1~2회 관리해 주는 것을 추천합니다.,습도가 정말 높아서 화장이 금방 무너졌어요. 저자극 선크림 없이는 하루도 버티기 힘들었어요.
hydrated99,아프리카,짐바브웨,열대기후,연수,★★★★★,여성,32,트레이너,건성,31°C (체감),75%,"가벼운 수분 선크림, 쿠션, 미스트",워터프루프 아이라이너와 마스카라로 땀과 습기에 대비하는 것이 좋습니다.,저녁에 이중세안을 꼭 하고 산뜻한 젤 타입 제품으로 유수분 밸런스를 유지하세요.,생각보다 더 더워서 땀 때문에 끈적임이 심했는데 가벼운 수분 선크림이 정말 큰 도움이 됐습니다.
luna_92,아프리카,짐바브웨,열대기후,연수,★★★★☆,남성,39,건축가,지성,33°C (체감),78%,"워터프루프 아이라이너, 피지 흡수 패드, 쿨링 젤",얇은 베이스에 워터프루프 제품 위주로 메이크업하고 픽싱 스프레이로 마무리하는 것을 추천합니다.,외출 중 블로팅 페이퍼로 피지를 자주 관리하고 쿨링 토너로 진정시켜 주세요.,야외 일정이 많았는데 자외선이 강해서 워터프루프 아이라이너을 자주 덧발라야 했어요.
daeun99,유럽,바티칸,온대기후,경수,★★★★★,여성,28,간호사,지성,24°C (체감),49%,"저자극 크림, 진정 토너, 수분 마스크팩",가벼운 산뜻한 로션 타입으로 유분이 적은 제품 위주로 사용하세요.,실내외 온도차가 큰 날에는 수분크림을 자주 덧발라 주는 것이 좋습니다.,일교차가 커서 아침저녁으로 피부 컨디션이 완전히 달랐어요. 저자극 크림이 도움이 됐어요.
wanderlust_k,유럽,바티칸,온대기후,경수,★★★★☆,남성,35,사진작가,지성,26°C (체감),52%,"산뜻한 로션, 선크림, 블로팅 페이퍼",촉촉한 선쿠션과 립틴트로 화사한 인상을 연출할 수 있습니다.,일교차가 크므로 수분 크림으로 아침저녁 보습을 꼼꼼히 챙겨주세요.,날씨는 선선했는데 실내 난방 때문에 오히려 피부가 건조하고 번들거렸어요.
cloudnine_note,유럽,바티칸,온대기후,경수,★★★★☆,여성,42,엔지니어,지성,28°C (체감),55%,"수분 크림, 립틴트, 선쿠션",촉촉한 쿠션과 크림 블러셔로 생기 있는 룩을 연출하는 것을 추천합니다.,환절기 피부 컨디션 변화에 대비해 올인원 로션으로 간편하게 보습을 유지하세요.,사계절이 뚜렷한 곳이라 그런지 여행 기간 내내 온도 변화에 신경 써야 했어요.
suji_vibe,유럽,바티칸,온대기후,경수,★★★☆☆,남성,49,약사,지성,16°C (체감),58%,"수분 크림, 선크림, 립밤",가벼운 톤업로션 정도로 자연스럽게 표현하는 메이크업이 잘 어울립니다.,일교차로 예민해지기 쉬운 피부에는 저자극 진정 라인 사용을 권장합니다.,생각보다 자외선이 강해서 선크림을 안 쓰면 금방 붉어졌어요.
haru_world,유럽,바티칸,온대기후,경수,★★☆☆☆,여성,56,트레이너,지성,18°C (체감),61%,"올인원 로션, 선크림, 미스트",저자극 톤업크림 위주로 하고 색조는 최소화하는 것을 권장합니다.,실내 난방·냉방으로 건조해지기 쉬우니 블로팅 페이퍼와 미스트를 함께 챙기세요.,쾌적한 날씨였지만 건조해서 립밤과 수분크림을 자주 발라야 했어요.
bomi_diary,유럽,바티칸,온대기후,경수,★★★★★,남성,23,건축가,지성,20°C (체감),64%,"저자극 크림, 진정 토너, 수분 마스크팩",가벼운 산뜻한 로션 타입으로 유분이 적은 제품 위주로 사용하세요.,실내외 온도차가 큰 날에는 수분크림을 자주 덧발라 주는 것이 좋습니다.,일교차가 커서 아침저녁으로 피부 컨디션이 완전히 달랐어요. 저자극 크림이 도움이 됐어요.
hyunwoo99,유럽,바티칸,온대기후,경수,★★☆☆☆,여성,30,일러스트레이터,지성,22°C (체감),47%,"산뜻한 로션, 선크림, 블로팅 페이퍼",촉촉한 선쿠션과 립틴트로 화사한 인상을 연출할 수 있습니다.,일교차가 크므로 수분 크림으로 아침저녁 보습을 꼼꼼히 챙겨주세요.,날씨는 선선했는데 실내 난방 때문에 오히려 피부가 건조하고 번들거렸어요.
sunkissed_world,유럽,바티칸,온대기후,경수,★★☆☆☆,남성,37,회사원,지성,24°C (체감),50%,"수분 크림, 립틴트, 선쿠션",촉촉한 쿠션과 크림 블러셔로 생기 있는 룩을 연출하는 것을 추천합니다.,환절기 피부 컨디션 변화에 대비해 올인원 로션으로 간편하게 보습을 유지하세요.,사계절이 뚜렷한 곳이라 그런지 여행 기간 내내 온도 변화에 신경 써야 했어요.
yerim_love,유럽,바티칸,온대기후,경수,★★★★★,여성,44,교사,지성,26°C (체감),53%,"수분 크림, 선크림, 립밤",가벼운 톤업로션 정도로 자연스럽게 표현하는 메이크업이 잘 어울립니다.,일교차로 예민해지기 쉬운 피부에는 저자극 진정 라인 사용을 권장합니다.,생각보다 자외선이 강해서 선크림을 안 쓰면 금방 붉어졌어요.
tintedlips_daily,유럽,바티칸,온대기후,경수,★★★★★,남성,51,요리사,지성,28°C (체감),56%,"올인원 로션, 선크림, 미스트",저자극 톤업크림 위주로 하고 색조는 최소화하는 것을 권장합니다.,실내 난방·냉방으로 건조해지기 쉬우니 블로팅 페이퍼와 미스트를 함께 챙기세요.,쾌적한 날씨였지만 건조해서 립밤과 수분크림을 자주 발라야 했어요.
jieun88,아시아,팔레스타인,건조기후,경수,★★★★☆,여성,42,승무원,건성,37°C (체감),33%,"저자극 선크림, 진정 젤, 수분 세럼",가벼운 수분 쿠션으로 건조함을 커버하며 자연스러운 룩을 연출하세요.,낮은 습도로 인한 수분 손실을 막기 위해 고보습 크림을 겹겹이 발라주세요.,사막성 기후라 그런지 평소보다 피부가 훨씬 건조해지는 걸 느꼈어요.
jiyoung_k,아시아,팔레스타인,건조기후,경수,★★★★★,남성,49,마케터,건성,39°C (체감),16%,"수분 로션, 선크림, 핸드크림",고보습 베이스 제품으로 들뜸 없이 매끈한 피부 표현이 가능합니다.,입술과 손이 트기 쉬우므로 립밤과 핸드크림을 항상 휴대하는 것이 좋습니다.,낮은 습도 때문에 피부가 계속 당기고 화장이 들떴어요. 수분 로션이 필수였습니다.
glowygirl_official,아시아,팔레스타인,건조기후,경수,★★★★★,여성,56,공무원,건성,41°C (체감),19%,"고SPF 선크림, 쿨링 미스트, 립밤",립 제품은 보습 밤 타입을 선택해 건조함으로 인한 각질을 예방하세요.,건조한 기후이므로 미스트를 수시로 뿌려 수분을 보충하는 것이 중요합니다.,일교차가 커서 낮에는 덥고 밤에는 쌀쌀해 피부가 예민해졌어요.
skincarelover_mode,아시아,팔레스타인,건조기후,경수,★★★★☆,남성,23,회계사,건성,29°C (체감),22%,"수분 크림, 선쿠션, 진정 스프레이",촉촉한 베이스에 크림 타입 블러셔로 생기를 더하는 메이크업을 추천합니다.,강한 햇빛 대비 SPF 높은 제품을 사용하고 쿨링 미스트로 열감을 진정시켜 주세요.,건조한 바람 때문에 입술과 볼이 자주 텄어요. 수분 크림 없이는 힘들었을 것 같아요.
quinn07,아시아,팔레스타인,건조기후,경수,★★★★★,여성,30,수의사,건성,31°C (체감),25%,"고보습 선크림, 미스트, 영양 크림",메이크업은 최소화하고 톤업 선크림으로 자연스럽게 마무리하는 것을 권장합니다.,자외선 노출 후 진정 젤로 쿨다운하고 세럼으로 수분을 채워주는 것을 추천합니다.,햇빛이 강렬해서 선크림을 2~3시간마다 덧발라야 했어요.
jiyeon_world,아시아,팔레스타인,건조기후,경수,★★★★☆,남성,37,영업직,건성,33°C (체감),28%,"저자극 선크림, 진정 젤, 수분 세럼",가벼운 수분 쿠션으로 건조함을 커버하며 자연스러운 룩을 연출하세요.,낮은 습도로 인한 수분 손실을 막기 위해 고보습 크림을 겹겹이 발라주세요.,사막성 기후라 그런지 평소보다 피부가 훨씬 건조해지는 걸 느꼈어요.
wanderlust_note,아시아,팔레스타인,건조기후,경수,★★★★★,여성,44,대학생,건성,35°C (체감),31%,"수분 로션, 선크림, 핸드크림",고보습 베이스 제품으로 들뜸 없이 매끈한 피부 표현이 가능합니다.,입술과 손이 트기 쉬우므로 립밤과 핸드크림을 항상 휴대하는 것이 좋습니다.,낮은 습도 때문에 피부가 계속 당기고 화장이 들떴어요. 수분 로션이 필수였습니다.
mia99,아시아,팔레스타인,건조기후,경수,★★★☆☆,남성,51,간호사,건성,37°C (체감),34%,"고SPF 선크림, 쿨링 미스트, 립밤",립 제품은 보습 밤 타입을 선택해 건조함으로 인한 각질을 예방하세요.,건조한 기후이므로 미스트를 수시로 뿌려 수분을 보충하는 것이 중요합니다.,일교차가 커서 낮에는 덥고 밤에는 쌀쌀해 피부가 예민해졌어요.
chorong_zone,아시아,팔레스타인,건조기후,경수,★★★★☆,여성,58,사진작가,건성,39°C (체감),17%,"수분 크림, 선쿠션, 진정 스프레이",촉촉한 베이스에 크림 타입 블러셔로 생기를 더하는 메이크업을 추천합니다.,강한 햇빛 대비 SPF 높은 제품을 사용하고 쿨링 미스트로 열감을 진정시켜 주세요.,건조한 바람 때문에 입술과 볼이 자주 텄어요. 수분 크림 없이는 힘들었을 것 같아요.
makeupfan_note,아시아,팔레스타인,건조기후,경수,★★★★★,남성,25,엔지니어,건성,41°C (체감),20%,"고보습 선크림, 미스트, 영양 크림",메이크업은 최소화하고 톤업 선크림으로 자연스럽게 마무리하는 것을 권장합니다.,자외선 노출 후 진정 젤로 쿨다운하고 세럼으로 수분을 채워주는 것을 추천합니다.,햇빛이 강렬해서 선크림을 2~3시간마다 덧발라야 했어요.
